# vtk DataFile Version 4.2
Higgs Field Simulation - phi
ASCII

DATASET STRUCTURED_POINTS
DIMENSIONS 32 32 32
ORIGIN 0 0 0
SPACING 3.125 3.125 3.125

POINT_DATA 32768

SCALARS phi double 1
LOOKUP_TABLE default
246.2199999876934 246.2199999876934 246.2199999876934 246.21999998769343 246.21999998769346 246.2199999876936 246.21999998769394 246.21999998769473 246.21999998769644 246.21999998769974 246.21999998770536 246.2199999877139 246.2199999877252 246.21999998773813 246.21999998775053 246.21999998775954 246.21999998776283 246.21999998775954 246.21999998775053 246.21999998773813 246.2199999877252 246.2199999877139 246.21999998770536 246.21999998769974 246.21999998769644 246.21999998769473 246.21999998769394 246.2199999876936 246.21999998769346 246.21999998769343 246.2199999876934 246.2199999876934 246.2199999877076 246.2199999877076 246.21999998770764 246.2199999877077 246.2199999877079 246.21999998770846 246.21999998771 246.21999998771366 246.21999998772148 246.21999998773646 246.219999987762 246.2199999878007 246.21999998785205 246.2199999879109 246.21999998796713 246.21999998800806 246.2199999880231 246.21999998800806 246.21999998796713 246.2199999879109 246.21999998785205 246.2199999878007 246.219999987762 246.21999998773646 246.21999998772148 246.21999998771366 246.21999998771 246.21999998770846 246.2199999877079 246.2199999877077 246.21999998770764 246.2199999877076 246.21999998777866 246.2199999877787 246.21999998777875 246.219999987779 246.2199999877798 246.2199999877822 246.21999998778853 246.21999998780356 246.2199999878358 246.21999998789747 246.21999998800283 246.21999998816221 246.21999998837387 246.2199999886164 246.21999998884803 246.21999998901674 246.2199999890787 246.21999998901674 246.21999998884803 246.2199999886164 246.21999998837387 246.21999998816221 246.21999998800283 246.21999998789747 246.2199999878358 246.21999998780356 246.21999998778853 246.2199999877822 246.2199999877798 246.219999987779 246.21999998777875 246.2199999877787 246.2199999879066 246.21999998790665 246.2199999879069 246.21999998790784 246.21999998791085 246.21999998791975 246.21999998794337 246.21999998799964 246.21999998812004 246.2199999883506 246.2199999887443 246.21999998933995 246.219999990131 246.21999999103738 246.21999999190314 246.21999999253362 246.21999999276517 246.21999999253362 246.21999999190314 246.21999999103738 246.219999990131 246.21999998933995 246.2199999887443 246.2199999883506 246.21999998812004 246.21999998799964 246.21999998794337 246.21999998791975 246.21999998791085 246.21999998790784 246.2199999879069 246.21999998790665 246.21999998806294 246.21999998806317 246.21999998806402 246.21999998806717 246.21999998807743 246.21999998810762 246.21999998818765 246.21999998837836 246.21999998878647 246.219999989568 246.2199999909024 246.2199999929215 246.21999999560273 246.21999999867504 246.22000000160955 246.22000000374663 246.22000000453144 246.22000000374663 246.22000000160955 246.21999999867504 246.21999999560273 246.2199999929215 246.2199999909024 246.219999989568 246.21999998878647 246.21999998837836 246.21999998818765 246.21999998810762 246.21999998807743 246.21999998806717 246.21999998806402 246.21999998806317 246.21999998827624 246.2199999882769 246.21999998827957 246.21999998828923 246.21999998832078 246.2199999884136 246.2199999886596 246.21999998924593 246.21999999050047 246.2199999929031 246.21999999700537 246.2200000032124 246.22000001145514 246.22000002090002 246.22000002992132 246.22000003649114 246.22000003890383 246.22000003649114 246.22000002992132 246.22000002090002 246.22000001145514 246.2200000032124 246.21999999700537 246.2199999929031 246.21999999050047 246.21999998924593 246.2199999886596 246.2199999884136 246.21999998832078 246.21999998828923 246.21999998827957 246.2199999882769 246.21999998853238 246.21999998853423 246.2199999885417 246.21999998856865 246.2199999886566 246.2199999889154 246.2199999896012 246.21999999123605 246.21999999473397 246.22000000143294 246.2200000128708 246.22000003017712 246.22000005315942 246.2200000794935 246.22000010464657 246.22000012296445 246.22000012969144 246.22000012296445 246.22000010464657 246.2200000794935 246.22000005315942 246.22000003017712 246.2200000128708 246.22000000143294 246.21999999473397 246.21999999123605 246.2199999896012 246.2199999889154 246.2199999886566 246.21999998856865 246.2199999885417 246.21999998853423 246.2199999888174 246.2199999888221 246.21999998884095 246.21999998890914 246.21999998913154 246.21999998978595 246.21999999152027 246.2199999956544 246.2200000044998 246.22000002144003 246.2200000503638 246.22000009412756 246.22000015224455 246.2200002188375 246.2200002824439 246.2200003287657 246.22000034577673 246.2200003287657 246.2200002824439 246.2200002188375 246.22000015224455 246.22000009412756 246.2200000503638 246.22000002144003 246.2200000044998 246.2199999956544 246.21999999152027 246.21999998978595 246.21999998913154 246.21999998890914 246.21999998884095 246.2199999888221 246.21999998913174 246.21999998914256 246.21999998918582 246.21999998934217 246.21999998985228 246.21999999135312 246.21999999533082 246.22000000481245 246.22000002509935 246.22000006395172 246.2200001302883 246.22000023066036 246.22000036395164 246.22000051668238 246.22000066256354 246.2200007688025 246.22000080781726 246.2200007688025 246.22000066256354 246.22000051668238 246.22000036395164 246.22000023066036 246.2200001302883 246.22000006395172 246.22000002509935 246.22000000481245 246.21999999533082 246.21999999135312 246.21999998985228 246.21999998934217 246.21999998918582 246.21999998914256 246.2199999894903 246.21999998951281 246.21999998960277 246.219999989928 246.2199999909891 246.21999999411102 246.22000000238506 246.22000002210794 246.220000064307 246.22000014512426 246.2200002831118 246.22000049189697 246.22000076915776 246.22000108685486 246.22000139030405 246.22000161129301 246.2200016924481 246.22000161129301 246.22000139030405 246.22000108685486 246.22000076915776 246.22000049189697 246.2200002831118 246.22000014512426 246.220000064307 246.22000002210794 246.22000000238506 246.21999999411102 246.2199999909891 246.219999989928 246.21999998960277 246.21999998951281 246.21999998987962 246.21999998992206 246.21999999009182 246.2199999907054 246.2199999927072 246.219999998597 246.22000001420662 246.2200000514154 246.22000013102726 246.2200002834955 246.22000054382005 246.22000093770995 246.2200014607846 246.22000206014556 246.22000263262672 246.22000304954005 246.22000320264561 246.22000304954005 246.22000263262672 246.22000206014556 246.2200014607846 246.22000093770995 246.22000054382005 246.2200002834955 246.22000013102726 246.2200000514154 246.22000001420662 246.219999998597 246.2199999927072 246.2199999907054 246.21999999009182 246.21999998992206 246.21999999030027 246.21999999037286 246.21999999066333 246.21999999171317 246.21999999513838 246.22000000521612 246.22000003192505 246.22000009559127 246.22000023181144 246.22000049269278 246.22000093812207 246.22000161208882 246.22000250709763 246.2200035326364 246.2200045121824 246.2200052255435 246.22000548751535 246.2200052255435 246.2200045121824 246.2200035326364 246.22000250709763 246.22000161208882 246.22000093812207 246.22000049269278 246.22000023181144 246.22000009559127 246.22000003192505 246.22000000521612 246.21999999513838 246.21999999171317 246.21999999066333 246.21999999037286 246.2199999907379 246.21999999085054 246.2199999913013 246.21999999293052 246.21999999824595 246.2200000138852 246.22000005533368 246.2200001541346 246.22000036552905 246.2200007703799 246.22000146162304 246.22000250752396 246.2200038964508 246.22000548794168 246.22000700805833 246.22000811509363 246.22000852163686 246.22000811509363 246.22000700805833 246.22000548794168 246.2200038964508 246.22000250752396 246.22000146162304 246.2200007703799 246.22000036552905 246.2200001541346 246.22000005533368 246.2200000138852 246.21999999824595 246.21999999293052 246.2199999913013 246.21999999085054 246.21999999119137 246.21999999134994 246.21999999198437 246.21999999427746 246.2200000017588 246.2200000237706 246.2200000821083 246.22000022116808 246.22000051870032 246.22000108851753 246.22000206142454 246.22000353350327 246.2200054883822 246.22000772836486 246.22000986789007 246.2200114260139 246.22001199821307 246.2200114260139 246.22000986789007 246.22000772836486 246.2200054883822 246.22000353350327 246.22000206142454 246.22000108851753 246.22000051870032 246.22000022116808 246.2200000821083 246.2200000237706 246.2200000017588 246.21999999427746 246.21999999198437 246.21999999134994 246.2199999916585 246.2199999918609 246.21999999267075 246.21999999559796 246.22000000514805 246.22000003324666 246.22000010771612 246.22000028522922 246.22000066503622 246.22000139242147 246.22000263436044 246.22000451350402 246.22000700895362 246.22000986834482 246.22001259949974 246.22001458848194 246.2200153189078 246.22001458848194 246.22001259949974 246.22000986834482 246.22000700895362 246.22000451350402 246.22000263436044 246.22000139242147 246.22000066503622 246.22000028522922 246.22000010771612 246.22000003324666 246.22000000514805 246.21999999559796 246.21999999267075 246.2199999918609 246.21999999213648 246.2199999923708 246.21999999330842 246.2199999966974 246.2200000077541 246.22000004028544 246.22000012650295 246.22000033202 246.22000077174414 246.2200016138794 246.22000305174274 246.22000522733407 246.22000811645788 246.22001142693762 246.2200145889509 246.22001689170867 246.2200177373642 246.22001689170867 246.2200145889509 246.22001142693762 246.22000811645788 246.22000522733407 246.22000305174274 246.2200016138794 246.22000077174414 246.22000033202 246.22000012650295 246.22000004028544 246.2200000077541 246.2199999966974 246.21999999330842 246.2199999923708 246.21999999260873 246.21999999285478 246.21999999383934 246.2199999973979 246.22000000900786 246.2200000431671 246.2200001336989 246.22000034949997 246.22000081122786 246.22000169550344 246.22000320531725 246.22000548977488 246.22000852347006 246.22001199960573 246.22001531984571 246.22001773783316 246.22001862580515 246.22001773783316 246.22001531984571 246.22001199960573 246.22000852347006 246.22000548977488 246.22000320531725 246.22000169550344 246.22000081122786 246.22000034949997 246.2200001336989 246.2200000431671 246.22000000900786 246.2199999973979 246.21999999383934 246.21999999285478 246.21999999306018 246.2199999932945 246.21999999423213 246.2199999976211 246.2200000086778 246.22000004120915 246.22000012742666 246.2200003329437 246.22000077266785 246.2200016148031 246.22000305266644 246.22000522825778 246.22000811738158 246.22001142786132 246.2200145898746 246.22001689263237 246.2200177382879 246.22001689263237 246.2200145898746 246.22001142786132 246.22000811738158 246.22000522825778 246.22000305266644 246.2200016148031 246.22000077266785 246.2200003329437 246.22000012742666 246.22000004120915 246.2200000086778 246.2199999976211 246.21999999423213 246.2199999932945 246.21999999352013 246.21999999372252 246.21999999453237 246.21999999745958 246.22000000700967 246.22000003510828 246.22000010957774 246.22000028709084 246.22000066689785 246.2200013942831 246.22000263622206 246.22000451536564 246.22000701081524 246.22000987020644 246.22001260136136 246.22001459034357 246.22001532076942 246.22001459034357 246.22001260136136 246.22000987020644 246.22000701081524 246.22000451536564 246.22000263622206 246.2200013942831 246.22000066689785 246.22000028709084 246.22000010957774 246.22000003510828 246.22000000700967 246.21999999745958 246.21999999453237 246.21999999372252 246.2199999939625 246.21999999412105 246.21999999475548 246.21999999704857 246.2200000045299 246.22000002654173 246.22000008487942 246.2200002239392 246.22000052147143 246.22000109128865 246.22000206419565 246.2200035362744 246.22000549115333 246.22000773113598 246.2200098706612 246.22001142878503 246.22001200098418 246.22001142878503 246.2200098706612 246.22000773113598 246.22000549115333 246.2200035362744 246.22000206419565 246.22000109128865 246.22000052147143 246.2200002239392 246.22000008487942 246.22000002654173 246.2200000045299 246.21999999704857 246.21999999475548 246.21999999412105 246.2199999943901 246.21999999450273 246.2199999949535 246.21999999658271 246.22000000189814 246.2200000175374 246.22000005898587 246.22000015778679 246.22000036918124 246.2200007740321 246.22000146527523 246.22000251117615 246.220003900103 246.22000549159387 246.22000701171052 246.22000811874582 246.22000852528905 246.22000811874582 246.22000701171052 246.22000549159387 246.220003900103 246.22000251117615 246.22000146527523 246.2200007740321 246.22000036918124 246.22000015778679 246.22000005898587 246.2200000175374 246.22000000189814 246.21999999658271 246.2199999949535 246.21999999450273 246.21999999481932 246.2199999948919 246.21999999518238 246.21999999623222 246.21999999965743 246.22000000973517 246.2200000364441 246.22000010011033 246.2200002363305 246.22000049721183 246.22000094264112 246.22000161660787 246.22000251161668 246.22000353715546 246.22000451670147 246.22000523006255 246.2200054920344 246.22000523006255 246.22000451670147 246.22000353715546 246.22000251161668 246.22000161660787 246.22000094264112 246.22000049721183 246.2200002363305 246.22000010011033 246.2200000364441 246.22000000973517 246.21999999965743 246.21999999623222 246.21999999518238 246.2199999948919 246.2199999952229 246.21999999526534 246.2199999954351 246.21999999604867 246.21999999805047 246.22000000394027 246.2200000195499 246.2200000567587 246.22000013637054 246.22000028883878 246.22000054916333 246.22000094305324 246.22000146612788 246.22000206548884 246.22000263797 246.22000305488334 246.2200032079889 246.22000305488334 246.22000263797 246.22000206548884 246.22000146612788 246.22000094305324 246.22000054916333 246.22000028883878 246.22000013637054 246.2200000567587 246.2200000195499 246.22000000394027 246.21999999805047 246.21999999604867 246.2199999954351 246.21999999526534 246.2199999956294 246.2199999956519 246.21999999574186 246.2199999960671 246.21999999712818 246.2200000002501 246.22000000852415 246.22000002824703 246.22000007044608 246.22000015126335 246.2200002892509 246.22000049803606 246.22000077529685 246.22000109299395 246.22000139644314 246.2200016174321 246.2200016985872 246.2200016174321 246.22000139644314 246.22000109299395 246.22000077529685 246.22000049803606 246.2200002892509 246.22000015126335 246.22000007044608 246.22000002824703 246.22000000852415 246.2200000002501 246.21999999712818 246.2199999960671 246.21999999574186 246.2199999956519 246.2199999960098 246.21999999602062 246.21999999606388 246.21999999622022 246.21999999673034 246.21999999823117 246.22000000220888 246.2200000116905 246.2200000319774 246.22000007082977 246.22000013716635 246.22000023753841 246.2200003708297 246.22000052356043 246.2200006694416 246.22000077568055 246.2200008146953 246.22000077568055 246.2200006694416 246.22000052356043 246.2200003708297 246.22000023753841 246.22000013716635 246.22000007082977 246.2200000319774 246.2200000116905 246.22000000220888 246.21999999823117 246.21999999673034 246.21999999622022 246.21999999606388 246.21999999602062 246.21999999636336 246.21999999636807 246.21999999638692 246.2199999964551 246.2199999966775 246.2199999973319 246.21999999906623 246.22000000320037 246.22000001204577 246.220000028986 246.22000005790977 246.22000010167352 246.22000015979052 246.22000022638346 246.22000028998985 246.22000033631167 246.2200003533227 246.22000033631167 246.22000028998985 246.22000022638346 246.22000015979052 246.22000010167352 246.22000005790977 246.220000028986 246.22000001204577 246.22000000320037 246.21999999906623 246.2199999973319 246.2199999966775 246.2199999964551 246.21999999638692 246.21999999636807 246.21999999671783 246.21999999671968 246.21999999672715 246.2199999967541 246.21999999684206 246.21999999710084 246.21999999778666 246.2199999994215 246.22000000291942 246.2200000096184 246.22000002105625 246.22000003836257 246.22000006134488 246.22000008767895 246.22000011283203 246.2200001311499 246.2200001378769 246.2200001311499 246.22000011283203 246.22000008767895 246.22000006134488 246.22000003836257 246.22000002105625 246.2200000096184 246.22000000291942 246.2199999994215 246.21999999778666 246.21999999710084 246.21999999684206 246.2199999967541 246.21999999672715 246.21999999671968 246.21999999703013 246.21999999703078 246.21999999703345 246.21999999704312 246.21999999707467 246.2199999971675 246.21999999741348 246.21999999799982 246.21999999925436 246.22000000165698 246.22000000575926 246.22000001196628 246.22000002020903 246.2200000296539 246.2200000386752 246.22000004524503 246.22000004765772 246.22000004524503 246.2200000386752 246.2200000296539 246.22000002020903 246.22000001196628 246.22000000575926 246.22000000165698 246.21999999925436 246.21999999799982 246.21999999741348 246.2199999971675 246.21999999707467 246.21999999704312 246.21999999703345 246.21999999703078 246.21999999734263 246.21999999734285 246.2199999973437 246.21999999734686 246.21999999735712 246.2199999973873 246.21999999746734 246.21999999765805 246.21999999806616 246.2199999988477 246.2200000001821 246.22000000220117 246.22000000488242 246.22000000795472 246.22000001088924 246.22000001302632 246.22000001381113 246.22000001302632 246.22000001088924 246.22000000795472 246.22000000488242 246.22000000220117 246.2200000001821 246.2199999988477 246.21999999806616 246.21999999765805 246.21999999746734 246.2199999973873 246.21999999735712 246.21999999734686 246.2199999973437 246.21999999734285 246.2199999976126 246.21999999761266 246.21999999761292 246.21999999761385 246.21999999761687 246.21999999762576 246.21999999764938 246.21999999770566 246.21999999782605 246.2199999980566 246.2199999984503 246.21999999904597 246.219999999837 246.2200000007434 246.22000000160915 246.22000000223963 246.22000000247118 246.22000000223963 246.22000000160915 246.2200000007434 246.219999999837 246.21999999904597 246.2199999984503 246.2199999980566 246.21999999782605 246.21999999770566 246.21999999764938 246.21999999762576 246.21999999761687 246.21999999761385 246.21999999761292 246.21999999761266 246.21999999788258 246.2199999978826 246.21999999788267 246.21999999788292 246.21999999788372 246.2199999978861 246.21999999789244 246.21999999790748 246.2199999979397 246.21999999800138 246.21999999810674 246.21999999826613 246.2199999984778 246.2199999987203 246.21999999895195 246.21999999912066 246.21999999918262 246.21999999912066 246.21999999895195 246.2199999987203 246.2199999984778 246.21999999826613 246.21999999810674 246.21999999800138 246.2199999979397 246.21999999790748 246.21999999789244 246.2199999978861 246.21999999788372 246.21999999788292 246.21999999788267 246.2199999978826 246.21999999810996 246.21999999810996 246.21999999810998 246.21999999811004 246.21999999811024 246.2199999981108 246.21999999811234 246.219999998116 246.21999999812382 246.2199999981388 246.21999999816435 246.21999999820304 246.2199999982544 246.21999999831326 246.21999999836947 246.2199999984104 246.21999999842544 246.2199999984104 246.21999999836947 246.21999999831326 246.2199999982544 246.21999999820304 246.21999999816435 246.2199999981388 246.21999999812382 246.219999998116 246.21999999811234 246.2199999981108 246.21999999811024 246.21999999811004 246.21999999810998 246.21999999810996 246.2199999877076 246.2199999877076 246.21999998770764 246.2199999877077 246.2199999877079 246.21999998770846 246.21999998771 246.21999998771366 246.21999998772148 246.21999998773646 246.219999987762 246.2199999878007 246.21999998785205 246.2199999879109 246.21999998796713 246.21999998800806 246.2199999880231 246.21999998800806 246.21999998796713 246.2199999879109 246.21999998785205 246.2199999878007 246.219999987762 246.21999998773646 246.21999998772148 246.21999998771366 246.21999998771 246.21999998770846 246.2199999877079 246.2199999877077 246.21999998770764 246.2199999877076 246.21999998773603 246.21999998773606 246.21999998773614 246.2199999877364 246.2199999877373 246.21999998773993 246.2199999877469 246.2199999877635 246.219999987799 246.21999998786703 246.2199999879832 246.21999998815892 246.2199999883923 246.2199999886597 246.2199999889151 246.21999998910113 246.21999998916942 246.21999998910113 246.2199999889151 246.2199999886597 246.2199999883923 246.21999998815892 246.2199999879832 246.21999998786703 246.219999987799 246.2199999877635 246.2199999877469 246.21999998773993 246.2199999877373 246.2199999877364 246.21999998773614 246.21999998773606 246.2199999878071 246.2199999878072 246.21999998780748 246.21999998780862 246.21999998781232 246.21999998782314 246.21999998785182 246.21999998792023 246.2199999880666 246.2199999883469 246.2199999888255 246.21999998954965 246.2199999905113 246.2199999916132 246.2199999926657 246.21999999343217 246.21999999371366 246.21999999343217 246.2199999926657 246.2199999916132 246.2199999905113 246.21999998954965 246.2199999888255 246.2199999883469 246.2199999880666 246.21999998792023 246.21999998785182 246.21999998782314 246.21999998781232 246.21999998780862 246.21999998780748 246.2199999878072 246.21999998792086 246.21999998792114 246.2199999879223 246.21999998792654 246.21999998794027 246.21999998798074 246.219999988088 246.21999998834366 246.21999998889066 246.21999998993823 246.2199999917269 246.21999999443324 246.21999999802722 246.22000000214533 246.22000000607875 246.2200000089433 246.22000000999526 246.2200000089433 246.22000000607875 246.22000000214533 246.21999999802722 246.21999999443324 246.2199999917269 246.21999998993823 246.21999998889066 246.21999998834366 246.219999988088 246.21999998798074 246.21999998794027 246.21999998792654 246.2199999879223 246.21999998792114 246.2199999880916 246.21999998809258 246.21999998809653 246.2199999881108 246.21999998815744 246.2199999882946 246.21999998865815 246.2199999895247 246.21999999137878 246.21999999492965 246.2200000009924 246.2200000101658 246.2200000223478 246.2200000363064 246.22000004963905 246.22000005934862 246.22000006291432 246.22000005934862 246.22000004963905 246.2200000363064 246.2200000223478 246.2200000101658 246.2200000009924 246.21999999492965 246.21999999137878 246.2199999895247 246.21999998865815 246.2199999882946 246.21999998815744 246.2199999881108 246.21999998809653 246.21999998809258 246.21999998830532 246.21999998830836 246.21999998832052 246.21999998836444 246.21999998850777 246.21999998892946 246.21999999004703 246.21999999271102 246.2199999984109 246.22000000932698 246.22000002796514 246.220000056166 246.22000009361597 246.2200001365277 246.22000017751495 246.2200002073642 246.2200002183259 246.2200002073642 246.22000017751495 246.2200001365277 246.22000009361597 246.220000056166 246.22000002796514 246.22000000932698 246.2199999984109 246.21999999271102 246.21999999004703 246.21999998892946 246.21999998850777 246.21999998836444 246.21999998832052 246.21999998830836 246.21999998854844 246.2199999885569 246.21999998859079 246.21999998871328 246.2199999891129 246.2199999902886 246.21999999340466 246.22000000083236 246.22000001672467 246.2200000471607 246.2200000991273 246.22000017775653 246.22000028217388 246.2200004018197 246.22000051609973 246.22000059932492 246.22000062988823 246.22000059932492 246.22000051609973 246.2200004018197 246.22000028217388 246.22000017775653 246.2200000991273 246.2200000471607 246.22000001672467 246.22000000083236 246.21999999340466 246.2199999902886 246.2199999891129 246.21999998871328 246.21999998859079 246.2199999885569 246.21999998883632 246.21999998885772 246.2199999889434 246.21999998925315 246.21999999026366 246.21999999323683 246.22000000111657 246.22000001989954 246.22000006008759 246.2200001370535 246.2200002684652 246.22000046730068 246.22000073134856 246.22000103390573 246.220001322894 246.22000153335168 246.22000161063932 246.22000153335168 246.220001322894 246.22000103390573 246.22000073134856 246.22000046730068 246.2200002684652 246.2200001370535 246.22000006008759 246.22000001989954 246.22000000111657 246.21999999323683 246.21999999026366 246.21999998925315 246.2199999889434 246.21999998885772 246.219999989171 246.2199999892201 246.21999998941664 246.219999990127 246.2199999924446 246.21999999926356 246.22000001733574 246.22000006041443 246.2200001525856 246.22000032910677 246.2200006304993 246.22000108652801 246.22000169212126 246.2200023860355 246.2200030488295 246.22000353151375 246.22000370877277 246.22000353151375 246.2200030488295 246.2200023860355 246.22000169212126 246.22000108652801 246.2200006304993 246.22000032910677 246.2200001525856 246.22000006041443 246.22000001733574 246.21999999926356 246.2199999924446 246.219999990127 246.21999998941664 246.2199999892201 246.21999998954124 246.21999998964338 246.2199999900522 246.21999999152985 246.21999999635074 246.2200000105349 246.22000004812705 246.2200001377356 246.22000032946204 246.22000069664583 246.22000132357613 246.22000227216705 246.22000353186903 246.22000497528856 246.2200063539745 246.22000735801194 246.2200077267306 246.22000735801194 246.2200063539745 246.22000497528856 246.22000353186903 246.22000227216705 246.22000132357613 246.22000069664583 246.22000032946204 246.2200001377356 246.22000004812705 246.2200000105349 246.21999999635074 246.21999999152985 246.2199999900522 246.21999998964338 246.21999998995048 246.21999999014324 246.2199999909145 246.2199999937022 246.22000000279718 246.22000002955676 246.22000010047734 246.22000026953103 246.22000063123826 246.22000132395982 246.22000250671394 246.22000429630654 246.22000667283498 246.22000939596134 246.2200119969625 246.22001389115937 246.22001458677664 246.22001389115937 246.2200119969625 246.22000939596134 246.22000667283498 246.22000429630654 246.22000250671394 246.22000132395982 246.22000063123826 246.22000026953103 246.22000010047734 246.22000002955676 246.22000000279718 246.2199999937022 246.2199999909145 246.21999999014324 246.21999999038707 246.21999999071687 246.21999999203655 246.21999999680645 246.22000001236847 246.2200000581555 246.22000017950447 246.2200004687644 246.22000108766488 246.22000227294865 246.22000429670445 246.22000735879354 246.22001142516126 246.22001608457666 246.22002053502933 246.22002377610187 246.22002496634036 246.22002377610187 246.22002053502933 246.22001608457666 246.22001142516126 246.22000735879354 246.22000429670445 246.22000227294865 246.22000108766488 246.2200004687644 246.22000017950447 246.2200000581555 246.22000001236847 246.21999999680645 246.21999999203655 246.21999999071687 246.21999999086475 246.21999999137657 246.21999999342452 246.22000000082676 246.2200000249768 246.2200000960318 246.22000028434815 246.2200007332386 246.22000169368445 246.22000353307695 246.2200066736592 246.2200114255876 246.22001773601417 246.2200249667667 246.22003187323867 246.22003690292402 246.22003875000553 246.22003690292402 246.22003187323867 246.2200249667667 246.22001773601417 246.2200114255876 246.2200066736592 246.22000353307695 246.22000169368445 246.2200007332386 246.22000028434815 246.2200000960318 246.2200000249768 246.22000000082676 246.21999999342452 246.21999999137657 246.21999999136415 246.21999999208452 246.21999999496697 246.2200000053854 246.22000003937595 246.22000013938407 246.2200004044345 246.2200010362363 246.22000238803923 246.22000497693702 246.2200093972261 246.22001608544352 246.22002496720722 246.2200351443061 246.22004486498844 246.22005194414172 246.22005454386158 246.22005194414172 246.22004486498844 246.2200351443061 246.22002496720722 246.22001608544352 246.2200093972261 246.22000497693702 246.22000238803923 246.2200010362363 246.2200004044345 246.22000013938407 246.22000003937595 246.2200000053854 246.21999999496697 246.21999999208452 246.2199999918751 246.21999999279467 246.2199999964742 246.22000000977357 246.22000005316335 246.22000018082608 246.22000051916928 246.22000132567933 246.220003051288 246.2200063560777 246.22001199868203 246.22002053635094 246.22003187413395 246.22004486544319 246.22005727412582 246.22006631083366 246.22006962943803 246.22006631083366 246.22005727412582 246.22004486544319 246.22003187413395 246.22002053635094 246.22001199868203 246.2200063560777 246.220003051288 246.22000132567933 246.22000051916928 246.22000018082608 246.22000005316335 246.22000000977357 246.2199999964742 246.21999999279467 246.219999992385 246.21999999344965 246.21999999770964 246.22000001310707 246.22000006334187 246.22000021114428 246.22000060286342 246.22000153660596 246.2200035344412 246.2200073605841 246.22001389334784 246.22002377789244 246.22003690428826 246.22005194506542 246.22006631130262 246.22007677361293 246.22008061574985 246.22007677361293 246.22006631130262 246.22005194506542 246.22003690428826 246.22002377789244 246.22001389334784 246.2200073605841 246.2200035344412 246.22000153660596 246.22000060286342 246.22000021114428 246.22000006334187 246.22000001310707 246.21999999770964 246.21999999344965 246.219999992869 246.2199999939869 246.21999999846008 246.220000014628 246.22000006737653 246.22000022257495 246.2200006338957 246.22000161436256 246.22000371216916 246.22000772977174 246.22001458943407 246.2200249685999 246.22003875183873 246.22005454525424 246.22006963037595 246.2200806162188 246.2200846506157 246.2200806162188 246.22006963037595 246.22005454525424 246.22003875183873 246.2200249685999 246.22001458943407 246.22000772977174 246.22000371216916 246.22000161436256 246.2200006338957 246.22000022257495 246.22000006737653 246.220000014628 246.21999999846008 246.2199999939869 246.2199999933087 246.21999999437335 246.21999999863334 246.22000001403077 246.22000006426558 246.220000212068 246.22000060378713 246.22000153752967 246.2200035353649 246.2200073615078 246.22001389427155 246.22002377881614 246.22003690521197 246.22005194598913 246.22006631222632 246.22007677453664 246.22008061667356 246.22007677453664 246.22006631222632 246.22005194598913 246.22003690521197 246.22002377881614 246.22001389427155 246.2200073615078 246.2200035353649 246.22000153752967 246.22000060378713 246.220000212068 246.22000006426558 246.22000001403077 246.21999999863334 246.21999999437335 246.21999999373674 246.2199999946563 246.21999999833582 246.2200000116352 246.22000005502497 246.2200001826877 246.2200005210309 246.22000132754096 246.2200030531496 246.22000635793933 246.22001200054365 246.22002053821257 246.22003187599557 246.2200448673048 246.22005727598744 246.22006631269528 246.22006963129965 246.22006631269528 246.22005727598744 246.2200448673048 246.22003187599557 246.22002053821257 246.22001200054365 246.22000635793933 246.2200030531496 246.22000132754096 246.2200005210309 246.2200001826877 246.22000005502497 246.2200000116352 246.21999999833582 246.2199999946563 246.21999999413526 246.21999999485564 246.21999999773809 246.22000000815652 246.22000004214706 246.2200001421552 246.22000040720562 246.22000103900743 246.22000239081035 246.22000497970814 246.22000939999722 246.22001608821463 246.22002496997834 246.22003514707723 246.22004486775955 246.22005194691283 246.2200545466327 246.22005194691283 246.22004486775955 246.22003514707723 246.22002496997834 246.22001608821463 246.22000939999722 246.22000497970814 246.22000239081035 246.22000103900743 246.22000040720562 246.2200001421552 246.22000004214706 246.22000000815652 246.21999999773809 246.21999999485564 246.21999999451694 246.21999999502876 246.2199999970767 246.22000000447895 246.220000028629 246.220000099684 246.22000028800034 246.2200007368908 246.22000169733664 246.22000353672914 246.2200066773114 246.22001142923978 246.22001773966636 246.22002497041888 246.22003187689086 246.2200369065762 246.22003875365772 246.2200369065762 246.22003187689086 246.22002497041888 246.22001773966636 246.22001142923978 246.2200066773114 246.22000353672914 246.22000169733664 246.2200007368908 246.22000028800034 246.220000099684 246.220000028629 246.22000000447895 246.2199999970767 246.21999999502876 246.21999999490612 246.21999999523592 246.2199999965556 246.2200000013255 246.22000001688752 246.22000006267456 246.22000018402352 246.22000047328345 246.22000109218394 246.2200022774677 246.2200043012235 246.2200073633126 246.2200114296803 246.2200160890957 246.2200205395484 246.22002378062092 246.2200249708594 246.22002378062092 246.2200205395484 246.2200160890957 246.2200114296803 246.2200073633126 246.2200043012235 246.2200022774677 246.22000109218394 246.22000047328345 246.22000018402352 246.22000006267456 246.22000001688752 246.2200000013255 246.2199999965556 246.21999999523592 246.21999999527955 246.2199999954723 246.21999999624356 246.21999999903127 246.22000000812625 246.22000003488583 246.2200001058064 246.2200002748601 246.22000063656733 246.2200013292889 246.220002512043 246.2200043016356 246.22000667816405 246.2200094012904 246.22001200229158 246.22001389648844 246.2200145921057 246.22001389648844 246.22001200229158 246.2200094012904 246.22000667816405 246.2200043016356 246.220002512043 246.2200013292889 246.22000063656733 246.2200002748601 246.2200001058064 246.22000003488583 246.22000000812625 246.21999999903127 246.21999999624356 246.2199999954723 246.2199999956519 246.21999999575405 246.21999999616287 246.2199999976405 246.2200000024614 246.22000001664557 246.22000005423772 246.22000014384628 246.2200003355727 246.2200007027565 246.2200013296868 246.22000227827772 246.2200035379797 246.22000498139923 246.22000636008516 246.2200073641226 246.22000773284128 246.2200073641226 246.22000636008516 246.22000498139923 246.2200035379797 246.22000227827772 246.2200013296868 246.2200007027565 246.2200003355727 246.22000014384628 246.22000005423772 246.22000001664557 246.2200000024614 246.2199999976405 246.21999999616287 246.21999999575405 246.21999999602062 246.21999999606973 246.21999999626627 246.21999999697664 246.21999999929423 246.2200000061132 246.22000002418537 246.22000006726407 246.22000015943524 246.2200003359564 246.22000063734893 246.22000109337765 246.2200016989709 246.22000239288514 246.22000305567914 246.2200035383634 246.2200037156224 246.2200035383634 246.22000305567914 246.22000239288514 246.2200016989709 246.22000109337765 246.22000063734893 246.2200003359564 246.22000015943524 246.22000006726407 246.22000002418537 246.2200000061132 246.21999999929423 246.21999999697664 246.21999999626627 246.21999999606973 246.21999999638228 246.2199999964037 246.21999999648938 246.21999999679912 246.21999999780962 246.2200000007828 246.22000000866254 246.2200000274455 246.22000006763355 246.22000014459945 246.22000027601118 246.22000047484664 246.22000073889453 246.2200010414517 246.22000133043997 246.22000154089764 246.22000161818528 246.22000154089764 246.22000133043997 246.2200010414517 246.22000073889453 246.22000047484664 246.22000027601118 246.22000014459945 246.22000006763355 246.2200000274455 246.22000000866254 246.2200000007828 246.21999999780962 246.21999999679912 246.21999999648938 246.2199999964037 246.21999999671968 246.21999999672815 246.21999999676203 246.21999999688452 246.21999999728413 246.21999999845985 246.2200000015759 246.2200000090036 246.2200000248959 246.22000005533195 246.22000010729855 246.22000018592777 246.22000029034513 246.22000040999094 246.22000052427097 246.22000060749616 246.22000063805947 246.22000060749616 246.22000052427097 246.22000040999094 246.22000029034513 246.22000018592777 246.22000010729855 246.22000005533195 246.2200000248959 246.2200000090036 246.2200000015759 246.21999999845985 246.21999999728413 246.21999999688452 246.21999999676203 246.21999999672815 246.219999997045 246.21999999704803 246.2199999970602 246.2199999971041 246.21999999724744 246.21999999766913 246.2199999987867 246.2200000014507 246.2200000071506 246.22000001806666 246.22000003670482 246.22000006490566 246.22000010235564 246.22000014526736 246.22000018625462 246.22000021610387 246.22000022706558 246.22000021610387 246.22000018625462 246.22000014526736 246.22000010235564 246.22000006490566 246.22000003670482 246.22000001806666 246.2200000071506 246.2200000014507 246.2199999987867 246.21999999766913 246.21999999724744 246.2199999971041 246.2199999970602 246.21999999704803 246.21999999734285 246.21999999734385 246.2199999973478 246.21999999736207 246.2199999974087 246.21999999754587 246.2199999979094 246.21999999877596 246.22000000063005 246.22000000418092 246.22000001024367 246.22000001941706 246.22000003159906 246.22000004555767 246.22000005889032 246.2200000685999 246.2200000721656 246.2200000685999 246.22000005889032 246.22000004555767 246.22000003159906 246.22000001941706 246.22000001024367 246.22000000418092 246.22000000063005 246.21999999877596 246.2199999979094 246.21999999754587 246.2199999974087 246.21999999736207 246.2199999973478 246.21999999734385 246.21999999762687 246.21999999762716 246.21999999762832 246.21999999763256 246.21999999764628 246.21999999768676 246.21999999779402 246.21999999804967 246.21999999859668 246.21999999964424 246.2200000014329 246.22000000413925 246.22000000773323 246.22000001185134 246.22000001578476 246.2200000186493 246.22000001970127 246.2200000186493 246.22000001578476 246.22000001185134 246.22000000773323 246.22000000413925 246.2200000014329 246.21999999964424 246.21999999859668 246.21999999804967 246.21999999779402 246.21999999768676 246.21999999764628 246.21999999763256 246.21999999762832 246.21999999762716 246.2199999978826 246.2199999978827 246.21999999788298 246.21999999788412 246.2199999978878 246.21999999789864 246.21999999792732 246.21999999799573 246.2199999981421 246.2199999984224 246.219999998901 246.21999999962514 246.2200000005868 246.2200000016887 246.2200000027412 246.22000000350766 246.22000000378915 246.22000000350766 246.2200000027412 246.2200000016887 246.2200000005868 246.21999999962514 246.219999998901 246.2199999984224 246.2199999981421 246.21999999799573 246.21999999792732 246.21999999789864 246.2199999978878 246.21999999788412 246.21999999788298 246.2199999978827 246.21999999812417 246.2199999981242 246.21999999812428 246.21999999812454 246.21999999812545 246.21999999812806 246.21999999813502 246.21999999815162 246.21999999818715 246.21999999825516 246.21999999837132 246.21999999854705 246.21999999878042 246.21999999904784 246.21999999930324 246.21999999948926 246.21999999955756 246.21999999948926 246.21999999930324 246.21999999904784 246.21999999878042 246.21999999854705 246.21999999837132 246.21999999825516 246.21999999818715 246.21999999815162 246.21999999813502 246.21999999812806 246.21999999812545 246.21999999812454 246.21999999812428 246.2199999981242 246.21999998777866 246.2199999877787 246.21999998777875 246.219999987779 246.2199999877798 246.2199999877822 246.21999998778853 246.21999998780356 246.2199999878358 246.21999998789747 246.21999998800283 246.21999998816221 246.21999998837387 246.2199999886164 246.21999998884803 246.21999998901674 246.2199999890787 246.21999998901674 246.21999998884803 246.2199999886164 246.21999998837387 246.21999998816221 246.21999998800283 246.21999998789747 246.2199999878358 246.21999998780356 246.21999998778853 246.2199999877822 246.2199999877798 246.219999987779 246.21999998777875 246.2199999877787 246.2199999878071 246.2199999878072 246.21999998780748 246.21999998780862 246.21999998781232 246.21999998782314 246.21999998785182 246.21999998792023 246.2199999880666 246.2199999883469 246.2199999888255 246.21999998954965 246.2199999905113 246.2199999916132 246.2199999926657 246.21999999343217 246.21999999371366 246.21999999343217 246.2199999926657 246.2199999916132 246.2199999905113 246.21999998954965 246.2199999888255 246.2199999883469 246.2199999880666 246.21999998792023 246.21999998785182 246.21999998782314 246.21999998781232 246.21999998780862 246.21999998780748 246.2199999878072 246.21999998787823 246.21999998787854 246.21999998787985 246.21999998788448 246.21999998789966 246.21999998794428 246.2199999880625 246.2199999883444 246.2199999889475 246.21999999010256 246.2199999920747 246.21999999505869 246.21999999902133 246.2200000035619 246.22000000789882 246.22000001105724 246.2200000122171 246.22000001105724 246.22000000789882 246.2200000035619 246.21999999902133 246.21999999505869 246.2199999920747 246.21999999010256 246.2199999889475 246.2199999883444 246.2199999880625 246.21999998794428 246.21999998789966 246.21999998788448 246.21999998787985 246.21999998787854 246.21999998799217 246.21999998799336 246.21999998799816 246.21999998801556 246.21999998807223 246.21999998823898 246.2199999886809 246.2199999897344 246.2199999919884 246.21999999630515 246.22000000367558 246.22000001482758 246.2200000296371 246.2200000466065 246.22000006281485 246.2200000746187 246.2200000789535 246.2200000746187 246.22000006281485 246.2200000466065 246.2200000296371 246.22000001482758 246.22000000367558 246.21999999630515 246.2199999919884 246.2199999897344 246.2199999886809 246.21999998823898 246.21999998807223 246.21999998801556 246.21999998799816 246.21999998799336 246.2199999881635 246.2199999881676 246.21999998818387 246.21999998824276 246.21999998843486 246.2199999890001 246.2199999904981 246.21999999406893 246.22000000170902 246.22000001634098 246.22000004132354 246.22000007912402 246.22000012932196 246.2200001868409 246.22000024178024 246.2200002817902 246.2200002964833 246.2200002817902 246.22000024178024 246.2200001868409 246.22000012932196 246.22000007912402 246.22000004132354 246.22000001634098 246.22000000170902 246.21999999406893 246.2199999904981 246.2199999890001 246.21999998843486 246.21999998824276 246.21999998818387 246.2199999881676 246.21999998836483 246.21999998837737 246.21999998842745 246.21999998860846 246.21999998919904 246.21999999093666 246.21999999554185 246.22000000651929 246.2200000300066 246.22000007498818 246.2200001517898 246.22000026799626 246.22000042231514 246.22000059914018 246.2200007680351 246.22000089103398 246.2200009362036 246.22000089103398 246.2200007680351 246.22000059914018 246.22000042231514 246.22000026799626 246.2200001517898 246.22000007498818 246.2200000300066 246.22000000651929 246.21999999554185 246.21999999093666 246.21999998919904 246.21999998860846 246.21999998842745 246.21999998837737 246.21999998862697 246.21999998866184 246.21999998880148 246.2199999893062 246.21999999095286 246.21999999579765 246.22000000863778 246.2200000392449 246.22000010473184 246.22000023014877 246.22000044428592 246.2200007682909 246.22000119856037 246.22000169158125 246.2200021624914 246.22000250543496 246.22000263137616 246.22000250543496 246.2200021624914 246.22000169158125 246.22000119856037 246.2200007682909 246.22000044428592 246.22000023014877 246.22000010473184 246.2200000392449 246.22000000863778 246.21999999579765 246.21999999095286 246.2199999893062 246.21999998880148 246.21999998866184 246.21999998892622 246.21999998901447 246.21999998936758 246.21999999064388 246.2199999948079 246.2200000070593 246.2200000395291 246.22000011692754 246.22000028252916 246.2200005996802 246.2200011411845 246.2200019605197 246.22000304857372 246.22000429531178 246.2200054861369 246.22000635336343 246.22000667184022 246.22000635336343 246.2200054861369 246.22000429531178 246.22000304857372 246.2200019605197 246.2200011411845 246.2200005996802 246.22000028252916 246.22000011692754 246.2200000395291 246.2200000070593 246.2199999948079 246.21999999064388 246.21999998936758 246.21999998901447 246.2199999892711 246.21999998947348 246.21999999028333 246.21999999321054 246.22000000276063 246.22000003085924 246.2200001053287 246.2200002828418 246.2200006626488 246.22000139003404 246.22000263197302 246.2200045111166 246.2200070065662 246.2200098659574 246.22001259711232 246.22001458609452 246.22001531652037 246.22001458609452 246.22001259711232 246.2200098659574 246.2200070065662 246.2200045111166 246.22000263197302 246.22000139003404 246.2200006626488 246.2200002828418 246.2200001053287 246.22000003085924 246.22000000276063 246.21999999321054 246.21999999028333 246.21999998947348 246.21999998968803 246.21999999010905 246.21999999179366 246.21999999788255 246.22000001774785 246.2200000761961 246.2200002311009 246.2200006003481 246.2200013903893 246.22000290343232 246.2200054868048 246.2200093956345 246.2200145864498 246.22002053430458 246.22002621541347 246.2200303527198 246.2200318720876 246.2200303527198 246.22002621541347 246.22002053430458 246.2200145864498 246.2200093956345 246.2200054868048 246.22000290343232 246.2200013903893 246.2200006003481 246.2200002311009 246.2200000761961 246.22000001774785 246.21999999788255 246.21999999179366 246.21999999010905 246.2199999901771 246.21999999097133 246.21999999414948 246.22000000563668 246.2200000431141 246.22000015338142 246.22000044562174 246.2200011422361 246.22000263271198 246.2200054871885 246.2200103609272 246.22001773524678 246.22002752813472 246.22003874923814 246.2200494671041 246.22005727246315 246.22006013887193 246.22005727246315 246.2200494671041 246.22003874923814 246.22002752813472 246.22001773524678 246.2200103609272 246.2200054871885 246.22000263271198 246.2200011422361 246.22000044562174 246.22000015338142 246.2200000431141 246.22000000563668 246.21999999414948 246.21999999097133 246.21999999073438 246.2199999920934 246.21999999753137 246.22000001718658 246.2200000813125 246.22000026998577 246.22000077002463 246.22000196196922 246.22000451225347 246.2200093964161 246.2200177356447 246.2200303535014 246.22004710965845 246.2200663095689 246.220084648413 246.22009800380144 246.22010290838074 246.22009800380144 246.220084648413 246.2200663095689 246.22004710965845 246.2200303535014 246.2200177356447 246.2200093964161 246.22000451225347 246.22000196196922 246.22000077002463 246.22000026998577 246.2200000813125 246.22000001718658 246.21999999753137 246.2199999920934 246.21999999137236 246.21999999348137 246.22000000192034 246.22000003242243 246.22000013193676 246.22000042473098 246.22000120072042 246.22000305044955 246.2200070081294 246.22001458765772 246.22002752895895 246.22004711008478 246.22007311326644 246.22010290880706 246.2201313680948 246.22015209376536 246.22015970497753 246.22015209376536 246.2201313680948 246.22010290880706 246.22007311326644 246.22004711008478 246.22002752895895 246.22001458765772 246.2200070081294 246.22000305044955 246.22000120072042 246.22000042473098 246.22000013193676 246.22000003242243 246.22000000192034 246.21999999348137 246.21999999205542 246.2199999950238 246.22000000690144 246.22000004983235 246.22000018989624 246.22000060199656 246.22000169418183 246.22000429762815 246.22000986796112 246.22002053595304 246.2200387505029 246.22006631043575 246.2201029092476 246.22014484570755 246.22018490142574 246.22021407227598 246.2202247848621 246.22021407227598 246.22018490142574 246.22014484570755 246.2201029092476 246.22006631043575 246.2200387505029 246.22002053595304 246.22000986796112 246.22000429762815 246.22000169418183 246.22000060199656 246.22000018989624 246.22000004983235 246.22000000690144 246.2199999950238 246.2199999927418 246.21999999653104 246.22000001169312 246.22000006649546 246.22000024529032 246.22000077134624 246.22000216554673 246.22000548890801 246.2200125995708 246.22002621751668 246.22004946882362 246.22008464973462 246.22013136899008 246.2201849018805 246.22023603395925 246.2202732712447 246.22028694611615 246.2202732712447 246.22023603395925 246.2201849018805 246.22013136899008 246.22008464973462 246.22004946882362 246.22002621751668 246.2200125995708 246.22000548890801 246.22000216554673 246.22000077134624 246.22000024529032 246.22000006649546 246.22000001169312 246.21999999653104 246.21999999336526 246.21999999775227 246.22000001530628 246.22000007875405 246.22000028575502 246.22000089479985 246.22000250894504 246.2200063565893 246.22001458900775 246.22003035527774 246.2200572746374 246.2200980055778 246.2201520951154 246.22021407318547 246.22027327169945 246.2203163834214 246.22033221559735 246.2203163834214 246.22027327169945 246.22021407318547 246.2201520951154 246.2200980055778 246.2200572746374 246.22003035527774 246.22001458900775 246.2200063565893 246.22000250894504 246.22000089479985 246.22000028575502 246.22000007875405 246.22000001530628 246.21999999775227 246.21999999389618 246.21999999850271 246.2200000169351 246.2200000835578 246.2200003009171 246.22000094043844 246.2200026353552 246.22000667553505 246.22001531990256 246.2200318751145 246.22006014151515 246.22010291062605 246.22015970679652 246.22022478624055 246.22028694703985 246.2203322160663 246.22034884048213 246.2203322160663 246.22028694703985 246.22022478624055 246.22015970679652 246.22010291062605 246.22006014151515 246.2200318751145 246.22001531990256 246.22000667553505 246.2200026353552 246.22000094043844 246.2200003009171 246.2200000835578 246.2200000169351 246.21999999850271 246.21999999428897 246.21999999867597 246.22000001623 246.22000007967776 246.22000028667873 246.22000089572356 246.22000250986875 246.220006357513 246.22001458993145 246.22003035620145 246.22005727556112 246.2200980065015 246.2201520960391 246.22021407410918 246.22027327262316 246.2203163843451 246.22033221652106 246.2203163843451 246.22027327262316 246.22021407410918 246.2201520960391 246.2200980065015 246.22005727556112 246.22003035620145 246.22001458993145 246.220006357513 246.22000250986875 246.22000089572356 246.22000028667873 246.22000007967776 246.22000001623 246.21999999867597 246.219999994575 246.21999999836424 246.22000001352632 246.22000006832866 246.22000024712352 246.22000077317944 246.22000216737993 246.22000549074122 246.220012601404 246.22002621934988 246.22004947065682 246.22008465156782 246.22013137082328 246.2201849037137 246.22023603579245 246.2202732730779 246.22028694794935 246.2202732730779 246.22023603579245 246.2201849037137 246.22013137082328 246.22008465156782 246.22004947065682 246.22002621934988 246.220012601404 246.22000549074122 246.22000216737993 246.22000077317944 246.22000024712352 246.22000006832866 246.22000001352632 246.21999999836424 246.21999999479812 246.2199999977665 246.22000000964414 246.22000005257505 246.22000019263893 246.22000060473925 246.22000169692453 246.22000430037085 246.22000987070382 246.22002053869574 246.2200387532456 246.22006631317845 246.2201029119903 246.22014484845025 246.22018490416843 246.22021407501867 246.2202247876048 246.22021407501867 246.22018490416843 246.22014484845025 246.2201029119903 246.22006631317845 246.2200387532456 246.22002053869574 246.22000987070382 246.22000430037085 246.22000169692453 246.22000060473925 246.22000019263893 246.22000005257505 246.22000000964414 246.2199999977665 246.21999999499613 246.21999999710513 246.2200000055441 246.2200000360462 246.22000013556053 246.22000042835475 246.2200012043442 246.22000305407332 246.22000701175315 246.22001459128148 246.22002753258272 246.22004711370855 246.2200731168902 246.22010291243083 246.22013137171857 246.22015209738913 246.2201597086013 246.22015209738913 246.22013137171857 246.22010291243083 246.2200731168902 246.22004711370855 246.22002753258272 246.22001459128148 246.22000701175315 246.22000305407332 246.2200012043442 246.22000042835475 246.22000013556053 246.2200000360462 246.2200000055441 246.21999999710513 246.219999995225 246.21999999658402 246.220000002022 246.2200000216772 246.22000008580312 246.2200002744764 246.22000077451526 246.22000196645985 246.2200045167441 246.22000940090672 246.22001774013532 246.22003035799202 246.22004711414908 246.22006631405952 246.22008465290364 246.22009800829207 246.22010291287137 246.22009800829207 246.22008465290364 246.22006631405952 246.22004711414908 246.22003035799202 246.22001774013532 246.22000940090672 246.2200045167441 246.22000196645985 246.22000077451526 246.2200002744764 246.22000008580312 246.2200000216772 246.220000002022 246.21999999658402 246.21999999547774 246.21999999627198 246.21999999945012 246.22000001093733 246.22000004841476 246.22000015868207 246.22000045092238 246.22000114753675 246.22000263801263 246.22000549248915 246.22001036622785 246.22001774054743 246.22002753343537 246.2200387545388 246.22004947240475 246.2200572777638 246.22006014417258 246.2200572777638 246.22004947240475 246.2200387545388 246.22002753343537 246.22001774054743 246.22001036622785 246.22000549248915 246.22000263801263 246.22000114753675 246.22000045092238 246.22000015868207 246.22000004841476 246.22000001093733 246.21999999945012 246.21999999627198 246.21999999577028 246.2199999961913 246.2199999978759 246.2200000039648 246.2200000238301 246.22000008227835 246.22000023718314 246.22000060643035 246.22000139647156 246.22000290951456 246.22000549288705 246.22000940171674 246.22001459253204 246.22002054038683 246.22002622149571 246.22003035880203 246.22003187816983 246.22003035880203 246.22002622149571 246.22002054038683 246.22001459253204 246.22000940171674 246.22000549288705 246.22000290951456 246.22000139647156 246.22000060643035 246.22000023718314 246.22000008227835 246.2200000238301 246.2200000039648 246.2199999978759 246.2199999961913 246.2199999960923 246.2199999962947 246.21999999710454 246.22000000003175 246.22000000958184 246.22000003768045 246.2200001121499 246.220000289663 246.22000066947 246.22000139685525 246.22000263879423 246.2200045179378 246.2200070133874 246.2200098727786 246.22001260393353 246.22001459291573 246.22001532334158 246.22001459291573 246.22001260393353 246.2200098727786 246.2200070133874 246.2200045179378 246.22000263879423 246.22000139685525 246.22000066947 246.220000289663 246.2200001121499 246.22000003768045 246.22000000958184 246.22000000003175 246.21999999710454 246.2199999962947 246.21999999641534 246.2199999965036 246.2199999968567 246.219999998133 246.220000002297 246.22000001454842 246.22000004701823 246.22000012441666 246.22000029001828 246.2200006071693 246.22000114867362 246.22000196800883 246.22000305606284 246.2200043028009 246.22000549362602 246.22000636085255 246.22000667932934 246.22000636085255 246.22000549362602 246.2200043028009 246.22000305606284 246.22000196800883 246.22000114867362 246.2200006071693 246.22000029001828 246.22000012441666 246.22000004701823 246.22000001454842 246.220000002297 246.219999998133 246.2199999968567 246.2199999965036 246.21999999674136 246.21999999677624 246.21999999691587 246.2199999974206 246.21999999906726 246.22000000391205 246.22000001675218 246.2200000473593 246.22000011284624 246.22000023826317 246.2200004524003 246.2200007764053 246.22000120667477 246.22000169969564 246.2200021706058 246.22000251354936 246.22000263949056 246.22000251354936 246.2200021706058 246.22000169969564 246.22000120667477 246.2200007764053 246.2200004524003 246.22000023826317 246.22000011284624 246.2200000473593 246.22000001675218 246.22000000391205 246.21999999906726 246.2199999974206 246.21999999691587 246.21999999677624 246.21999999706188 246.2199999970744 246.2199999971245 246.2199999973055 246.21999999789608 246.2199999996337 246.2200000042389 246.22000001521633 246.22000003870363 246.22000008368522 246.22000016048685 246.2200002766933 246.22000043101218 246.22000060783722 246.22000077673215 246.22000089973102 246.22000094490065 246.22000089973102 246.22000077673215 246.22000060783722 246.22000043101218 246.2200002766933 246.22000016048685 246.22000008368522 246.22000003870363 246.22000001521633 246.2200000042389 246.2199999996337 246.21999999789608 246.2199999973055 246.2199999971245 246.2199999970744 246.21999999735792 246.219999997362 246.2199999973783 246.21999999743718 246.2199999976293 246.2199999981945 246.21999999969253 246.22000000326335 246.22000001090345 246.2200000255354 246.22000005051797 246.22000008831844 246.22000013851638 246.22000019603533 246.22000025097466 246.22000029098461 246.22000030567773 246.22000029098461 246.22000025097466 246.22000019603533 246.22000013851638 246.22000008831844 246.22000005051797 246.2200000255354 246.22000001090345 246.22000000326335 246.21999999969253 246.2199999981945 246.2199999976293 246.21999999743718 246.2199999973783 246.219999997362 246.21999999764134 246.21999999764253 246.21999999764734 246.21999999766473 246.2199999977214 246.21999999788815 246.21999999833008 246.21999999938356 246.22000000163757 246.22000000595432 246.22000001332475 246.22000002447675 246.22000003928628 246.22000005625566 246.22000007246402 246.22000008426787 246.22000008860266 246.22000008426787 246.22000007246402 246.22000005625566 246.22000003928628 246.22000002447675 246.22000001332475 246.22000000595432 246.22000000163757 246.21999999938356 246.21999999833008 246.21999999788815 246.2199999977214 246.21999999766473 246.21999999764734 246.21999999764253 246.21999999789688 246.2199999978972 246.2199999978985 246.21999999790313 246.2199999979183 246.21999999796293 246.21999999808116 246.21999999836305 246.21999999896616 246.22000000012122 246.22000000209334 246.22000000507734 246.22000000903998 246.22000001358055 246.22000001791747 246.2200000210759 246.22000002223575 246.2200000210759 246.22000001791747 246.22000001358055 246.22000000903998 246.22000000507734 246.22000000209334 246.22000000012122 246.21999999896616 246.21999999836305 246.21999999808116 246.21999999796293 246.2199999979183 246.21999999790313 246.2199999978985 246.2199999978972 246.2199999981242 246.21999999812428 246.21999999812456 246.2199999981257 246.2199999981294 246.21999999814022 246.2199999981689 246.2199999982373 246.21999999838368 246.21999999866398 246.21999999914257 246.21999999986673 246.22000000082838 246.2200000019303 246.22000000298277 246.22000000374925 246.22000000403074 246.22000000374925 246.22000000298277 246.2200000019303 246.22000000082838 246.21999999986673 246.21999999914257 246.21999999866398 246.21999999838368 246.2199999982373 246.2199999981689 246.21999999814022 246.2199999981294 246.2199999981257 246.21999999812456 246.21999999812428 246.2199999879066 246.21999998790665 246.2199999879069 246.21999998790784 246.21999998791085 246.21999998791975 246.21999998794337 246.21999998799964 246.21999998812004 246.2199999883506 246.2199999887443 246.21999998933995 246.219999990131 246.21999999103738 246.21999999190314 246.21999999253362 246.21999999276517 246.21999999253362 246.21999999190314 246.21999999103738 246.219999990131 246.21999998933995 246.2199999887443 246.2199999883506 246.21999998812004 246.21999998799964 246.21999998794337 246.21999998791975 246.21999998791085 246.21999998790784 246.2199999879069 246.21999998790665 246.21999998792086 246.21999998792114 246.2199999879223 246.21999998792654 246.21999998794027 246.21999998798074 246.219999988088 246.21999998834366 246.21999998889066 246.21999998993823 246.2199999917269 246.21999999443324 246.21999999802722 246.22000000214533 246.22000000607875 246.2200000089433 246.22000000999526 246.2200000089433 246.22000000607875 246.22000000214533 246.21999999802722 246.21999999443324 246.2199999917269 246.21999998993823 246.21999998889066 246.21999998834366 246.219999988088 246.21999998798074 246.21999998794027 246.21999998792654 246.2199999879223 246.21999998792114 246.21999998799217 246.21999998799336 246.21999998799816 246.21999998801556 246.21999998807223 246.21999998823898 246.2199999886809 246.2199999897344 246.2199999919884 246.21999999630515 246.22000000367558 246.22000001482758 246.2200000296371 246.2200000466065 246.22000006281485 246.2200000746187 246.2200000789535 246.2200000746187 246.22000006281485 246.2200000466065 246.2200000296371 246.22000001482758 246.22000000367558 246.21999999630515 246.2199999919884 246.2199999897344 246.2199999886809 246.21999998823898 246.21999998807223 246.21999998801556 246.21999998799816 246.21999998799336 246.219999988121 246.2199999881255 246.21999998814346 246.21999998820837 246.21999998842017 246.2199999890434 246.21999999069507 246.2199999946322 246.22000000305607 246.220000019189 246.22000004673438 246.22000008841258 246.22000014376002 246.22000020717945 246.22000026775467 246.220000311869 246.22000032806937 246.220000311869 246.22000026775467 246.22000020717945 246.22000014376002 246.22000008841258 246.22000004673438 246.220000019189 246.22000000305607 246.2199999946322 246.21999999069507 246.2199999890434 246.21999998842017 246.21999998820837 246.21999998814346 246.2199999881255 246.21999998828034 246.21999998829554 246.21999998835645 246.2199999885765 246.21999998929445 246.21999999140687 246.21999999700537 246.22000001035053 246.22000003890383 246.22000009358754 246.2200001869546 246.2200003282257 246.22000051582972 246.22000073079434 246.22000093611834 246.22000108564694 246.22000114055922 246.22000108564694 246.22000093611834 246.22000073079434 246.22000051582972 246.2200003282257 246.2200001869546 246.22000009358754 246.22000003890383 246.22000001035053 246.21999999700537 246.21999999140687 246.21999998929445 246.2199999885765 246.21999998835645 246.21999998829554 246.21999998848818 246.21999998853497 246.21999998872215 246.21999998939867 246.21999999160582 246.2199999980998 246.22000001531075 246.22000005633652 246.2200001441153 246.22000031222427 246.22000059925386 246.22000103355046 246.22000161028404 246.22000227112966 246.22000290233808 246.22000336201992 246.22000353083163 246.22000336201992 246.22000290233808 246.22000227112966 246.22000161028404 246.22000103355046 246.22000059925386 246.22000031222427 246.2200001441153 246.22000005633652 246.22000001531075 246.2199999980998 246.21999999160582 246.21999998939867 246.21999998872215 246.21999998853497 246.2199999887676 246.21999998889802 246.21999998941988 246.21999999130614 246.21999999746012 246.22000001556654 246.2200000635538 246.22000017794127 246.22000042268462 246.22000089140346 246.22000169169493 246.22000290259388 246.22000451063343 246.2200063531929 246.22000811311833 246.22000939479605 246.22000986547422 246.22000939479605 246.22000811311833 246.2200063531929 246.22000451063343 246.22000290259388 246.22000169169493 246.22000089140346 246.22000042268462 246.22000017794127 246.2200000635538 246.22000001556654 246.21999999746012 246.21999999130614 246.21999998941988 246.21999998889802 246.21999998909388 246.21999998942368 246.21999999074336 246.21999999551326 246.22000001107529 246.22000005686232 246.22000017821128 246.2200004674712 246.2200010863717 246.22000227165546 246.22000429541126 246.22000735750035 246.22001142386807 246.22001608328347 246.22002053373615 246.22002377480868 246.22002496504717 246.22002377480868 246.22002053373615 246.22001608328347 246.22001142386807 246.22000735750035 246.22000429541126 246.22000227165546 246.2200010863717 246.2200004674712 246.22000017821128 246.22000005686232 246.22000001107529 246.21999999551326 246.21999999074336 246.21999998942368 246.21999998954112 246.21999999029754 246.21999999332422 246.220000004264 246.22000003995544 246.22000014496794 246.22000042328148 246.22000108669855 246.2200025061455 246.22000522459138 246.22000986607108 246.22001688896597 246.22002621517188 246.22003690153136 246.22004710863527 246.22005454202838 246.22005727183787 246.22005454202838 246.22004710863527 246.22003690153136 246.22002621517188 246.22001688896597 246.22000986607108 246.22000522459138 246.2200025061455 246.22000108669855 246.22000042328148 246.22000014496794 246.22000003995544 246.220000004264 246.21999999332422 246.21999999029754 246.21999999011274 246.21999999168617 246.21999999798203 246.22000002073798 246.2200000949802 246.22000031341798 246.22000089234137 246.22000227232337 246.22000522493244 246.2200108796051 246.22002053440406 246.22003514281397 246.22005454236944 246.22007677119709 246.22009800311932 246.22011346541163 246.2201191437219 246.22011346541163 246.22009800311932 246.22007677119709 246.22005454236944 246.22003514281397 246.22002053440406 246.2200108796051 246.22000522493244 246.22000227232337 246.22000089234137 246.22000031341798 246.2200000949802 246.22000002073798 246.21999999798203 246.21999999168617 246.21999999089013 246.21999999385852 246.22000000573615 246.22000004866706 246.22000018873095 246.22000060083127 246.22000169301654 246.22000429646286 246.22000986679583 246.22002053478775 246.22003874933762 246.22006630927046 246.2201029080823 246.22014484454226 246.22018490026045 246.2202140711107 246.2202247836968 246.2202140711107 246.22018490026045 246.22014484454226 246.2201029080823 246.22006630927046 246.22003874933762 246.22002053478775 246.22000986679583 246.22000429646286 246.22000169301654 246.22000060083127 246.22000018873095 246.22000004866706 246.22000000573615 246.21999999385852 246.2199999918837 246.21999999696277 246.22000001728605 246.22000009074316 246.22000033039996 246.22000103552577 246.2200029043134 246.22000735894986 246.22001689008863 246.22003514359557 246.22006630966837 246.22011346619323 246.2201760887254 246.22024784426003 246.2203163817445 246.22036629463554 246.22038462444553 246.22036629463554 246.2203163817445 246.22024784426003 246.2201760887254 246.22011346619323 246.22006630966837 246.22003514359557 246.22001689008863 246.22000735894986 246.2200029043134 246.22000103552577 246.22000033039996 246.22000009074316 246.22000001728605 246.21999999696277 246.21999999308684 246.22000000096887 246.2200000325077 246.2200001465027 246.2200005184161 246.22000161267147 246.22000451276506 246.2200114257297 246.22002621670666 246.22005454356315 246.22010290889233 246.2201760891375 246.2202732704347 246.22038462485764 246.22049098532278 246.2205684430577 246.22059688832573 246.2205684430577 246.22049098532278 246.22038462485764 246.2202732704347 246.2201760891375 246.22010290889233 246.22005454356315 246.22002621670666 246.2200114257297 246.22000451276506 246.22000161267147 246.2200005184161 246.2200001465027 246.2200000325077 246.22000000096887 246.21999999443378 246.2200000055275 246.22000004991762 246.22000021036268 246.22000073382125 246.22000227395762 246.22000635576507 246.22001608558563 246.22003690350667 246.22007677283133 246.22014484579282 246.22024784511268 246.22038462529818 246.22054135379508 246.22069105342433 246.22080007320133 246.2208401091872 246.22080007320133 246.22069105342433 246.22054135379508 246.22038462529818 246.22024784511268 246.22014484579282 246.22007677283133 246.22003690350667 246.22001608558563 246.22000635576507 246.22000227395762 246.22000073382125 246.22000021036268 246.22000004991762 246.2200000055275 246.21999999575428 246.22000000991568 246.22000006658072 246.22000027139265 246.2200009396 246.2200029056208 246.22000811614524 246.22002053649305 246.22004711106533 246.2200980052083 246.22018490196575 246.2203163830519 246.22049098621807 246.22069105387908 246.22088214902297 246.22102131536616 246.22107242225616 246.22102131536616 246.22088214902297 246.22069105387908 246.22049098621807 246.2203163830519 246.22018490196575 246.2200980052083 246.22004711106533 246.22002053649305 246.22000811614524 246.2200029056208 246.2200009396 246.22000027139265 246.22000006658072 246.22000000991568 246.2199999968253 246.22000001322075 246.2200000788251 246.22000031594752 246.22000108956914 246.22000336574317 246.2200093982635 246.22002377800612 246.22005454489897 246.22011346794116 246.22021407325653 246.22036629638347 246.2205684443935 246.22080007409662 246.2210213158067 246.22118243659253 246.22124160594404 246.22118243659253 246.2210213158067 246.22080007409662 246.2205684443935 246.22036629638347 246.22021407325653 246.22011346794116 246.22005454489897 246.22002377800612 246.2200093982635 246.22000336574317 246.22000108956914 246.22000031594752 246.2200000788251 246.22000001322075 246.2199999975258 246.2200000147417 246.22000008362886 246.22000033261685 246.22000114495037 246.22000353502384 246.22000986941063 246.22002496871357 246.22005727517742 246.22011914672038 246.2202247863116 246.22038462666242 246.2205968901305 246.22084011055145 246.22107242316565 246.221241606413 246.22130373659053 246.221241606413 246.22107242316565 246.22084011055145 246.2205968901305 246.22038462666242 246.2202247863116 246.22011914672038 246.22005727517742 246.22002496871357 246.22000986941063 246.22000353502384 246.22000114495037 246.22000033261685 246.22000008362886 246.2200000147417 246.219999997749 246.22000001414446 246.22000007974881 246.22000031687122 246.22000109049284 246.22000336666687 246.2200093991872 246.22002377892983 246.22005454582268 246.22011346886487 246.22021407418023 246.22036629730718 246.2205684453172 246.22080007502032 246.2210213167304 246.22118243751623 246.22124160686775 246.22118243751623 246.2210213167304 246.22080007502032 246.2205684453172 246.22036629730718 246.22021407418023 246.22011346886487 246.22005454582268 246.22002377892983 246.2200093991872 246.22000336666687 246.22000109049284 246.22000031687122 246.22000007974881 246.22000001414446 246.21999999757327 246.22000001173467 246.2200000683997 246.22000027321164 246.220000941419 246.22000290743978 246.22000811796423 246.22002053831204 246.22004711288432 246.2200980070273 246.22018490378474 246.2203163848709 246.22049098803706 246.22069105569807 246.22088215084196 246.22102131718515 246.22107242407515 246.22102131718515 246.22088215084196 246.22069105569807 246.22049098803706 246.2203163848709 246.22018490378474 246.2200980070273 246.22004711288432 246.22002053831204 246.22000811796423 246.22000290743978 246.220000941419 246.22000027321164 246.2200000683997 246.22000001173467 246.21999999714805 246.22000000824178 246.2200000526319 246.22000021307696 246.22000073653552 246.2200022766719 246.22000635847934 246.2200160882999 246.22003690622094 246.2200767755456 246.2201448485071 246.22024784782695 246.22038462801245 246.22054135650936 246.2206910561386 246.2208000759156 246.22084011190148 246.2208000759156 246.2206910561386 246.22054135650936 246.22038462801245 246.22024784782695 246.2201448485071 246.2200767755456 246.22003690622094 246.2200160882999 246.22000635847934 246.2200022766719 246.22000073653552 246.22000021307696 246.2200000526319 246.22000000824178 246.2199999966822 246.2200000045642 246.22000003610304 246.22000015009806 246.22000052201145 246.2200016162668 246.2200045163604 246.22001142932504 246.220026220302 246.2200545471585 246.22010291248768 246.22017609273286 246.22027327403003 246.220384628453 246.22049098891813 246.22056844665303 246.22059689192108 246.22056844665303 246.22049098891813 246.220384628453 246.22027327403003 246.22017609273286 246.22010291248768 246.2200545471585 246.220026220302 246.22001142932504 246.2200045163604 246.2200016162668 246.22000052201145 246.22000015009806 246.22000003610304 246.2200000045642 246.21999999631748 246.22000000139656 246.22000002171984 246.22000009517694 246.22000033483374 246.22000103995956 246.22000290874718 246.22000736338364 246.22001689452242 246.22003514802935 246.22006631410216 246.220113470627 246.22017609315918 246.22024784869382 246.2203163861783 246.22036629906933 246.22038462887932 246.22036629906933 246.2203163861783 246.22024784869382 246.22017609315918 246.220113470627 246.22006631410216 246.22003514802935 246.22001689452242 246.22000736338364 246.22000290874718 246.22000103995956 246.22000033483374 246.22000009517694 246.22000002171984 246.22000000139656 246.21999999613394 246.21999999910233 246.22000001097996 246.22000005391087 246.22000019397476 246.22000060607508 246.22000169826035 246.22000430170667 246.22000987203964 246.22002054003156 246.22003875458142 246.22006631451427 246.22010291332612 246.22014484978607 246.22018490550425 246.2202140763545 246.2202247889406 246.2202140763545 246.22018490550425 246.22014484978607 246.22010291332612 246.22006631451427 246.22003875458142 246.22002054003156 246.22000987203964 246.22000430170667 246.22000169826035 246.22000060607508 246.22000019397476 246.22000005391087 246.22000001097996 246.21999999910233 246.21999999613814 246.21999999771157 246.22000000400743 246.2200000267634 246.2200001010056 246.2200003194434 246.22000089836678 246.22000227834877 246.22000523095784 246.2200108856305 246.22002054042946 246.22003514883937 246.22005454839484 246.2200767772225 246.22009800914472 246.22011347143703 246.2201191497473 246.22011347143703 246.22009800914472 246.2200767772225 246.22005454839484 246.22003514883937 246.22002054042946 246.2200108856305 246.22000523095784 246.22000227834877 246.22000089836678 246.2200003194434 246.2200001010056 246.2200000267634 246.22000000400743 246.21999999771157 246.21999999629128 246.2199999970477 246.22000000007438 246.22000001101415 246.2200000467056 246.2200001517181 246.22000043003163 246.2200010934487 246.22000251289566 246.22000523134153 246.22000987282124 246.22001689571613 246.22002622192204 246.22003690828151 246.22004711538543 246.22005454877853 246.22005727858803 246.22005454877853 246.22004711538543 246.22003690828151 246.22002622192204 246.22001689571613 246.22000987282124 246.22000523134153 246.22000251289566 246.2200010934487 246.22000043003163 246.2200001517181 246.2200000467056 246.22000001101415 246.22000000007438 246.2199999970477 246.21999999652616 246.21999999685596 246.21999999817564 246.22000000294554 246.22000001850756 246.2200000642946 246.22000018564356 246.2200004749035 246.22000109380397 246.22000227908774 246.22000430284353 246.22000736493263 246.22001143130035 246.22001609071575 246.22002054116842 246.22002378224096 246.22002497247945 246.22002378224096 246.22002054116842 246.22001609071575 246.22001143130035 246.22000736493263 246.22000430284353 246.22000227908774 246.22000109380397 246.2200004749035 246.22000018564356 246.2200000642946 246.22000001850756 246.22000000294554 246.21999999817564 246.21999999685596 246.21999999681094 246.21999999694137 246.21999999746322 246.21999999934948 246.22000000550346 246.22000002360988 246.22000007159716 246.22000018598462 246.22000043072796 246.2200008994468 246.22000169973828 246.22000291063722 246.22000451867677 246.22000636123624 246.22000812116167 246.2200094028394 246.22000987351757 246.2200094028394 246.22000812116167 246.22000636123624 246.22000451867677 246.22000291063722 246.22000169973828 246.2200008994468 246.22000043072796 246.22000018598462 246.22000007159716 246.22000002360988 246.22000000550346 246.21999999934948 246.21999999746322 246.21999999694137 246.21999999709996 246.21999999714674 246.21999999733393 246.21999999801045 246.2200000002176 246.2200000067116 246.22000002392252 246.2200000649483 246.22000015272707 246.22000032083605 246.22000060786564 246.22000104216224 246.22000161889582 246.22000227974144 246.22000291094986 246.2200033706317 246.2200035394434 246.2200033706317 246.22000291094986 246.22000227974144 246.22000161889582 246.22000104216224 246.22000060786564 246.22000032083605 246.22000015272707 246.2200000649483 246.22000002392252 246.2200000067116 246.2200000002176 246.21999999801045 246.21999999733393 246.21999999714674 246.2199999973895 246.2199999974047 246.2199999974656 246.21999999768565 246.2199999984036 246.22000000051602 246.22000000611453 246.2200000194597 246.220000048013 246.2200001026967 246.22000019606375 246.22000033733485 246.22000052493888 246.2200007399035 246.2200009452275 246.2200010947561 246.22000114966838 246.2200010947561 246.2200009452275 246.2200007399035 246.22000052493888 246.22000033733485 246.22000019606375 246.2200001026967 246.220000048013 246.2200000194597 246.22000000611453 246.22000000051602 246.2199999984036 246.21999999768565 246.2199999974656 246.2199999974047 246.2199999976565 246.21999999766098 246.21999999767894 246.21999999774386 246.21999999795565 246.21999999857888 246.22000000023056 246.22000000416767 246.22000001259156 246.22000002872448 246.22000005626987 246.22000009794806 246.2200001532955 246.22000021671494 246.22000027729015 246.22000032140448 246.22000033760486 246.22000032140448 246.22000027729015 246.22000021671494 246.2200001532955 246.22000009794806 246.22000005626987 246.22000002872448 246.22000001259156 246.22000000416767 246.22000000023056 246.21999999857888 246.21999999795565 246.21999999774386 246.21999999767894 246.21999999766098 246.21999999791134 246.21999999791254 246.21999999791734 246.21999999793474 246.2199999979914 246.21999999815816 246.2199999986001 246.21999999965357 246.22000000190758 246.22000000622432 246.22000001359476 246.22000002474675 246.22000003955628 246.22000005652566 246.22000007273402 246.22000008453787 246.22000008887267 246.22000008453787 246.22000007273402 246.22000005652566 246.22000003955628 246.22000002474675 246.22000001359476 246.22000000622432 246.22000000190758 246.21999999965357 246.2199999986001 246.21999999815816 246.2199999979914 246.21999999793474 246.21999999791734 246.21999999791254 246.21999999815267 246.21999999815296 246.21999999815412 246.21999999815836 246.21999999817209 246.21999999821256 246.21999999831982 246.21999999857547 246.21999999912248 246.22000000017005 246.2200000019587 246.22000000466505 246.22000000825903 246.22000001237714 246.22000001631056 246.2200000191751 246.22000002022708 246.2200000191751 246.22000001631056 246.22000001237714 246.22000000825903 246.22000000466505 246.2200000019587 246.22000000017005 246.21999999912248 246.21999999857547 246.21999999831982 246.21999999821256 246.21999999817209 246.21999999815836 246.21999999815412 246.21999999815296 246.21999998806294 246.21999998806317 246.21999998806402 246.21999998806717 246.21999998807743 246.21999998810762 246.21999998818765 246.21999998837836 246.21999998878647 246.219999989568 246.2199999909024 246.2199999929215 246.21999999560273 246.21999999867504 246.22000000160955 246.22000000374663 246.22000000453144 246.22000000374663 246.22000000160955 246.21999999867504 246.21999999560273 246.2199999929215 246.2199999909024 246.219999989568 246.21999998878647 246.21999998837836 246.21999998818765 246.21999998810762 246.21999998807743 246.21999998806717 246.21999998806402 246.21999998806317 246.2199999880916 246.21999998809258 246.21999998809653 246.2199999881108 246.21999998815744 246.2199999882946 246.21999998865815 246.2199999895247 246.21999999137878 246.21999999492965 246.2200000009924 246.2200000101658 246.2200000223478 246.2200000363064 246.22000004963905 246.22000005934862 246.22000006291432 246.22000005934862 246.22000004963905 246.2200000363064 246.2200000223478 246.2200000101658 246.2200000009924 246.21999999492965 246.21999999137878 246.2199999895247 246.21999998865815 246.2199999882946 246.21999998815744 246.2199999881108 246.21999998809653 246.21999998809258 246.2199999881635 246.2199999881676 246.21999998818387 246.21999998824276 246.21999998843486 246.2199999890001 246.2199999904981 246.21999999406893 246.22000000170902 246.22000001634098 246.22000004132354 246.22000007912402 246.22000012932196 246.2200001868409 246.22000024178024 246.2200002817902 246.2200002964833 246.2200002817902 246.22000024178024 246.2200001868409 246.22000012932196 246.22000007912402 246.22000004132354 246.22000001634098 246.22000000170902 246.21999999406893 246.2199999904981 246.2199999890001 246.21999998843486 246.21999998824276 246.21999998818387 246.2199999881676 246.21999998828034 246.21999998829554 246.21999998835645 246.2199999885765 246.21999998929445 246.21999999140687 246.21999999700537 246.22000001035053 246.22000003890383 246.22000009358754 246.2200001869546 246.2200003282257 246.22000051582972 246.22000073079434 246.22000093611834 246.22000108564694 246.22000114055922 246.22000108564694 246.22000093611834 246.22000073079434 246.22000051582972 246.2200003282257 246.2200001869546 246.22000009358754 246.22000003890383 246.22000001035053 246.21999999700537 246.21999999140687 246.21999998929445 246.2199999885765 246.21999998835645 246.21999998829554 246.21999998844692 246.2199999884985 246.21999998870487 246.21999998945077 246.21999999188435 246.21999999904452 246.220000018021 246.22000006325538 246.2200001600388 246.22000034539303 246.2200006618672 246.22000114071554 246.2200017766126 246.22000250525022 246.22000320121032 246.220003708048 246.22000389417707 246.220003708048 246.22000320121032 246.22000250525022 246.2200017766126 246.22000114071554 246.2200006618672 246.22000034539303 246.2200001600388 246.22000006325538 246.220000018021 246.21999999904452 246.21999999188435 246.21999998945077 246.21999998870487 246.2199999884985 246.21999998867605 246.21999998883462 246.21999998946904 246.21999999176214 246.21999999924347 246.2200000212553 246.22000007959298 246.22000021865276 246.220000516185 246.2200010860022 246.22000205890922 246.22000353098795 246.2200054858669 246.22000772584954 246.22000986537475 246.2200114234986 246.22001199569775 246.2200114234986 246.22000986537475 246.22000772584954 246.2200054858669 246.22000353098795 246.22000205890922 246.2200010860022 246.220000516185 246.22000021865276 246.22000007959298 246.2200000212553 246.21999999924347 246.21999999176214 246.21999998946904 246.21999998883462 246.21999998899767 246.21999998943974 246.21999999120865 246.21999999760223 246.22000001846155 246.22000007983456 246.22000024249078 246.22000063021508 246.22000145978984 246.2200030485453 246.22000576118938 246.22000986561633 246.2200153161793 246.2200215616639 246.2200275270547 246.22003187139126 246.22003346678798 246.22003187139126 246.2200275270547 246.2200215616639 246.2200153161793 246.22000986561633 246.22000576118938 246.2200030485453 246.22000145978984 246.22000063021508 246.22000024249078 246.22000007983456 246.22000001846155 246.21999999760223 246.21999999120865 246.21999998943974 246.2199999894726 246.2199999905905 246.2199999950637 246.2200000112316 246.22000006398014 246.22000021917856 246.2200006304993 246.22000161096616 246.22000370877277 246.22000772637534 246.22001458603768 246.2200249652035 246.22003874844233 246.22005454185785 246.22006962697955 246.22008061282241 246.2200846472193 246.22008061282241 246.22006962697955 246.22005454185785 246.22003874844233 246.2200249652035 246.22001458603768 246.22000772637534 246.22000370877277 246.22000161096616 246.2200006304993 246.22000021917856 246.22000006398014 246.2200000112316 246.2199999950637 246.2199999905905 246.21999999019334 246.21999999275724 246.22000000301642 246.22000004009755 246.2200001610762 246.22000051702344 246.2200014603867 246.2200037090854 246.2200085204005 246.22001773476362 246.22003346738484 246.22005727197998 246.2200888838095 246.22012510597503 246.22015970367013 246.2201848996778 246.22019415255866 246.2201848996778 246.22015970367013 246.22012510597503 246.2200888838095 246.22005727197998 246.22003346738484 246.22001773476362 246.2200085204005 246.2200037090854 246.2200014603867 246.22000051702344 246.2200001610762 246.22000004009755 246.22000000301642 246.21999999275724 246.21999999131594 246.21999999664916 246.22000001798943 246.22000009512232 246.22000034677149 246.2200010871817 246.2200030494832 246.22000772702904 246.22001773510468 246.22003690201453 246.22006962763325 246.220119143864 246.22018490001886 246.22026024619038 246.22033221328098 246.22038462380604 246.22040387083717 246.22038462380604 246.22033221328098 246.22026024619038 246.22018490001886 246.220119143864 246.22006962763325 246.22003690201453 246.22001773510468 246.22000772702904 246.2200030494832 246.2200010871817 246.22000034677149 246.22000009512232 246.22000001798943 246.21999999664916 246.21999999301983 246.2200000030814 246.22000004334149 246.22000018885885 246.22000066361514 246.2200020604582 246.22000576249678 246.22001458706086 246.22003346809538 246.22006962800273 246.22013136749794 246.2202247838247 246.2203488380663 246.22049098464066 246.2206267563089 246.22072563295322 246.22076194401572 246.22072563295322 246.2206267563089 246.22049098464066 246.2203488380663 246.2202247838247 246.22013136749794 246.22006962800273 246.22003346809538 246.22001458706086 246.22000576249678 246.2200020604582 246.22000066361514 246.22000018885885 246.22000004334149 246.2200000030814 246.2199999954368 246.2200000126527 246.22000008153987 246.22000033052785 246.22000114286138 246.22000353293484 246.22000986732164 246.22002496662458 246.22005727308843 246.22011914463138 246.2202247842226 246.22038462457343 246.2205968880415 246.22084010846245 246.22107242107666 246.221241604324 246.22130373450153 246.221241604324 246.22107242107666 246.22084010846245 246.2205968880415 246.22038462457343 246.2202247842226 246.22011914463138 246.22005727308843 246.22002496662458 246.22000986732164 246.22000353293484 246.22000114286138 246.22000033052785 246.22000008153987 246.2200000126527 246.21999999853017 246.2200000252468 246.22000013214992 246.220000518544 246.22000177917056 246.2200054882259 246.22001531829673 246.22003875027553 246.22008888533006 246.22018490119837 246.2203488388763 246.22059688845363 246.2209262912813 246.22130373491365 246.2216642511754 246.22192679960438 246.22202321683696 246.22192679960438 246.2216642511754 246.22130373491365 246.2209262912813 246.22059688845363 246.2203488388763 246.22018490119837 246.22008888533006 246.22003875027553 246.22001531829673 246.2200054882259 246.22000177917056 246.220000518544 246.22000013214992 246.2200000252468 246.2200000020288 246.22000003963174 246.2200001900952 246.22000073393494 246.2200025082345 246.22000772863487 246.22002156420766 246.22005454411737 246.22012510792192 246.2202602477962 246.220490985877 246.2208401093009 246.22130373533997 246.22183497758064 246.22234239498093 246.22271192516692 246.2228476299511 246.22271192516692 246.22234239498093 246.22183497758064 246.22130373533997 246.2208401093009 246.220490985877 246.2202602477962 246.22012510792192 246.22005454411737 246.22002156420766 246.22000772863487 246.2200025082345 246.22000073393494 246.2200001900952 246.22000003963174 246.22000000540385 246.22000005340493 246.22000024547506 246.22000093969947 246.22000320463513 246.2200098686006 246.22002753003898 246.2200696296796 246.22015970605756 246.22033221532735 246.22062675798577 246.22107242235563 246.22166425204227 246.22234239542146 246.22299012582417 246.22346183991218 246.2236350703029 246.22346183991218 246.22299012582417 246.22234239542146 246.22166425204227 246.22107242235563 246.22062675798577 246.22033221532735 246.22015970605756 246.2200696296796 246.22002753003898 246.2200098686006 246.22000320463513 246.22000093969947 246.22000024547506 246.22000005340493 246.22000000799568 246.22000006356924 246.22000028593976 246.22000108968282 246.22000371192757 246.2200114271792 246.22003187483028 246.22008061597722 246.22018490251997 246.22038462630715 246.22072563508485 246.22124160605773 246.22192680092598 246.2227119260622 246.22346184036692 246.22400797057915 246.22420852924904 246.22400797057915 246.22346184036692 246.2227119260622 246.22192680092598 246.22124160605773 246.22072563508485 246.22038462630715 246.22018490251997 246.22008061597722 246.22003187483028 246.2200114271792 246.22000371192757 246.22000108968282 246.22000028593976 246.22000006356924 246.22000000923524 246.2200000675897 246.22000030108762 246.22000114504985 246.22000389851138 246.2200119998331 246.22003347068176 246.22008465082885 246.22019415585558 246.22040387379303 246.2207619466021 246.22130373669 246.22202321861332 246.22284763130114 246.22363507121239 246.2242085297038 246.22441912430136 246.2242085297038 246.22363507121239 246.22284763130114 246.22202321861332 246.22130373669 246.2207619466021 246.22040387379303 246.22019415585558 246.22008465082885 246.22003347068176 246.2200119998331 246.22000389851138 246.22000114504985 246.22000030108762 246.2200000675897 246.22000000890517 246.22000006447874 246.22000028684926 246.22000109059232 246.22000371283707 246.2200114280887 246.22003187573978 246.22008061688672 246.22018490342947 246.22038462721665 246.22072563599434 246.22124160696723 246.22192680183548 246.2227119269717 246.22346184127642 246.22400797148865 246.22420853015853 246.22400797148865 246.22346184127642 246.2227119269717 246.22192680183548 246.22124160696723 246.22072563599434 246.22038462721665 246.22018490342947 246.22008061688672 246.22003187573978 246.2200114280887 246.22000371283707 246.22000109059232 246.22000028684926 246.22000006447874 246.22000000720863 246.2200000552097 246.22000024727984 246.22000094150425 246.2200032064399 246.2200098704054 246.22002753184375 246.2200696314844 246.22015970786234 246.22033221713212 246.22062675979055 246.2210724241604 246.22166425384705 246.22234239722624 246.22299012762895 246.22346184171695 246.22363507210767 246.22346184171695 246.22299012762895 246.22234239722624 246.22166425384705 246.2210724241604 246.22062675979055 246.22033221713212 246.22015970786234 246.2200696314844 246.22002753184375 246.2200098704054 246.2200032064399 246.22000094150425 246.22000024727984 246.2200000552097 246.22000000471465 246.2200000423176 246.22000019278104 246.2200007366208 246.22000251092035 246.22000773132072 246.2200215668935 246.22005454680323 246.22012511060777 246.22026025048206 246.22049098856286 246.22084011198675 246.22130373802582 246.2218349802665 246.22234239766678 246.22271192785277 246.22284763263696 246.22271192785277 246.22234239766678 246.2218349802665 246.22130373802582 246.22084011198675 246.22049098856286 246.22026025048206 246.22012511060777 246.22005454680323 246.2200215668935 246.22000773132072 246.22000251092035 246.2200007366208 246.22000019278104 246.2200000423176 246.22000000208288 246.22000002879952 246.22000013570263 246.2200005220967 246.22000178272327 246.2200054917786 246.22001532184944 246.22003875382825 246.22008888888277 246.22018490475108 246.22034884242902 246.22059689200634 246.22092629483402 246.22130373846636 246.22166425472813 246.2219268031571 246.22202322038967 246.2219268031571 246.22166425472813 246.22130373846636 246.22092629483402 246.22059689200634 246.22034884242902 246.22018490475108 246.22008888888277 246.22003875382825 246.22001532184944 246.2200054917786 246.22000178272327 246.2200005220967 246.22000013570263 246.22000002879952 246.21999999981375 246.22000001702963 246.2200000859168 246.2200003349048 246.22000114723832 246.22000353731178 246.22000987169858 246.22002497100152 246.22005727746537 246.22011914900833 246.22022478859955 246.22038462895037 246.22059689241846 246.2208401128394 246.2210724254536 246.22124160870095 246.22130373887848 246.22124160870095 246.2210724254536 246.2208401128394 246.22059689241846 246.22038462895037 246.22022478859955 246.22011914900833 246.22005727746537 246.22002497100152 246.22000987169858 246.22000353731178 246.22000114723832 246.2200003349048 246.2200000859168 246.22000001702963 246.2199999982068 246.22000000826836 246.22000004852845 246.2200001940458 246.2200006688021 246.22000206564516 246.22000576768374 246.22001459224782 246.22003347328234 246.2200696331897 246.2201313726849 246.22022478901167 246.22034884325325 246.22049098982762 246.22062676149585 246.22072563814018 246.22076194920268 246.22072563814018 246.22062676149585 246.22049098982762 246.22034884325325 246.22022478901167 246.2201313726849 246.2200696331897 246.22003347328234 246.22001459224782 246.22000576768374 246.22000206564516 246.2200006688021 246.2200001940458 246.22000004852845 246.22000000826836 246.21999999725608 246.2200000025893 246.22000002392957 246.22000010106245 246.22000035271162 246.22000109312185 246.22000305542335 246.22000773296918 246.2200177410448 246.22003690795466 246.2200696335734 246.22011914980413 246.220184905959 246.22026025213052 246.22033221922112 246.22038462974618 246.2204038767773 246.22038462974618 246.22033221922112 246.22026025213052 246.220184905959 246.22011914980413 246.2200696335734 246.22003690795466 246.2200177410448 246.22000773296918 246.22000305542335 246.22000109312185 246.22000035271162 246.22000010106245 246.22000002392957 246.2200000025893 246.21999999684402 246.21999999940792 246.2200000096671 246.22000004674823 246.22000016772688 246.22000052367412 246.22000146703738 246.22000371573608 246.2200085270512 246.2200177414143 246.22003347403552 246.22005727863066 246.22008889046018 246.2201251126257 246.22015971032081 246.22018490632848 246.22019415920934 246.22018490632848 246.22015971032081 246.2201251126257 246.22008889046018 246.22005727863066 246.22003347403552 246.2200177414143 246.2200085270512 246.22000371573608 246.22000146703738 246.22000052367412 246.22000016772688 246.22000004674823 246.2200000096671 246.21999999940792 246.2199999967912 246.2199999979091 246.22000000238228 246.2200000185502 246.22000007129873 246.22000022649715 246.2200006378179 246.22000161828475 246.22000371609136 246.22000773369393 246.22001459335627 246.22002497252208 246.22003875576092 246.22005454917644 246.22006963429814 246.220080620141 246.22008465453789 246.220080620141 246.22006963429814 246.22005454917644 246.22003875576092 246.22002497252208 246.22001459335627 246.22000773369393 246.22000371609136 246.22000161828475 246.2200006378179 246.22000022649715 246.22000007129873 246.2200000185502 246.22000000238228 246.2199999979091 246.21999999694154 246.2199999973836 246.21999999915252 246.2200000055461 246.22000002640542 246.22000008777843 246.22000025043465 246.22000063815895 246.2200014677337 246.22000305648916 246.22000576913325 246.2200098735602 246.22001532412318 246.22002156960778 246.22002753499856 246.22003187933512 246.22003347473185 246.22003187933512 246.22002753499856 246.22002156960778 246.22001532412318 246.2200098735602 246.22000576913325 246.22000305648916 246.2200014677337 246.22000063815895 246.22000025043465 246.22000008777843 246.22000002640542 246.2200000055461 246.21999999915252 246.2199999973836 246.21999999717414 246.2199999973327 246.21999999796714 246.22000000026023 246.22000000774156 246.22000002975338 246.22000008809107 246.22000022715085 246.2200005246831 246.2200010945003 246.2200020674073 246.22000353948604 246.22000549436498 246.22000773434763 246.22000987387284 246.22001143199668 246.22001200419584 246.22001143199668 246.22000987387284 246.22000773434763 246.22000549436498 246.22000353948604 246.2200020674073 246.2200010945003 246.2200005246831 246.22000022715085 246.22000008809107 246.22000002975338 246.22000000774156 246.22000000026023 246.21999999796714 246.2199999973327 246.21999999742818 246.21999999747976 246.21999999768613 246.21999999843203 246.2200000008656 246.22000000802578 246.22000002700227 246.22000007223664 246.22000016902007 246.2200003543743 246.22000067084846 246.2200011496968 246.22000178559387 246.22000251423148 246.22000321019158 246.22000371702927 246.22000390315833 246.22000371702927 246.22000321019158 246.22000251423148 246.22000178559387 246.2200011496968 246.22000067084846 246.2200003543743 246.22000016902007 246.22000007223664 246.22000002700227 246.22000000802578 246.2200000008656 246.21999999843203 246.21999999768613 246.21999999747976 246.21999999770213 246.21999999771734 246.21999999777825 246.2199999979983 246.21999999871625 246.22000000082866 246.22000000642717 246.22000001977233 246.22000004832563 246.22000010300934 246.2200001963764 246.2200003376475 246.22000052525152 246.22000074021614 246.22000094554014 246.22000109506874 246.22000114998102 246.22000109506874 246.22000094554014 246.22000074021614 246.22000052525152 246.2200003376475 246.2200001963764 246.22000010300934 246.22000004832563 246.22000001977233 246.22000000642717 246.22000000082866 246.21999999871625 246.2199999979983 246.21999999777825 246.21999999771734 246.21999999794056 246.21999999794465 246.21999999796094 246.21999999801983 246.21999999821193 246.21999999877715 246.22000000027518 246.220000003846 246.2200000114861 246.22000002611804 246.2200000511006 246.2200000889011 246.22000013909903 246.22000019661797 246.2200002515573 246.22000029156726 246.22000030626037 246.22000029156726 246.2200002515573 246.22000019661797 246.22000013909903 246.2200000889011 246.2200000511006 246.22000002611804 246.2200000114861 246.220000003846 246.22000000027518 246.21999999877715 246.21999999821193 246.21999999801983 246.21999999796094 246.21999999794465 246.21999999816708 246.21999999816808 246.21999999817203 246.2199999981863 246.21999999823294 246.2199999983701 246.21999999873364 246.2199999996002 246.22000000145428 246.22000000500515 246.2200000110679 246.2200000202413 246.2200000324233 246.2200000463819 246.22000005971455 246.22000006942412 246.22000007298982 246.22000006942412 246.22000005971455 246.2200000463819 246.2200000324233 246.2200000202413 246.2200000110679 246.22000000500515 246.22000000145428 246.2199999996002 246.21999999873364 246.2199999983701 246.21999999823294 246.2199999981863 246.21999999817203 246.21999999816808 246.21999998827624 246.2199999882769 246.21999998827957 246.21999998828923 246.21999998832078 246.2199999884136 246.2199999886596 246.21999998924593 246.21999999050047 246.2199999929031 246.21999999700537 246.2200000032124 246.22000001145514 246.22000002090002 246.22000002992132 246.22000003649114 246.22000003890383 246.22000003649114 246.22000002992132 246.22000002090002 246.22000001145514 246.2200000032124 246.21999999700537 246.2199999929031 246.21999999050047 246.21999998924593 246.2199999886596 246.2199999884136 246.21999998832078 246.21999998828923 246.21999998827957 246.2199999882769 246.21999998830532 246.21999998830836 246.21999998832052 246.21999998836444 246.21999998850777 246.21999998892946 246.21999999004703 246.21999999271102 246.2199999984109 246.22000000932698 246.22000002796514 246.220000056166 246.22000009361597 246.2200001365277 246.22000017751495 246.2200002073642 246.2200002183259 246.2200002073642 246.22000017751495 246.2200001365277 246.22000009361597 246.220000056166 246.22000002796514 246.22000000932698 246.2199999984109 246.21999999271102 246.21999999004703 246.21999998892946 246.21999998850777 246.21999998836444 246.21999998832052 246.21999998830836 246.21999998836483 246.21999998837737 246.21999998842745 246.21999998860846 246.21999998919904 246.21999999093666 246.21999999554185 246.22000000651929 246.2200000300066 246.22000007498818 246.2200001517898 246.22000026799626 246.22000042231514 246.22000059914018 246.2200007680351 246.22000089103398 246.2200009362036 246.22000089103398 246.2200007680351 246.22000059914018 246.22000042231514 246.22000026799626 246.2200001517898 246.22000007498818 246.2200000300066 246.22000000651929 246.21999999554185 246.21999999093666 246.21999998919904 246.21999998860846 246.21999998842745 246.21999998837737 246.21999998848818 246.21999998853497 246.21999998872215 246.21999998939867 246.21999999160582 246.2199999980998 246.22000001531075 246.22000005633652 246.2200001441153 246.22000031222427 246.22000059925386 246.22000103355046 246.22000161028404 246.22000227112966 246.22000290233808 246.22000336201992 246.22000353083163 246.22000336201992 246.22000290233808 246.22000227112966 246.22000161028404 246.22000103355046 246.22000059925386 246.22000031222427 246.2200001441153 246.22000005633652 246.22000001531075 246.2199999980998 246.21999999160582 246.21999998939867 246.21999998872215 246.21999998853497 246.21999998867605 246.21999998883462 246.21999998946904 246.21999999176214 246.21999999924347 246.2200000212553 246.22000007959298 246.22000021865276 246.220000516185 246.2200010860022 246.22000205890922 246.22000353098795 246.2200054858669 246.22000772584954 246.22000986537475 246.2200114234986 246.22001199569775 246.2200114234986 246.22000986537475 246.22000772584954 246.2200054858669 246.22000353098795 246.22000205890922 246.2200010860022 246.220000516185 246.22000021865276 246.22000007959298 246.2200000212553 246.21999999924347 246.21999999176214 246.21999998946904 246.21999998883462 246.21999998896783 246.21999998945526 246.21999999140561 246.21999999845508 246.22000002145424 246.22000008912312 246.2200002684652 246.2200006959637 246.22000161063932 246.2200033623752 246.22000635329238 246.22001087876666 246.2200168884686 246.22002377463815 246.22003035198082 246.22003514197553 246.22003690103398 246.22003514197553 246.22003035198082 246.22002377463815 246.2200168884686 246.22001087876666 246.22000635329238 246.2200033623752 246.22000161063932 246.2200006959637 246.2200002684652 246.22000008912312 246.22000002145424 246.21999999845508 246.21999999140561 246.21999998945526 246.2199999894554 246.21999999081442 246.2199999962524 246.2200000159076 246.22000008003351 246.2200002687068 246.22000076874565 246.22000196069024 246.2200045109745 246.2200093951371 246.2200177343657 246.2200303522224 246.22004710837948 246.22006630828992 246.22008464713403 246.22009800252246 246.22010290710176 246.22009800252246 246.22008464713403 246.22006630828992 246.22004710837948 246.2200303522224 246.2200177343657 246.2200093951371 246.2200045109745 246.22000196069024 246.22000076874565 246.2200002687068 246.22000008003351 246.2200000159076 246.2199999962524 246.21999999081442 246.21999999031175 246.21999999374842 246.22000000749983 246.22000005720338 246.2200002193633 246.2200006964753 246.22000196096025 246.22000497511803 246.22001142420913 246.22002377514974 246.22004486316945 246.22007677087024 246.22011914339504 246.22016769561841 246.22021407040015 246.22024784315158 246.22026024572142 246.22024784315158 246.22021407040015 246.22016769561841 246.22011914339504 246.22007677087024 246.22004486316945 246.22002377514974 246.22001142420913 246.22000497511803 246.22000196096025 246.2200006964753 246.2200002193633 246.22000005720338 246.22000000749983 246.21999999374842 246.21999999187892 246.21999999976094 246.22000003129978 246.2200001452948 246.22000051720818 246.22000161146354 246.22000451155714 246.22001142452177 246.22002621549873 246.22005454235523 246.2201029076844 246.2201760879296 246.22027326922677 246.22038462364972 246.22049098411486 246.22056844184976 246.2205968871178 246.22056844184976 246.22049098411486 246.22038462364972 246.22027326922677 246.2201760879296 246.2201029076844 246.22005454235523 246.22002621549873 246.22001142452177 246.22000451155714 246.22000161146354 246.22000051720818 246.2200001452948 246.22000003129978 246.21999999976094 246.2199999946226 246.22000001101807 246.22000007662243 246.22000031374483 246.22000108736646 246.22000336354048 246.22000939606082 246.22002377580344 246.2200545426963 246.22011346573848 246.22021407105385 246.2203662941808 246.22056844219082 246.22080007189393 246.221021313604 246.22118243438985 246.22124160374136 246.22118243438985 246.221021313604 246.22080007189393 246.22056844219082 246.2203662941808 246.22021407105385 246.22011346573848 246.2200545426963 246.22002377580344 246.22000939606082 246.22000336354048 246.22000108736646 246.22000031374483 246.22000007662243 246.22000001101807 246.21999999908016 246.2200000300115 246.22000015377932 246.2200006011297 246.22000206062873 246.22000635481294 246.2200177356447 246.22004486417842 246.22010290838074 246.22021407140912 246.2204038713772 246.2206910524722 246.22107242084928 246.22150940879663 246.2219267989649 246.22223076620452 246.2223423939151 246.22223076620452 246.2219267989649 246.22150940879663 246.22107242084928 246.2206910524722 246.2204038713772 246.22021407140912 246.22010290838074 246.22004486417842 246.2200177356447 246.22000635481294 246.22000206062873 246.2200006011297 246.22000015377932 246.2200000300115 246.22000000568508 246.22000005861025 246.22000027038368 246.2200010358242 246.22000353310537 246.22001088068512 246.2200303538993 246.2200767722771 246.22017608902382 246.22036629493397 246.2206910528701 246.22118243514302 246.22183497691273 246.22258268675347 246.22329686374192 246.2238169680096 246.22400796901596 246.2238169680096 246.22329686374192 246.22258268675347 246.22183497691273 246.22118243514302 246.2206910528701 246.22036629493397 246.22017608902382 246.2200767722771 246.2200303538993 246.22001088068512 246.22000353310537 246.2200010358242 246.22000027038368 246.22000005861025 246.22000001432573 246.22000009645814 246.22000042510047 246.22000161295568 246.2200054883822 246.22001689078496 246.22004711045426 246.22011914519982 246.2202732707189 246.2205684433419 246.2210724216451 246.22183497731064 246.2228476296811 246.22400796941386 246.22511627091097 246.22592339904287 246.2262198055425 246.22592339904287 246.22511627091097 246.22400796941386 246.2228476296811 246.22183497731064 246.2210724216451 246.2205684433419 246.2202732707189 246.22011914519982 246.22004711045426 246.22001689078496 246.2200054883822 246.22000161295568 246.22000042510047 246.22000009645814 246.22000002419693 246.22000013979618 246.22000060235183 246.22000227422762 246.2200077287912 246.22002377738085 246.22006631079103 246.22016769784952 246.2203846255682 246.22080007347134 246.22150941001877 246.2225826875777 246.2240079698402 246.2256411182806 246.22720102423784 246.22833703640103 246.22875422095393 246.22833703640103 246.22720102423784 246.2256411182806 246.2240079698402 246.2225826875777 246.22150941001877 246.22080007347134 246.2203846255682 246.22016769784952 246.22006631079103 246.22002377738085 246.2200077287912 246.22000227422762 246.22000060235183 246.22000013979618 246.22000003364457 246.22000018120977 246.22000077167309 246.22000290586237 246.22000986874272 246.22003035514985 246.22008465006147 246.22021407305758 246.22049098645965 246.22102131560774 246.22192680061335 246.22329686499248 246.22511627176362 246.22720102466417 246.22919228178966 246.23064242838603 246.23117497440893 246.23064242838603 246.22919228178966 246.22720102466417 246.22511627176362 246.22329686499248 246.22192680061335 246.22102131560774 246.22049098645965 246.22021407305758 246.22008465006147 246.22003035514985 246.22000986874272 246.22000290586237 246.22000077167309 246.22000018120977 246.22000004065492 246.22000021149955 246.2200008951125 246.22000336598475 246.2200114273071 246.2200351455851 246.22009800589043 246.22024784624955 246.2205684446351 246.2211824368341 246.2222307682935 246.2238169697007 246.22592340033606 246.2283370372679 246.23064242882657 246.23232134596856 246.23293790476959 246.23232134596856 246.23064242882657 246.2283370372679 246.22592340033606 246.2238169697007 246.2222307682935 246.2211824368341 246.2205684446351 246.22024784624955 246.22009800589043 246.2200351455851 246.2200114273071 246.22000336598475 246.2200008951125 246.22000021149955 246.22000004352236 246.220000222916 246.22000094073687 246.2200035352512 246.220011999961 246.22003690509828 246.22010291092448 246.22026024927413 246.22059689035788 246.22124160664038 246.22234239645886 246.2240079711618 246.22621980729045 246.22875422227554 246.2311749753042 246.23293790522433 246.2335853165412 246.23293790522433 246.2311749753042 246.22875422227554 246.22621980729045 246.2240079711618 246.22234239645886 246.22124160664038 246.22059689035788 246.22026024927413 246.22010291092448 246.22003690509828 246.220011999961 246.2200035352512 246.22000094073687 246.220000222916 246.2200000415502 246.22000021239484 246.22000089600778 246.22000336688004 246.22001142820238 246.22003514648037 246.22009800678572 246.22024784714483 246.22056844553038 246.2211824377294 246.2222307691888 246.22381697059598 246.22592340123134 246.22833703816318 246.23064242972185 246.23232134686384 246.23293790566487 246.23232134686384 246.23064242972185 246.22833703816318 246.22592340123134 246.22381697059598 246.2222307691888 246.2211824377294 246.22056844553038 246.22024784714483 246.22009800678572 246.22003514648037 246.22001142820238 246.22000336688004 246.22000089600778 246.22000021239484 246.22000003542092 246.22000018298613 246.22000077344944 246.22000290763873 246.22000987051908 246.2200303569262 246.22008465183782 246.22021407483393 246.220490988236 246.2210213173841 246.2219268023897 246.22329686676883 246.22511627353998 246.22720102644053 246.22919228356602 246.2306424301624 246.2311749761853 246.2306424301624 246.22919228356602 246.22720102644053 246.22511627353998 246.22329686676883 246.2219268023897 246.2210213173841 246.220490988236 246.22021407483393 246.22008465183782 246.2200303569262 246.22000987051908 246.22000290763873 246.22000077344944 246.22000018298613 246.22000002682594 246.2200001424252 246.22000060498084 246.22000227685663 246.2200077314202 246.22002378000985 246.22006631342003 246.22016770047853 246.2203846281972 246.22080007610035 246.22150941264778 246.2225826902067 246.2240079724692 246.22564112090961 246.22720102686685 246.22833703903004 246.22875422358294 246.22833703903004 246.22720102686685 246.22564112090961 246.2240079724692 246.2225826902067 246.22150941264778 246.22080007610035 246.2203846281972 246.22016770047853 246.22006631342003 246.22002378000985 246.2200077314202 246.22000227685663 246.22000060498084 246.2200001424252 246.2200000178074 246.2200000999398 246.22000042858213 246.22000161643734 246.22000549186387 246.22001689426662 246.22004711393592 246.22011914868148 246.22027327420057 246.22056844682356 246.22107242512675 246.2218349807923 246.22284763316276 246.22400797289552 246.22511627439263 246.22592340252453 246.22621980902417 246.22592340252453 246.22511627439263 246.22400797289552 246.22284763316276 246.2218349807923 246.22107242512675 246.22056844682356 246.22027327420057 246.22011914868148 246.22004711393592 246.22001689426662 246.22000549186387 246.22000161643734 246.22000042858213 246.2200000999398 246.22000000997676 246.22000006290193 246.22000027467536 246.22000104011587 246.22000353739705 246.2200108849768 246.22003035819097 246.2200767765688 246.2201760933155 246.22036629922565 246.2206910571618 246.2211824394347 246.2218349812044 246.22258269104515 246.2232968680336 246.22381697230128 246.22400797330764 246.22381697230128 246.2232968680336 246.22258269104515 246.2218349812044 246.2211824394347 246.2206910571618 246.22036629922565 246.2201760933155 246.2200767765688 246.22003035819097 246.2200108849768 246.22000353739705 246.22000104011587 246.22000027467536 246.22000006290193 246.22000000416764 246.220000035099 246.2200001588668 246.22000060621718 246.22000206571622 246.22000635990042 246.22001774073217 246.2200448692659 246.22010291346822 246.2202140764966 246.22040387646467 246.2206910575597 246.22107242593677 246.22150941388412 246.22192680405237 246.222230771292 246.2223423990026 246.222230771292 246.22192680405237 246.22150941388412 246.22107242593677 246.2206910575597 246.22040387646467 246.2202140764966 246.22010291346822 246.2200448692659 246.22001774073217 246.22000635990042 246.22000206571622 246.22000060621718 246.2200001588668 246.220000035099 246.22000000044906 246.22000001684452 246.22000008244888 246.22000031957128 246.2200010931929 246.22000336936694 246.22000940188727 246.2200237816299 246.22005454852274 246.22011347156493 246.2202140768803 246.22036630000724 246.22056844801727 246.22080007772038 246.22102131943046 246.2211824402163 246.2212416095678 246.2211824402163 246.22102131943046 246.22080007772038 246.22056844801727 246.22036630000724 246.2202140768803 246.22011347156493 246.22005454852274 246.2200237816299 246.22000940188727 246.22000336936694 246.2200010931929 246.22000031957128 246.22000008244888 246.22000001684452 246.21999999841591 246.22000000629794 246.22000003783677 246.22000015183178 246.22000052374517 246.22000161800054 246.22000451809413 246.22001143105877 246.22002622203573 246.22005454889222 246.2201029142214 246.22017609446658 246.22027327576376 246.22038463018671 246.22049099065185 246.22056844838676 246.2205968936548 246.22056844838676 246.22049099065185 246.22038463018671 246.22027327576376 246.22017609446658 246.2201029142214 246.22005454889222 246.22002622203573 246.22001143105877 246.22000451809413 246.22000161800054 246.22000052374517 246.22000015183178 246.22000003783677 246.22000000629794 246.21999999751665 246.22000000095332 246.22000001470474 246.22000006440828 246.2200002265682 246.2200007036802 246.22000196816515 246.22000498232293 246.22001143141404 246.22002378235464 246.22004487037435 246.22007677807514 246.22011915059994 246.22016770282332 246.22021407760505 246.2202478503565 246.22026025292632 246.2202478503565 246.22021407760505 246.22016770282332 246.22011915059994 246.22007677807514 246.22004487037435 246.22002378235464 246.22001143141404 246.22000498232293 246.22000196816515 246.2200007036802 246.2200002265682 246.22000006440828 246.22000001470474 246.22000000095332 246.21999999725716 246.21999999861617 246.22000000405416 246.22000002370936 246.22000008783527 246.22000027650856 246.2200007765474 246.220001968492 246.22000451877625 246.22000940293887 246.22001774216747 246.22003036002417 246.22004711618123 246.22006631609167 246.2200846549358 246.22009801032422 246.22010291490352 246.22009801032422 246.2200846549358 246.22006631609167 246.22004711618123 246.22003036002417 246.22001774216747 246.22000940293887 246.22000451877625 246.220001968492 246.2200007765474 246.22000027650856 246.22000008783527 246.22000002370936 246.22000000405416 246.21999999861617 246.2199999973096 246.21999999779703 246.2199999997474 246.22000000679685 246.220000029796 246.2200000974649 246.22000027680699 246.22000070430548 246.2200016189811 246.22000337071697 246.22000636163415 246.22001088710843 246.22001689681036 246.22002378297992 246.2200303603226 246.2200351503173 246.22003690937575 246.2200351503173 246.2200303603226 246.22002378297992 246.22001689681036 246.22001088710843 246.22000636163415 246.22000337071697 246.2200016189811 246.22000070430548 246.22000027680699 246.2200000974649 246.220000029796 246.22000000679685 246.2199999997474 246.21999999779703 246.2199999975152 246.21999999767377 246.2199999983082 246.2200000006013 246.22000000808262 246.22000003009444 246.22000008843213 246.2200002274919 246.22000052502415 246.22000109484136 246.22000206774837 246.2200035398271 246.22000549470604 246.2200077346887 246.2200098742139 246.22001143233774 246.2200120045369 246.22001143233774 246.2200098742139 246.2200077346887 246.22000549470604 246.2200035398271 246.22000206774837 246.22000109484136 246.22000052502415 246.2200002274919 246.22000008843213 246.22000003009444 246.22000000808262 246.2200000006013 246.2199999983082 246.21999999767377 246.21999999773945 246.21999999778623 246.21999999797342 246.21999999864994 246.22000000085708 246.22000000735108 246.220000024562 246.22000006558778 246.22000015336656 246.22000032147554 246.22000060850513 246.22000104280173 246.2200016195353 246.22000228038092 246.22000291158935 246.2200033712712 246.2200035400829 246.2200033712712 246.22000291158935 246.22000228038092 246.2200016195353 246.22000104280173 246.22000060850513 246.22000032147554 246.22000015336656 246.22000006558778 246.220000024562 246.22000000735108 246.22000000085708 246.21999999864994 246.21999999797342 246.21999999778623 246.21999999798558 246.21999999799812 246.2199999980482 246.2199999982292 246.2199999988198 246.2200000005574 246.2200000051626 246.22000001614003 246.22000003962734 246.22000008460893 246.22000016141055 246.220000277617 246.2200004319359 246.22000060876093 246.22000077765586 246.22000090065472 246.22000094582435 246.22000090065472 246.22000077765586 246.22000060876093 246.2200004319359 246.220000277617 246.22000016141055 246.22000008460893 246.22000003962734 246.22000001614003 246.2200000051626 246.2200000005574 246.2199999988198 246.2199999982292 246.2199999980482 246.21999999799812 246.21999999821028 246.21999999821332 246.2199999982255 246.2199999982694 246.21999999841273 246.21999999883442 246.219999999952 246.220000002616 246.22000000831588 246.22000001923195 246.2200000378701 246.22000006607095 246.22000010352093 246.22000014643265 246.2200001874199 246.22000021726916 246.22000022823087 246.22000021726916 246.2200001874199 246.22000014643265 246.22000010352093 246.22000006607095 246.2200000378701 246.22000001923195 246.22000000831588 246.220000002616 246.219999999952 246.21999999883442 246.21999999841273 246.2199999982694 246.2199999982255 246.21999999821332 246.21999998853238 246.21999998853423 246.2199999885417 246.21999998856865 246.2199999886566 246.2199999889154 246.2199999896012 246.21999999123605 246.21999999473397 246.22000000143294 246.2200000128708 246.22000003017712 246.22000005315942 246.2200000794935 246.22000010464657 246.22000012296445 246.22000012969144 246.22000012296445 246.22000010464657 246.2200000794935 246.22000005315942 246.22000003017712 246.2200000128708 246.22000000143294 246.21999999473397 246.21999999123605 246.2199999896012 246.2199999889154 246.2199999886566 246.21999998856865 246.2199999885417 246.21999998853423 246.21999998854844 246.2199999885569 246.21999998859079 246.21999998871328 246.2199999891129 246.2199999902886 246.21999999340466 246.22000000083236 246.22000001672467 246.2200000471607 246.2200000991273 246.22000017775653 246.22000028217388 246.2200004018197 246.22000051609973 246.22000059932492 246.22000062988823 246.22000059932492 246.22000051609973 246.2200004018197 246.22000028217388 246.22000017775653 246.2200000991273 246.2200000471607 246.22000001672467 246.22000000083236 246.21999999340466 246.2199999902886 246.2199999891129 246.21999998871328 246.21999998859079 246.2199999885569 246.21999998862697 246.21999998866184 246.21999998880148 246.2199999893062 246.21999999095286 246.21999999579765 246.22000000863778 246.2200000392449 246.22000010473184 246.22000023014877 246.22000044428592 246.2200007682909 246.22000119856037 246.22000169158125 246.2200021624914 246.22000250543496 246.22000263137616 246.22000250543496 246.2200021624914 246.22000169158125 246.22000119856037 246.2200007682909 246.22000044428592 246.22000023014877 246.22000010473184 246.2200000392449 246.22000000863778 246.21999999579765 246.21999999095286 246.2199999893062 246.21999998880148 246.21999998866184 246.2199999887676 246.21999998889802 246.21999998941988 246.21999999130614 246.21999999746012 246.22000001556654 246.2200000635538 246.22000017794127 246.22000042268462 246.22000089140346 246.22000169169493 246.22000290259388 246.22000451063343 246.2200063531929 246.22000811311833 246.22000939479605 246.22000986547422 246.22000939479605 246.22000811311833 246.2200063531929 246.22000451063343 246.22000290259388 246.22000169169493 246.22000089140346 246.22000042268462 246.22000017794127 246.2200000635538 246.22000001556654 246.21999999746012 246.21999999130614 246.21999998941988 246.21999998889802 246.21999998899767 246.21999998943974 246.21999999120865 246.21999999760223 246.22000001846155 246.22000007983456 246.22000024249078 246.22000063021508 246.22000145978984 246.2200030485453 246.22000576118938 246.22000986561633 246.2200153161793 246.2200215616639 246.2200275270547 246.22003187139126 246.22003346678798 246.22003187139126 246.2200275270547 246.2200215616639 246.2200153161793 246.22000986561633 246.22000576118938 246.2200030485453 246.22000145978984 246.22000063021508 246.22000024249078 246.22000007983456 246.22000001846155 246.21999999760223 246.21999999120865 246.21999998943974 246.2199999894554 246.21999999081442 246.2199999962524 246.2200000159076 246.22000008003351 246.2200002687068 246.22000076874565 246.22000196069024 246.2200045109745 246.2200093951371 246.2200177343657 246.2200303522224 246.22004710837948 246.22006630828992 246.22008464713403 246.22009800252246 246.22010290710176 246.22009800252246 246.22008464713403 246.22006630828992 246.22004710837948 246.2200303522224 246.2200177343657 246.2200093951371 246.2200045109745 246.22000196069024 246.22000076874565 246.2200002687068 246.22000008003351 246.2200000159076 246.2199999962524 246.21999999081442 246.2199999903686 246.21999999415783 246.2200000093199 246.22000006412225 246.2200002429171 246.22000076897302 246.22000216317352 246.2200054865348 246.22001259719758 246.22002621514346 246.2200494664504 246.2200846473614 246.22013136661687 246.22018489950727 246.22023603158604 246.2202732688715 246.22028694374293 246.2202732688715 246.22023603158604 246.22018489950727 246.22013136661687 246.2200846473614 246.2200494664504 246.22002621514346 246.22001259719758 246.2200054865348 246.22000216317352 246.22000076897302 246.2200002429171 246.22000006412225 246.2200000093199 246.21999999415783 246.21999999227344 246.22000000185554 246.22000004019702 246.2200001787797 246.22000063091141 246.22000196118762 246.2200054868048 246.22001389083252 246.2200318720876 246.2200663087873 246.2201251060745 246.22021407062752 246.2203322130394 246.22046758559034 246.22059688703254 246.2206910516906 246.22072563234215 246.2206910516906 246.22059688703254 246.22046758559034 246.2203322130394 246.22021407062752 246.2201251060745 246.2200663087873 246.2200318720876 246.22001389083252 246.2200054868048 246.22000196118762 246.22000063091141 246.2200001787797 246.22000004019702 246.22000000185554 246.2199999960698 246.22000001804628 246.2200001059824 246.2200004238215 246.2200014607846 246.2200045117703 246.22001259776602 246.22003187238602 246.22007311235694 246.22015209285587 246.22028694431137 246.22049098432802 246.22076194370308 246.2210724203661 246.2213689729539 246.22158493940063 246.22166425005275 246.22158493940063 246.2213689729539 246.2210724203661 246.22076194370308 246.22049098432802 246.22028694431137 246.22015209285587 246.22007311235694 246.22003187238602 246.22001259776602 246.2200045117703 246.2200014607846 246.2200004238215 246.2200001059824 246.22000001804628 246.22000000310982 246.22000004882338 246.22000023174039 246.2200008928814 246.22000304988111 246.22000939627398 246.22002621605296 246.22006630942678 246.22015209319693 246.22031638150293 246.22059688767203 246.22102131381718 246.2215849397417 246.2222307660624 246.22284762874318 246.2232968632019 246.22346183826372 246.2232968632019 246.22284762874318 246.2222307660624 246.2215849397417 246.22102131381718 246.22059688767203 246.22031638150293 246.22015209319693 246.22006630942678 246.22002621605296 246.22000939627398 246.22000304988111 246.2200008928814 246.22000023174039 246.22000004882338 246.22000001490295 246.22000010114525 246.2200004462328 246.22000169352813 246.22000576288048 246.22001773585785 246.22004946771517 246.22012510706926 246.2202869450077 246.2205968880273 246.22112608533405 246.22192679917805 246.22299012453098 246.2242085275011 246.22537228824956 246.22621980495987 246.22653104359915 246.22621980495987 246.22537228824956 246.2242085275011 246.22299012453098 246.22192679917805 246.22112608533405 246.2205968880273 246.2202869450077 246.22012510706926 246.22004946771517 246.22001773585785 246.22000576288048 246.22000169352813 246.2200004462328 246.22000010114525 246.22000003257875 246.22000018014396 246.22000077060727 246.22000290479656 246.2200098676769 246.22003035408403 246.22008464899565 246.22021407199176 246.22049098539384 246.22102131454193 246.22192679954753 246.22329686392666 246.2251162706978 246.22720102359835 246.22919228072385 246.23064242732022 246.23117497334312 246.23064242732022 246.22919228072385 246.22720102359835 246.2251162706978 246.22329686392666 246.22192679954753 246.22102131454193 246.22049098539384 246.22021407199176 246.22008464899565 246.22003035408403 246.2200098676769 246.22000290479656 246.22000077060727 246.22000018014396 246.22000005595896 246.2200002849592 246.22000120127464 246.22000451323402 246.2200153186378 246.220047110639 246.22013136864902 246.22033221480154 246.2207619451668 246.22158494086435 246.22299012529837 246.22511627109571 246.2279397326199 246.23117497374102 246.23426512266627 246.23651554471823 246.23734198069138 246.23651554471823 246.23426512266627 246.23117497374102 246.2279397326199 246.22511627109571 246.22299012529837 246.22158494086435 246.2207619451668 246.22033221480154 246.22013136864902 246.220047110639 246.2200153186378 246.22000451323402 246.22000120127464 246.2200002849592 246.22000008271937 246.22000040503136 246.22000169472184 246.2200063562198 246.22002156454872 246.22006631097577 246.22018490196575 246.2204675877788 246.22107242225616 246.2222307676114 246.22420852869482 246.22720102442258 246.23117497415313 246.23572849312885 246.24007779855685 246.24324520992846 246.24440839738347 246.24324520992846 246.24007779855685 246.23572849312885 246.23117497415313 246.22720102442258 246.22420852869482 246.2222307676114 246.22107242225616 246.2204675877788 246.22018490196575 246.22006631097577 246.22002156454872 246.2200063562198 246.22000169472184 246.22000040503136 246.22000010828455 246.2200005197235 246.2200021660441 246.22000811655735 246.22002753035162 246.220084650232 246.22023603445663 246.22059688963313 246.22136897525607 246.22284763070428 246.2253722898554 246.2291922819602 246.2342651235047 246.24007779898318 246.24562979100176 246.24967306709397 246.2511579035979 246.24967306709397 246.24562979100176 246.24007779898318 246.2342651235047 246.2291922819602 246.2253722898554 246.22284763070428 246.22136897525607 246.22059688963313 246.22023603445663 246.220084650232 246.22002753035162 246.22000811655735 246.2200021660441 246.2200005197235 246.22000012704297 246.22000060338922 246.2200025094282 246.22000939867561 246.2200318751287 246.22009800606097 246.22027327218262 246.22069105473173 246.22158494214332 246.22329686560354 246.22621980700623 246.2306424289971 246.2365155459972 246.24324521079532 246.2496730675345 246.25435419808917 246.25607327770896 246.25435419808917 246.2496730675345 246.24324521079532 246.2365155459972 246.2306424289971 246.22621980700623 246.22329686560354 246.22158494214332 246.22069105473173 246.22027327218262 246.22009800606097 246.2200318751287 246.22000939867561 246.2200025094282 246.22000060338922 246.22000013419628 246.22000063437886 246.22000263579574 246.2200098697801 246.22003347095176 246.2201029110666 246.2202869474804 246.2207256358096 246.22166425322177 246.22346184109168 246.22653104607184 246.23117497544632 246.23734198239669 246.24440839867665 246.25115790446478 246.2560732781353 246.25787838025798 246.2560732781353 246.25115790446478 246.24440839867665 246.23734198239669 246.23117497544632 246.22653104607184 246.22346184109168 246.22166425322177 246.2207256358096 246.2202869474804 246.2201029110666 246.22003347095176 246.2200098697801 246.22000263579574 246.22000063437886 246.22000012790983 246.2200006042561 246.22000251029507 246.22000939954248 246.22003187599557 246.22009800692783 246.2202732730495 246.2206910555986 246.22158494301019 246.2232968664704 246.2262198078731 246.23064242986396 246.23651554686407 246.24324521166218 246.24967306840136 246.25435419895604 246.25607327857583 246.25435419895604 246.24967306840136 246.24324521166218 246.23651554686407 246.23064242986396 246.2262198078731 246.2232968664704 246.22158494301019 246.2206910555986 246.2202732730495 246.22009800692783 246.22003187599557 246.22000939954248 246.22000251029507 246.2200006042561 246.22000011001828 246.22000052145722 246.22000216777784 246.22000811829108 246.22002753208534 246.22008465196572 246.22023603619036 246.22059689136685 246.2213689769898 246.222847632438 246.2253722915891 246.22919228369392 246.23426512523844 246.2400778007169 246.24562979273549 246.2496730688277 246.25115790533164 246.2496730688277 246.24562979273549 246.2400778007169 246.23426512523844 246.22919228369392 246.2253722915891 246.222847632438 246.2213689769898 246.22059689136685 246.22023603619036 246.22008465196572 246.22002753208534 246.22000811829108 246.22000216777784 246.22000052145722 246.22000008529153 246.22000040760352 246.220001697294 246.22000635879198 246.22002156712088 246.22006631354793 246.22018490453792 246.22046759035098 246.22107242482832 246.22223077018356 246.22420853126698 246.22720102699475 246.2311749767395 246.23572849571522 246.24007780114323 246.24324521251484 246.24440839996984 246.24324521251484 246.24007780114323 246.23572849571522 246.2311749767395 246.22720102699475 246.22420853126698 246.22223077018356 246.22107242482832 246.22046759035098 246.22018490453792 246.22006631354793 246.22002156712088 246.22000635879198 246.220001697294 246.22000040760352 246.22000005936957 246.22000028836982 246.22000120468525 246.22000451664462 246.2200153220484 246.2200471140496 246.22013137205963 246.22033221821215 246.2207619485774 246.22158494427495 246.22299012870897 246.22511627450632 246.2279397360305 246.23117497715162 246.23426512607688 246.23651554812884 246.237341984102 246.23651554812884 246.23426512607688 246.23117497715162 246.2279397360305 246.22511627450632 246.22299012870897 246.22158494427495 246.2207619485774 246.22033221821215 246.22013137205963 246.2200471140496 246.2200153220484 246.22000451664462 246.22000120468525 246.22000028836982 246.22000003679938 246.22000018436458 246.2200007748279 246.22000290901718 246.22000987189753 246.22003035830465 246.22008465321628 246.2202140762124 246.22049098961446 246.22102131876255 246.22192680376816 246.2232968681473 246.22511627491843 246.22720102781898 246.22919228494447 246.23064243154084 246.23117497756374 246.23064243154084 246.22919228494447 246.22720102781898 246.22511627491843 246.2232968681473 246.22192680376816 246.22102131876255 246.22049098961446 246.2202140762124 246.22008465321628 246.22003035830465 246.22000987189753 246.22000290901718 246.2200007748279 246.22000018436458 246.22000001987675 246.22000010611904 246.2200004512066 246.22000169850193 246.22000576785427 246.22001774083165 246.22004947268897 246.22012511204306 246.2202869499815 246.2205968930011 246.22112609030785 246.22192680415185 246.22299012950478 246.2242085324749 246.22537229322336 246.22621980993367 246.22653104857295 246.22621980993367 246.22537229322336 246.2242085324749 246.22299012950478 246.22192680415185 246.22112609030785 246.2205968930011 246.2202869499815 246.22012511204306 246.22004947268897 246.22001774083165 246.22000576785427 246.22000169850193 246.2200004512066 246.22000010611904 246.22000000882258 246.22000005453614 246.22000023745315 246.22000089859415 246.22000305559388 246.22000940198674 246.22002622176572 246.22006631513955 246.2201520989097 246.2203163872157 246.2205968933848 246.22102131952994 246.22158494545445 246.22223077177517 246.22284763445595 246.22329686891467 246.22346184397648 246.22329686891467 246.22284763445595 246.22223077177517 246.22158494545445 246.22102131952994 246.2205968933848 246.2203163872157 246.2201520989097 246.22006631513955 246.22002622176572 246.22000940198674 246.22000305559388 246.22000089859415 246.22000023745315 246.22000005453614 246.22000000247888 246.22000002445537 246.2200001123915 246.22000043023058 246.2200014671937 246.2200045181794 246.2200126041751 246.2200318787951 246.22007311876604 246.22015209926496 246.22028695072046 246.22049099073712 246.22076195011218 246.2210724267752 246.221368979363 246.22158494580972 246.22166425646185 246.22158494580972 246.221368979363 246.2210724267752 246.22076195011218 246.22049099073712 246.22028695072046 246.22015209926496 246.22007311876604 246.2200318787951 246.2200126041751 246.2200045181794 246.2200014671937 246.22000043023058 246.2200001123915 246.22000002445537 246.21999999932203 246.22000000890412 246.2200000472456 246.2200001858283 246.22000063796 246.2200019682362 246.2200054938534 246.2200138978811 246.22003187913617 246.22006631583588 246.2201251131231 246.2202140776761 246.22033222008798 246.22046759263893 246.22059689408113 246.2206910587392 246.22072563939074 246.2206910587392 246.22059689408113 246.22046759263893 246.22033222008798 246.2202140776761 246.2201251131231 246.22006631583588 246.22003187913617 246.2200138978811 246.2200054938534 246.2200019682362 246.22000063796 246.2200001858283 246.2200000472456 246.22000000890412 246.21999999799982 246.22000000178906 246.22000001695113 246.22000007175347 246.22000025054834 246.22000077660425 246.22000217080475 246.22000549416603 246.2200126048288 246.2200262227747 246.22004947408163 246.22008465499263 246.2201313742481 246.2201849071385 246.22023603921727 246.22027327650272 246.22028695137416 246.22027327650272 246.22023603921727 246.2201849071385 246.2201313742481 246.22008465499263 246.22004947408163 246.2200262227747 246.2200126048288 246.22000549416603 246.22000217080475 246.22000077660425 246.22000025054834 246.22000007175347 246.22000001695113 246.22000000178906 246.21999999762664 246.21999999898566 246.22000000442364 246.22000002407884 246.22000008820476 246.22000027687804 246.2200007769169 246.22000196886148 246.22000451914573 246.22000940330835 246.22001774253695 246.22003036039365 246.22004711655072 246.22006631646116 246.22008465530527 246.2200980106937 246.220102915273 246.2200980106937 246.22008465530527 246.22006631646116 246.22004711655072 246.22003036039365 246.22001774253695 246.22000940330835 246.22000451914573 246.22000196886148 246.2200007769169 246.22000027687804 246.22000008820476 246.22000002407884 246.22000000442364 246.21999999898566 246.21999999763787 246.21999999807994 246.21999999984885 246.22000000624243 246.22000002710175 246.22000008847476 246.22000025113098 246.22000063885528 246.22000146843004 246.2200030571855 246.22000576982958 246.22000987425653 246.2200153248195 246.2200215703041 246.2200275356949 246.22003188003146 246.22003347542818 246.22003188003146 246.2200275356949 246.2200215703041 246.2200153248195 246.22000987425653 246.22000576982958 246.2200030571855 246.22000146843004 246.22000063885528 246.22000025113098 246.22000008847476 246.22000002710175 246.22000000624243 246.21999999984885 246.21999999807994 246.2199999978199 246.21999999795034 246.2199999984722 246.22000000035845 246.22000000651244 246.22000002461886 246.22000007260613 246.2200001869936 246.22000043173693 246.22000090045577 246.22000170074725 246.2200029116462 246.22000451968574 246.22000636224521 246.22000812217064 246.22000940384837 246.22000987452654 246.22000940384837 246.22000812217064 246.22000636224521 246.22000451968574 246.2200029116462 246.22000170074725 246.22000090045577 246.22000043173693 246.2200001869936 246.22000007260613 246.22000002461886 246.22000000651244 246.22000000035845 246.2199999984722 246.21999999795034 246.21999999803455 246.21999999806943 246.21999999820906 246.21999999871377 246.22000000036044 246.22000000520524 246.22000001804537 246.22000004865248 246.22000011413942 246.22000023955636 246.2200004536935 246.2200007776985 246.22000120796795 246.22000170098883 246.22000217189898 246.22000251484255 246.22000264078375 246.22000251484255 246.22000217189898 246.22000170098883 246.22000120796795 246.2200007776985 246.2200004536935 246.22000023955636 246.22000011413942 246.22000004865248 246.22000001804537 246.22000000520524 246.22000000036044 246.21999999871377 246.21999999820906 246.21999999806943 246.21999999824024 246.2199999982487 246.2199999982826 246.2199999984051 246.2199999988047 246.21999999998042 246.22000000309646 246.22000001052416 246.22000002641647 246.2200000568525 246.2200001088191 246.22000018744833 246.2200002918657 246.2200004115115 246.22000052579153 246.22000060901672 246.22000063958004 246.22000060901672 246.22000052579153 246.2200004115115 246.2200002918657 246.22000018744833 246.2200001088191 246.2200000568525 246.22000002641647 246.22000001052416 246.22000000309646 246.21999999998042 246.2199999988047 246.2199999984051 246.2199999982826 246.2199999982487 246.2199999888174 246.2199999888221 246.21999998884095 246.21999998890914 246.21999998913154 246.21999998978595 246.21999999152027 246.2199999956544 246.2200000044998 246.22000002144003 246.2200000503638 246.22000009412756 246.22000015224455 246.2200002188375 246.2200002824439 246.2200003287657 246.22000034577673 246.2200003287657 246.2200002824439 246.2200002188375 246.22000015224455 246.22000009412756 246.2200000503638 246.22000002144003 246.2200000044998 246.2199999956544 246.21999999152027 246.21999998978595 246.21999998913154 246.21999998890914 246.21999998884095 246.2199999888221 246.21999998883632 246.21999998885772 246.2199999889434 246.21999998925315 246.21999999026366 246.21999999323683 246.22000000111657 246.22000001989954 246.22000006008759 246.2200001370535 246.2200002684652 246.22000046730068 246.22000073134856 246.22000103390573 246.220001322894 246.22000153335168 246.22000161063932 246.22000153335168 246.220001322894 246.22000103390573 246.22000073134856 246.22000046730068 246.2200002684652 246.2200001370535 246.22000006008759 246.22000001989954 246.22000000111657 246.21999999323683 246.21999999026366 246.21999998925315 246.2199999889434 246.21999998885772 246.21999998892622 246.21999998901447 246.21999998936758 246.21999999064388 246.2199999948079 246.2200000070593 246.2200000395291 246.22000011692754 246.22000028252916 246.2200005996802 246.2200011411845 246.2200019605197 246.22000304857372 246.22000429531178 246.2200054861369 246.22000635336343 246.22000667184022 246.22000635336343 246.2200054861369 246.22000429531178 246.22000304857372 246.2200019605197 246.2200011411845 246.2200005996802 246.22000028252916 246.22000011692754 246.2200000395291 246.2200000070593 246.2199999948079 246.21999999064388 246.21999998936758 246.21999998901447 246.21999998909388 246.21999998942368 246.21999999074336 246.21999999551326 246.22000001107529 246.22000005686232 246.22000017821128 246.2200004674712 246.2200010863717 246.22000227165546 246.22000429541126 246.22000735750035 246.22001142386807 246.22001608328347 246.22002053373615 246.22002377480868 246.22002496504717 246.22002377480868 246.22002053373615 246.22001608328347 246.22001142386807 246.22000735750035 246.22000429541126 246.22000227165546 246.2200010863717 246.2200004674712 246.22000017821128 246.22000005686232 246.22000001107529 246.21999999551326 246.21999999074336 246.21999998942368 246.2199999894726 246.2199999905905 246.2199999950637 246.2200000112316 246.22000006398014 246.22000021917856 246.2200006304993 246.22000161096616 246.22000370877277 246.22000772637534 246.22001458603768 246.2200249652035 246.22003874844233 246.22005454185785 246.22006962697955 246.22008061282241 246.2200846472193 246.22008061282241 246.22006962697955 246.22005454185785 246.22003874844233 246.2200249652035 246.22001458603768 246.22000772637534 246.22000370877277 246.22000161096616 246.2200006304993 246.22000021917856 246.22000006398014 246.2200000112316 246.2199999950637 246.2199999905905 246.21999999031175 246.21999999374842 246.22000000749983 246.22000005720338 246.2200002193633 246.2200006964753 246.22000196096025 246.22000497511803 246.22001142420913 246.22002377514974 246.22004486316945 246.22007677087024 246.22011914339504 246.22016769561841 246.22021407040015 246.22024784315158 246.22026024572142 246.22024784315158 246.22021407040015 246.22016769561841 246.22011914339504 246.22007677087024 246.22004486316945 246.22002377514974 246.22001142420913 246.22000497511803 246.22000196096025 246.2200006964753 246.2200002193633 246.22000005720338 246.22000000749983 246.21999999374842 246.21999999227344 246.22000000185554 246.22000004019702 246.2200001787797 246.22000063091141 246.22000196118762 246.2200054868048 246.22001389083252 246.2200318720876 246.2200663087873 246.2201251060745 246.22021407062752 246.2203322130394 246.22046758559034 246.22059688703254 246.2206910516906 246.22072563234215 246.2206910516906 246.22059688703254 246.22046758559034 246.2203322130394 246.22021407062752 246.2201251060745 246.2200663087873 246.2200318720876 246.22001389083252 246.2200054868048 246.22000196118762 246.22000063091141 246.2200001787797 246.22000004019702 246.22000000185554 246.2199999966776 246.22000002090851 246.22000011786545 246.22000046830965 246.22000161164829 246.2200049756154 246.22001389110252 246.2200351429845 246.22008061350454 246.2201676961158 246.22031638113344 246.22054135233137 246.2208401077235 246.22118243423353 246.22150940828504 246.2217475293704 246.22183497600324 246.2217475293704 246.22150940828504 246.22118243423353 246.2208401077235 246.22054135233137 246.22031638113344 246.2201676961158 246.22008061350454 246.2200351429845 246.22001389110252 246.2200049756154 246.22000161164829 246.22000046830965 246.22000011786545 246.22000002090851 246.2200000058072 246.22000006138077 246.2200002837513 246.22000108749435 246.2200037097391 246.22001142499073 246.2200318726418 246.22008061378875 246.2201849003315 246.22038462411868 246.22072563289638 246.22124160386926 246.2219267987375 246.22271192387373 246.22346183817845 246.22400796839068 246.22420852706057 246.22400796839068 246.22346183817845 246.22271192387373 246.2219267987375 246.22124160386926 246.22072563289638 246.22038462411868 246.2201849003315 246.22008061378875 246.2200318726418 246.22001142499073 246.2200037097391 246.22000108749435 246.2200002837513 246.22000006138077 246.22000002307428 246.22000013867353 246.22000060122917 246.22000227310497 246.22000772766853 246.2200237762582 246.22006630966837 246.22016769672686 246.22038462444553 246.22080007234868 246.2215094088961 246.22258268645504 246.22400796871753 246.22564111715795 246.22720102311519 246.22833703527837 246.22875421983127 246.22833703527837 246.22720102311519 246.22564111715795 246.22400796871753 246.22258268645504 246.2215094088961 246.22080007234868 246.22038462444553 246.22016769672686 246.22006630966837 246.2200237762582 246.22000772766853 246.22000227310497 246.22000060122917 246.22000013867353 246.22000005233912 246.2200002704263 246.22000114307454 246.22000429720183 246.22001458767193 246.22004486461896 246.22012510729664 246.22031638208557 246.22072563356429 246.22150940923717 246.22284762932583 246.22487245321975 246.22756136211999 246.2306424271781 246.233585314438 246.23572849217672 246.23651554417822 246.23572849217672 246.233585314438 246.2306424271781 246.22756136211999 246.22487245321975 246.22284762932583 246.22150940923717 246.22072563356429 246.22031638208557 246.22012510729664 246.22004486461896 246.22001458767193 246.22000429720183 246.22000114307454 246.2200002704263 246.22000009647235 246.22000046963126 246.22000196277924 246.2200073596604 246.22002496720722 246.22007677268923 246.22021407221914 246.22054135365298 246.22124160490665 246.22258268716558 246.22487245358923 246.22833703598891 246.2329379034906 246.23820977123412 246.24324520934582 246.24691230152865 246.24825898976175 246.24691230152865 246.24324520934582 246.23820977123412 246.2329379034906 246.22833703598891 246.22487245358923 246.22258268716558 246.22124160490665 246.22054135365298 246.22021407221914 246.22007677268923 246.22002496720722 246.2200073596604 246.22000196277924 246.22000046963126 246.22000015498725 246.22000073407705 246.22000305123115 246.22001142642603 246.22003875084397 246.22011914561193 246.22033221502892 246.220840109443 246.2219268001728 246.22400796982598 246.22756136288737 246.2329379038885 246.2400777983721 246.24825899015966 246.25607327665736 246.26176408414915 246.2638539534799 246.26176408414915 246.25607327665736 246.24825899015966 246.2400777983721 246.2329379038885 246.22756136288737 246.22400796982598 246.2219268001728 246.220840109443 246.22033221502892 246.22011914561193 246.22003875084397 246.22001142642603 246.22000305123115 246.22000073407705 246.2200002219781 246.22000103703212 246.22000429836712 246.22001608623933 246.2200545446574 246.2201676982332 246.22046758797777 246.22118243635094 246.22271192570693 246.2256411186643 246.2306424283434 246.23820977202993 246.24825899055756 246.25977380835747 246.2707722163638 246.27878188208294 246.28172331961358 246.27878188208294 246.2707722163638 246.25977380835747 246.24825899055756 246.23820977202993 246.2306424283434 246.2256411186643 246.22271192570693 246.22118243635094 246.22046758797777 246.2201676982332 246.2200545446574 246.22001608623933 246.22000429836712 246.22000103703212 246.2200002859966 246.2200013264325 246.22000548960435 246.22002053710412 246.2200696301912 246.22021407342706 246.22059688983208 246.22150941081458 246.22346184042377 246.22720102503365 246.2335853160154 246.24324521055374 246.25607327746738 246.27077221677592 246.28481194667745 246.2950364758305 246.29879129092996 246.2950364758305 246.28481194667745 246.27077221677592 246.25607327746738 246.24324521055374 246.2335853160154 246.22720102503365 246.22346184042377 246.22150941081458 246.22059688983208 246.22021407342706 246.2200696301912 246.22002053710412 246.22000548960435 246.2200013264325 246.22000033274475 246.2200015373165 246.2200063572572 246.22002377860298 246.2200806164604 246.22024784660482 246.22069105491647 246.22174753232625 246.22400797106232 246.22833703762316 246.23572849418045 246.2469123031629 246.2617640853855 246.27878188292138 246.29503647625683 246.306873994827 246.31122115769404 246.306873994827 246.29503647625683 246.27878188292138 246.2617640853855 246.2469123031629 246.23572849418045 246.22833703762316 246.22400797106232 246.22174753232625 246.22069105491647 246.22024784660482 246.2200806164604 246.22002377860298 246.2200063572572 246.2200015373165 246.2200003501821 246.22000161503047 246.22000667616032 246.2200249692678 246.2200846512836 246.22026024960098 246.22072563599434 246.22183497938542 246.22420853015853 246.22875422258818 246.23651554659406 246.24825899180811 246.26385395512835 246.28172332086413 246.2987912917684 246.31122115810615 246.31578585239285 246.31122115810615 246.2987912917684 246.28172332086413 246.26385395512835 246.24825899180811 246.23651554659406 246.22875422258818 246.22420853015853 246.22183497938542 246.22072563599434 246.22026024960098 246.2200846512836 246.2200249692678 246.22000667616032 246.22000161503047 246.2200003335832 246.22000153815495 246.22000635809565 246.22002377944142 246.22008061729883 246.22024784744326 246.2206910557549 246.2217475331647 246.22400797190076 246.2283370384616 246.2357284950189 246.24691230400134 246.26176408622393 246.27878188375982 246.29503647709527 246.30687399566543 246.31122115853248 246.30687399566543 246.29503647709527 246.27878188375982 246.26176408622393 246.24691230400134 246.2357284950189 246.2283370384616 246.22400797190076 246.2217475331647 246.2206910557549 246.22024784744326 246.22008061729883 246.22002377944142 246.22000635809565 246.22000153815495 246.2200002876877 246.2200013281236 246.22000549129544 246.2200205387952 246.2200696318823 246.22021407511815 246.22059689152317 246.22150941250567 246.22346184211486 246.22720102672474 246.23358531770648 246.24324521224483 246.25607327915847 246.27077221846702 246.28481194836854 246.2950364775216 246.29879129262105 246.2950364775216 246.28481194836854 246.27077221846702 246.25607327915847 246.24324521224483 246.23358531770648 246.22720102672474 246.22346184211486 246.22150941250567 246.22059689152317 246.22021407511815 246.2200696318823 246.2200205387952 246.22000549129544 246.2200013281236 246.22000022449342 246.22000103954744 246.22000430088244 246.22001608875465 246.2200545471727 246.22016770074853 246.2204675904931 246.22118243886626 246.22271192822225 246.22564112117962 246.23064243085872 246.23820977454525 246.24825899307288 246.2597738108728 246.27077221887913 246.27878188459826 246.2817233221289 246.27878188459826 246.27077221887913 246.2597738108728 246.24825899307288 246.23820977454525 246.23064243085872 246.22564112117962 246.22271192822225 246.22118243886626 246.2204675904931 246.22016770074853 246.2200545471727 246.22001608875465 246.22000430088244 246.22000103954744 246.2200001583126 246.2200007374024 246.22000305455649 246.22001142975137 246.2200387541693 246.22011914893727 246.22033221835426 246.22084011276834 246.22192680349815 246.22400797315132 246.2275613662127 246.23293790721385 246.24007780169745 246.248258993485 246.2560732799827 246.2617640874745 246.26385395680524 246.2617640874745 246.2560732799827 246.248258993485 246.24007780169745 246.23293790721385 246.2275613662127 246.22400797315132 246.22192680349815 246.22084011276834 246.22033221835426 246.22011914893727 246.2200387541693 246.22001142975137 246.22000305455649 246.2200007374024 246.22000010057928 246.2200004737382 246.22000196688617 246.22000736376734 246.22002497131416 246.22007677679616 246.22021407632607 246.2205413577599 246.2212416090136 246.22258269127252 246.22487245769616 246.22833704009585 246.23293790759755 246.23820977534106 246.24324521345275 246.2469123056356 246.2482589938687 246.2469123056356 246.24324521345275 246.23820977534106 246.23293790759755 246.22833704009585 246.22487245769616 246.22258269127252 246.2212416090136 246.2205413577599 246.22021407632607 246.22007677679616 246.22002497131416 246.22000736376734 246.22000196688617 246.2200004737382 246.22000005719923 246.22000027528642 246.22000114793465 246.22000430206194 246.22001459253204 246.22004486947907 246.22012511215675 246.22031638694568 246.2207256384244 246.22150941409728 246.22284763418594 246.22487245807986 246.2275613669801 246.23064243203822 246.2335853192981 246.23572849703683 246.23651554903833 246.23572849703683 246.2335853192981 246.23064243203822 246.2275613669801 246.22487245807986 246.22284763418594 246.22150941409728 246.2207256384244 246.22031638694568 246.22012511215675 246.22004486947907 246.22001459253204 246.22000430206194 246.22000114793465 246.22000027528642 246.22000002864493 246.22000014424418 246.22000060679983 246.22000227867562 246.22000773323919 246.22002378182884 246.22006631523902 246.22016770229752 246.22038463001618 246.22080007791934 246.22150941446677 246.2225826920257 246.22400797428818 246.2256411227286 246.22720102868584 246.22833704084903 246.22875422540193 246.22833704084903 246.22720102868584 246.2256411227286 246.22400797428818 246.2225826920257 246.22150941446677 246.22080007791934 246.22038463001618 246.22016770229752 246.22006631523902 246.22002378182884 246.22000773323919 246.22000227867562 246.22000060679983 246.22000014424418 246.22000001204577 246.22000006761934 246.22000028998985 246.22000109373292 246.22000371597767 246.2200114312293 246.22003187888038 246.22008062002732 246.22018490657007 246.22038463035724 246.22072563913494 246.22124161010782 246.22192680497608 246.2227119301123 246.22346184441702 246.22400797462925 246.22420853329913 246.22400797462925 246.22346184441702 246.2227119301123 246.22192680497608 246.22124161010782 246.22072563913494 246.22038463035724 246.22018490657007 246.22008062002732 246.22003187888038 246.2200114312293 246.22000371597767 246.22000109373292 246.22000028998985 246.22000006761934 246.22000000354143 246.22000002777236 246.2200001247293 246.2200004751735 246.22000161851213 246.22000498247925 246.22001389796637 246.22003514984834 246.22008062036838 246.22016770297964 246.2203163879973 246.2205413591952 246.22084011458733 246.22118244109737 246.2215094151489 246.22174753623423 246.22183498286708 246.22174753623423 246.2215094151489 246.22118244109737 246.22084011458733 246.2205413591952 246.2203163879973 246.22016770297964 246.22008062036838 246.22003514984834 246.22001389796637 246.22000498247925 246.22000161851213 246.2200004751735 246.2200001247293 246.22000002777236 246.21999999971993 246.22000000930203 246.2200000476435 246.2200001862262 246.2200006383579 246.2200019686341 246.2200054942513 246.220013898279 246.22003187953408 246.22006631623378 246.220125113521 246.220214078074 246.2203322204859 246.22046759303683 246.22059689447903 246.2206910591371 246.22072563978864 246.2206910591371 246.22059689447903 246.22046759303683 246.2203322204859 246.220214078074 246.220125113521 246.22006631623378 246.22003187953408 246.220013898279 246.2200054942513 246.2200019686341 246.2200006383579 246.2200001862262 246.2200000476435 246.22000000930203 246.21999999826983 246.2200000017065 246.2200000154579 246.22000006516146 246.22000022732138 246.22000070443337 246.22000196891833 246.2200049830761 246.2200114321672 246.22002378310782 246.22004487112753 246.22007677882831 246.22011915135312 246.2201677035765 246.22021407835823 246.22024785110966 246.2202602536795 246.22024785110966 246.22021407835823 246.2201677035765 246.22011915135312 246.22007677882831 246.22004487112753 246.22002378310782 246.2200114321672 246.2200049830761 246.22000196891833 246.22000070443337 246.22000022732138 246.22000006516146 246.2200000154579 246.2200000017065 246.21999999789963 246.21999999901755 246.22000000349072 246.22000001965864 246.22000007240717 246.2200002276056 246.22000063892634 246.2200016193932 246.2200037171998 246.22000773480238 246.22001459446471 246.22002497363053 246.22003875686937 246.22005455028489 246.2200696354066 246.22008062124945 246.22008465564633 246.22008062124945 246.2200696354066 246.22005455028489 246.22003875686937 246.22002497363053 246.22001459446471 246.22000773480238 246.2200037171998 246.2200016193932 246.22000063892634 246.2200002276056 246.22000007240717 246.22000001965864 246.22000000349072 246.21999999901755 246.21999999793303 246.21999999826284 246.2199999995825 246.2200000043524 246.22000001991444 246.22000006570147 246.22000018705043 246.22000047631036 246.22000109521085 246.2200022804946 246.2200043042504 246.2200073663395 246.22001143270722 246.22001609212262 246.2200205425753 246.22002378364783 246.22002497388632 246.22002378364783 246.2200205425753 246.22001609212262 246.22001143270722 246.2200073663395 246.2200043042504 246.2200022804946 246.22000109521085 246.22000047631036 246.22000018705043 246.22000006570147 246.22000001991444 246.2200000043524 246.2199999995825 246.21999999826284 246.21999999809222 246.21999999818047 246.21999999853358 246.2199999998099 246.2200000039739 246.2200000162253 246.2200000486951 246.22000012609354 246.22000029169516 246.2200006088462 246.2200011503505 246.2200019696857 246.22000305773972 246.22000430447778 246.2200054953029 246.22000636252943 246.22000668100623 246.22000636252943 246.2200054953029 246.22000430447778 246.22000305773972 246.2200019696857 246.2200011503505 246.2200006088462 246.22000029169516 246.22000012609354 246.2200000486951 246.2200000162253 246.2200000039739 246.2199999998099 246.21999999853358 246.21999999818047 246.21999999830075 246.21999999832215 246.21999999840784 246.21999999871758 246.2199999997281 246.22000000270125 246.220000010581 246.22000002936397 246.22000006955201 246.22000014651792 246.22000027792964 246.2200004767651 246.220000740813 246.22000104337016 246.22000133235844 246.2200015428161 246.22000162010374 246.2200015428161 246.22000133235844 246.22000104337016 246.220000740813 246.2200004767651 246.22000027792964 246.22000014651792 246.22000006955201 246.22000002936397 246.220000010581 246.22000000270125 246.2199999997281 246.21999999871758 246.21999999840784 246.21999999832215 246.21999998913174 246.21999998914256 246.21999998918582 246.21999998934217 246.21999998985228 246.21999999135312 246.21999999533082 246.22000000481245 246.22000002509935 246.22000006395172 246.2200001302883 246.22000023066036 246.22000036395164 246.22000051668238 246.22000066256354 246.2200007688025 246.22000080781726 246.2200007688025 246.22000066256354 246.22000051668238 246.22000036395164 246.22000023066036 246.2200001302883 246.22000006395172 246.22000002509935 246.22000000481245 246.21999999533082 246.21999999135312 246.21999998985228 246.21999998934217 246.21999998918582 246.21999998914256 246.219999989171 246.2199999892201 246.21999998941664 246.219999990127 246.2199999924446 246.21999999926356 246.22000001733574 246.22000006041443 246.2200001525856 246.22000032910677 246.2200006304993 246.22000108652801 246.22000169212126 246.2200023860355 246.2200030488295 246.22000353151375 246.22000370877277 246.22000353151375 246.2200030488295 246.2200023860355 246.22000169212126 246.22000108652801 246.2200006304993 246.22000032910677 246.2200001525856 246.22000006041443 246.22000001733574 246.21999999926356 246.2199999924446 246.219999990127 246.21999998941664 246.2199999892201 246.2199999892711 246.21999998947348 246.21999999028333 246.21999999321054 246.22000000276063 246.22000003085924 246.2200001053287 246.2200002828418 246.2200006626488 246.22000139003404 246.22000263197302 246.2200045111166 246.2200070065662 246.2200098659574 246.22001259711232 246.22001458609452 246.22001531652037 246.22001458609452 246.22001259711232 246.2200098659574 246.2200070065662 246.2200045111166 246.22000263197302 246.22000139003404 246.2200006626488 246.2200002828418 246.2200001053287 246.22000003085924 246.22000000276063 246.21999999321054 246.21999999028333 246.21999998947348 246.21999998954112 246.21999999029754 246.21999999332422 246.220000004264 246.22000003995544 246.22000014496794 246.22000042328148 246.22000108669855 246.2200025061455 246.22000522459138 246.22000986607108 246.22001688896597 246.22002621517188 246.22003690153136 246.22004710863527 246.22005454202838 246.22005727183787 246.22005454202838 246.22004710863527 246.22003690153136 246.22002621517188 246.22001688896597 246.22000986607108 246.22000522459138 246.2200025061455 246.22000108669855 246.22000042328148 246.22000014496794 246.22000003995544 246.220000004264 246.21999999332422 246.21999999029754 246.21999999019334 246.21999999275724 246.22000000301642 246.22000004009755 246.2200001610762 246.22000051702344 246.2200014603867 246.2200037090854 246.2200085204005 246.22001773476362 246.22003346738484 246.22005727197998 246.2200888838095 246.22012510597503 246.22015970367013 246.2201848996778 246.22019415255866 246.2201848996778 246.22015970367013 246.22012510597503 246.2200888838095 246.22005727197998 246.22003346738484 246.22001773476362 246.2200085204005 246.2200037090854 246.2200014603867 246.22000051702344 246.2200001610762 246.22000004009755 246.22000000301642 246.21999999275724 246.21999999187892 246.21999999976094 246.22000003129978 246.2200001452948 246.22000051720818 246.22000161146354 246.22000451155714 246.22001142452177 246.22002621549873 246.22005454235523 246.2201029076844 246.2201760879296 246.22027326922677 246.22038462364972 246.22049098411486 246.22056844184976 246.2205968871178 246.22056844184976 246.22049098411486 246.22038462364972 246.22027326922677 246.2201760879296 246.2201029076844 246.22005454235523 246.22002621549873 246.22001142452177 246.22000451155714 246.22000161146354 246.22000051720818 246.2200001452948 246.22000003129978 246.21999999976094 246.2199999960698 246.22000001804628 246.2200001059824 246.2200004238215 246.2200014607846 246.2200045117703 246.22001259776602 246.22003187238602 246.22007311235694 246.22015209285587 246.22028694431137 246.22049098432802 246.22076194370308 246.2210724203661 246.2213689729539 246.22158493940063 246.22166425005275 246.22158493940063 246.2213689729539 246.2210724203661 246.22076194370308 246.22049098432802 246.22028694431137 246.22015209285587 246.22007311235694 246.22003187238602 246.22001259776602 246.2200045117703 246.2200014607846 246.2200004238215 246.2200001059824 246.22000001804628 246.2200000058072 246.22000006138077 246.2200002837513 246.22000108749435 246.2200037097391 246.22001142499073 246.2200318726418 246.22008061378875 246.2201849003315 246.22038462411868 246.22072563289638 246.22124160386926 246.2219267987375 246.22271192387373 246.22346183817845 246.22400796839068 246.22420852706057 246.22400796839068 246.22346183817845 246.22271192387373 246.2219267987375 246.22124160386926 246.22072563289638 246.22038462411868 246.2201849003315 246.22008061378875 246.2200318726418 246.22001142499073 246.2200037097391 246.22000108749435 246.2200002837513 246.22000006138077 246.22000002637833 246.22000015383617 246.2200006638425 246.22000250722553 246.22000852133843 246.2200262162519 246.22007311289696 246.22018490061572 246.2204240815839 246.22088214767294 246.22166425059277 246.22284762894213 246.22441912194236 246.22621980480355 246.22793973169618 246.22919228019805 246.2296522610888 246.22919228019805 246.22793973169618 246.22621980480355 246.22441912194236 246.22284762894213 246.22166425059277 246.22088214767294 246.2204240815839 246.22018490061572 246.22007311289696 246.2200262162519 246.22000852133843 246.22000250722553 246.2200006638425 246.22000015383617 246.22000006554333 246.22000033066996 246.2200013915404 246.22000522598404 246.22001773601417 246.22005454342104 246.22015209370852 246.22038462471554 246.22088214798558 246.2218349768843 246.2234618387753 246.22592339861654 246.2291922805107 246.23293790305007 246.23651554410716 246.23912098563233 246.24007779753367 246.23912098563233 246.23651554410716 246.23293790305007 246.2291922805107 246.22592339861654 246.2234618387753 246.2218349768843 246.22088214798558 246.22038462471554 246.22015209370852 246.22005454342104 246.22001773601417 246.22000522598404 246.2200013915404 246.22000033066996 246.22000013222097 246.22000063240355 246.22000263382043 246.2200098678048 246.22003346897645 246.22010290909128 246.22028694550508 246.2207256338343 246.22166425124647 246.22346183911637 246.22653104409653 246.231174973471 246.23734198042138 246.24440839670135 246.25115790248947 246.25607327615998 246.25787837828267 246.25607327615998 246.25115790248947 246.24440839670135 246.23734198042138 246.231174973471 246.22653104409653 246.22346183911637 246.22166425124647 246.2207256338343 246.22028694550508 246.22010290909128 246.22003346897645 246.2200098678048 246.22000263382043 246.22000063240355 246.2200002329483 246.22000108878754 246.22000451331928 246.22001689105497 246.22005727392687 246.22017608969173 246.220490985877 246.22124160516245 246.2228476299511 246.22592339931288 246.23117497382628 246.23912098632866 246.2496730663408 246.26176408400704 246.27331285080618 246.28172331907356 246.28481194572532 246.28172331907356 246.27331285080618 246.26176408400704 246.2496730663408 246.23912098632866 246.23117497382628 246.22592339931288 246.2228476299511 246.22124160516245 246.220490985877 246.22017608969173 246.22005727392687 246.22001689105497 246.22000451331928 246.22000108878754 246.22000036662328 246.22000169476448 246.22000700915257 246.22002621764457 246.22008888614008 246.2202732713726 246.22076194563576 246.2219268004144 246.22441912333503 246.2291922815907 246.23734198116034 246.24967306672448 246.26604839982016 246.28481194610902 246.30273399588148 246.31578585098598 246.32057896193405 246.31578585098598 246.30273399588148 246.28481194610902 246.26604839982016 246.24967306672448 246.23734198116034 246.2291922815907 246.22441912333503 246.2219268004144 246.22076194563576 246.2202732713726 246.22008888614008 246.22002621764457 246.22000700915257 246.22000169476448 246.2200005197377 246.22000238906242 246.22000986892746 246.22003690438774 246.2201251086893 246.22038462617925 246.22107242268248 246.2227119259343 246.2262198065799 246.2329379045138 246.244408397824 246.26176408477443 246.2848119464927 246.31122115708297 246.33644598288956 246.35481613449852 246.36156231533562 246.35481613449852 246.33644598288956 246.31122115708297 246.2848119464927 246.26176408477443 246.244408397824 246.2329379045138 246.2262198065799 246.2227119259343 246.22107242268248 246.22038462617925 246.2201251086893 246.22003690438774 246.22000986892746 246.22000238906242 246.22000066603098 246.22000305226854 246.2200126004945 246.22004711190377 246.22015970679652 246.2204909870565 246.2213689756824 246.22346184065114 246.22793973388465 246.236515545983 246.25115790402424 246.27331285198568 246.30273399666308 246.33644598328746 246.36864607451272 246.3920960107845 246.400707671378 246.3920960107845 246.36864607451272 246.33644598328746 246.30273399666308 246.27331285198568 246.25115790402424 246.236515545983 246.22793973388465 246.22346184065114 246.2213689756824 246.2204909870565 246.22015970679652 246.22004711190377 246.2200126004945 246.22000305226854 246.22000077266785 246.22000353535068 246.2200145898746 246.22005454569478 246.2201849032021 246.22056844518931 246.22158494252702 246.22400797126127 246.22919228278442 246.23912098790606 246.25607327809266 246.28172332065097 246.3157858521797 246.35481613530854 246.39209601119663 246.41924533532986 246.429215544292 246.41924533532986 246.39209601119663 246.35481613530854 246.3157858521797 246.28172332065097 246.25607327809266 246.23912098790606 246.22919228278442 246.22400797126127 246.22158494252702 246.22056844518931 246.2201849032021 246.22005454569478 246.2200145898746 246.22000353535068 246.22000081209472 246.2200037130218 246.22001532071258 246.2200572759164 246.22019415649507 246.22059689086947 246.22166425359126 246.22420853034328 246.2296522640873 246.24007780021952 246.25787838062746 246.28481194771484 246.32057896353987 246.36156231655775 246.40070767220223 246.4292155447041 246.4396846615232 246.4292155447041 246.40070767220223 246.36156231655775 246.32057896353987 246.28481194771484 246.25787838062746 246.24007780021952 246.2296522640873 246.22420853034328 246.22166425359126 246.22059689086947 246.22019415649507 246.2200572759164 246.22001532071258 246.2200037130218 246.22000077349207 246.22000353617491 246.22001459069884 246.220054546519 246.22018490402633 246.22056844601354 246.22158494335125 246.2240079720855 246.22919228360865 246.2391209887303 246.2560732789169 246.2817233214752 246.31578585300392 246.35481613613277 246.39209601202086 246.4192453361541 246.42921554511622 246.4192453361541 246.39209601202086 246.35481613613277 246.31578585300392 246.2817233214752 246.2560732789169 246.2391209887303 246.22919228360865 246.2240079720855 246.22158494335125 246.22056844601354 246.22018490402633 246.220054546519 246.22001459069884 246.22000353617491 246.22000066766523 246.2200030539028 246.22001260212875 246.22004711353802 246.22015970843077 246.22049098869076 246.22136897731664 246.2234618422854 246.2279397355189 246.23651554761724 246.2511579056585 246.27331285361993 246.30273399831154 246.33644598493592 246.36864607616118 246.39209601243297 246.40070767302646 246.39209601243297 246.36864607616118 246.33644598493592 246.30273399831154 246.27331285361993 246.2511579056585 246.23651554761724 246.2279397355189 246.2234618422854 246.22136897731664 246.22049098869076 246.22015970843077 246.22004711353802 246.22001260212875 246.2200030539028 246.22000052218198 246.22000239150668 246.22000987137173 246.220036906832 246.22012511113357 246.22038462862352 246.22107242512675 246.22271192837857 246.22621980902417 246.23293790695806 246.24440840026827 246.2617640872187 246.28481194893698 246.31122115952724 246.33644598533382 246.3548161369428 246.36156231777989 246.3548161369428 246.33644598533382 246.31122115952724 246.28481194893698 246.2617640872187 246.24440840026827 246.23293790695806 246.22621980902417 246.22271192837857 246.22107242512675 246.22038462862352 246.22012511113357 246.220036906832 246.22000987137173 246.22000239150668 246.22000036984915 246.22000169799034 246.22000701237843 246.22002622087044 246.22008888936594 246.22027327459847 246.22076194886162 246.22192680364026 246.2244191265609 246.22919228481658 246.2373419843862 246.24967306995035 246.26604840304603 246.28481194933488 246.30273399910735 246.31578585421184 246.3205789651599 246.31578585421184 246.30273399910735 246.28481194933488 246.26604840304603 246.24967306995035 246.2373419843862 246.22919228481658 246.2244191265609 246.22192680364026 246.22076194886162 246.22027327459847 246.22008888936594 246.22002622087044 246.22000701237843 246.22000169799034 246.22000023694156 246.2200010927808 246.22000451731253 246.22001689504822 246.22005727792012 246.22017609368498 246.22049098987026 246.2212416091557 246.22284763394435 246.22592340330613 246.23117497781953 246.2391209903219 246.24967307033404 246.2617640880003 246.27331285479943 246.2817233230668 246.28481194971857 246.2817233230668 246.27331285479943 246.2617640880003 246.24967307033404 246.2391209903219 246.23117497781953 246.22592340330613 246.22284763394435 246.2212416091557 246.22049098987026 246.22017609368498 246.22005727792012 246.22001689504822 246.22000451731253 246.2200010927808 246.22000013693898 246.22000063712156 246.22000263853843 246.2200098725228 246.22003347369446 246.22010291380928 246.22028695022308 246.2207256385523 246.22166425596447 246.22346184383437 246.22653104881454 246.23117497818902 246.23734198513938 246.24440840141935 246.25115790720747 246.25607328087798 246.25787838300067 246.25607328087798 246.25115790720747 246.24440840141935 246.23734198513938 246.23117497818902 246.22653104881454 246.22346184383437 246.22166425596447 246.2207256385523 246.22028695022308 246.22010291380928 246.22003347369446 246.2200098725228 246.22000263853843 246.22000063712156 246.22000007095767 246.2200003360843 246.22000139695473 246.22000523139837 246.2200177414285 246.22005454883538 246.22015209912286 246.22038463012987 246.2208821533999 246.22183498229865 246.22346184418964 246.22592340403088 246.22919228592502 246.2329379084644 246.2365155495215 246.23912099104666 246.240077802948 246.23912099104666 246.2365155495215 246.2329379084644 246.22919228592502 246.22592340403088 246.22346184418964 246.22183498229865 246.2208821533999 246.22038463012987 246.22015209912286 246.22005454883538 246.2200177414285 246.22000523139837 246.22000139695473 246.2200003360843 246.22000003244636 246.2200001599042 246.22000066991055 246.22000251329357 246.22000852740646 246.22002622231994 246.220073118965 246.22018490668376 246.22042408765193 246.22088215374097 246.2216642566608 246.22284763501017 246.2244191280104 246.22621981087158 246.22793973776422 246.22919228626608 246.22965226715684 246.22919228626608 246.22793973776422 246.22621981087158 246.2244191280104 246.22284763501017 246.2216642566608 246.22088215374097 246.22042408765193 246.22018490668376 246.220073118965 246.22002622231994 246.22000852740646 246.22000251329357 246.22000066991055 246.2200001599042 246.2200000124721 246.22000006804566 246.22000029041618 246.22000109415924 246.220003716404 246.22001143165562 246.2200318793067 246.22008062045364 246.2201849069964 246.22038463078357 246.22072563956127 246.22124161053415 246.2219268054024 246.22271193053862 246.22346184484334 246.22400797505557 246.22420853372546 246.22400797505557 246.22346184484334 246.22271193053862 246.2219268054024 246.22124161053415 246.22072563956127 246.22038463078357 246.2201849069964 246.22008062045364 246.2200318793067 246.22001143165562 246.220003716404 246.22000109415924 246.22000029041618 246.22000006804566 246.2200000033031 246.2200000252796 246.22000011321572 246.2200004310548 246.22000146801793 246.22000451900362 246.22001260499934 246.22003187961934 246.22007311959027 246.2201521000892 246.2202869515447 246.22049099156135 246.2207619509364 246.22107242759944 246.22136898018724 246.22158494663395 246.22166425728608 246.22158494663395 246.22136898018724 246.22107242759944 246.2207619509364 246.22049099156135 246.2202869515447 246.2201521000892 246.22007311959027 246.22003187961934 246.22001260499934 246.22000451900362 246.22000146801793 246.2200004310548 246.22000011321572 246.2200000252796 246.21999999960963 246.22000000749165 246.22000003903048 246.2200001530255 246.22000052493888 246.22000161919425 246.22000451928784 246.22001143225248 246.22002622322944 246.22005455008593 246.2201029154151 246.2201760956603 246.22027327695747 246.22038463138043 246.22049099184557 246.22056844958047 246.2205968948485 246.22056844958047 246.22049099184557 246.22038463138043 246.22027327695747 246.2201760956603 246.2201029154151 246.22005455008593 246.22002622322944 246.22001143225248 246.22000451928784 246.22000161919425 246.22000052493888 246.2200001530255 246.22000003903048 246.22000000749165 246.2199999983788 246.2200000009427 246.22000001120188 246.220000048283 246.22000016926165 246.2200005252089 246.22000146857215 246.22000371727086 246.22000852858596 246.22001774294907 246.2200334755703 246.22005728016543 246.22008889199495 246.22012511416048 246.2201597118556 246.22018490786326 246.22019416074411 246.22018490786326 246.2201597118556 246.22012511416048 246.22008889199495 246.22005728016543 246.2200334755703 246.22001774294907 246.22000852858596 246.22000371727086 246.22000146857215 246.2200005252089 246.22000016926165 246.220000048283 246.22000001120188 246.2200000009427 246.21999999811027 246.21999999886668 246.22000000189337 246.22000001283314 246.22000004852458 246.2200001535371 246.22000043185062 246.2200010952677 246.22000251471465 246.22000523316052 246.22000987464023 246.22001689753512 246.22002622374103 246.2200369101005 246.22004711720442 246.22005455059752 246.22005728040702 246.22005455059752 246.22004711720442 246.2200369101005 246.22002622374103 246.22001689753512 246.22000987464023 246.22000523316052 246.22000251471465 246.2200010952677 246.22000043185062 246.2200001535371 246.22000004852458 246.22000001283314 246.22000000189337 246.21999999886668 246.2199999981813 246.21999999838368 246.21999999919353 246.22000000212074 246.22000001167083 246.22000003976945 246.2200001142389 246.220000291752 246.220000671559 246.22000139894425 246.22000264088322 246.2200045200268 246.2200070154764 246.2200098748676 246.22001260602252 246.22001459500473 246.22001532543058 246.22001459500473 246.22001260602252 246.2200098748676 246.2200070154764 246.2200045200268 246.22000264088322 246.22000139894425 246.220000671559 246.220000291752 246.2200001142389 246.22000003976945 246.22000001167083 246.22000000212074 246.21999999919353 246.21999999838368 246.2199999983512 246.2199999984003 246.21999999859685 246.21999999930722 246.2200000016248 246.22000000844378 246.22000002651595 246.22000006959465 246.22000016176582 246.22000033828698 246.2200006396795 246.22000109570823 246.22000170130147 246.22000239521572 246.22000305800972 246.22000354069397 246.22000371795298 246.22000354069397 246.22000305800972 246.22000239521572 246.22000170130147 246.22000109570823 246.2200006396795 246.22000033828698 246.22000016176582 246.22000006959465 246.22000002651595 246.22000000844378 246.2200000016248 246.21999999930722 246.21999999859685 246.2199999984003 246.2199999894903 246.21999998951281 246.21999998960277 246.219999989928 246.2199999909891 246.21999999411102 246.22000000238506 246.22000002210794 246.220000064307 246.22000014512426 246.2200002831118 246.22000049189697 246.22000076915776 246.22000108685486 246.22000139030405 246.22000161129301 246.2200016924481 246.22000161129301 246.22000139030405 246.22000108685486 246.22000076915776 246.22000049189697 246.2200002831118 246.22000014512426 246.220000064307 246.22000002210794 246.22000000238506 246.21999999411102 246.2199999909891 246.219999989928 246.21999998960277 246.21999998951281 246.21999998954124 246.21999998964338 246.2199999900522 246.21999999152985 246.21999999635074 246.2200000105349 246.22000004812705 246.2200001377356 246.22000032946204 246.22000069664583 246.22000132357613 246.22000227216705 246.22000353186903 246.22000497528856 246.2200063539745 246.22000735801194 246.2200077267306 246.22000735801194 246.2200063539745 246.22000497528856 246.22000353186903 246.22000227216705 246.22000132357613 246.22000069664583 246.22000032946204 246.2200001377356 246.22000004812705 246.2200000105349 246.21999999635074 246.21999999152985 246.2199999900522 246.21999998964338 246.21999998968803 246.21999999010905 246.21999999179366 246.21999999788255 246.22000001774785 246.2200000761961 246.2200002311009 246.2200006003481 246.2200013903893 246.22000290343232 246.2200054868048 246.2200093956345 246.2200145864498 246.22002053430458 246.22002621541347 246.2200303527198 246.2200318720876 246.2200303527198 246.22002621541347 246.22002053430458 246.2200145864498 246.2200093956345 246.2200054868048 246.22000290343232 246.2200013903893 246.2200006003481 246.2200002311009 246.2200000761961 246.22000001774785 246.21999999788255 246.21999999179366 246.21999999010905 246.21999999011274 246.21999999168617 246.21999999798203 246.22000002073798 246.2200000949802 246.22000031341798 246.22000089234137 246.22000227232337 246.22000522493244 246.2200108796051 246.22002053440406 246.22003514281397 246.22005454236944 246.22007677119709 246.22009800311932 246.22011346541163 246.2201191437219 246.22011346541163 246.22009800311932 246.22007677119709 246.22005454236944 246.22003514281397 246.22002053440406 246.2200108796051 246.22000522493244 246.22000227232337 246.22000089234137 246.22000031341798 246.2200000949802 246.22000002073798 246.21999999798203 246.21999999168617 246.21999999131594 246.21999999664916 246.22000001798943 246.22000009512232 246.22000034677149 246.2200010871817 246.2200030494832 246.22000772702904 246.22001773510468 246.22003690201453 246.22006962763325 246.220119143864 246.22018490001886 246.22026024619038 246.22033221328098 246.22038462380604 246.22040387083717 246.22038462380604 246.22033221328098 246.22026024619038 246.22018490001886 246.220119143864 246.22006962763325 246.22003690201453 246.22001773510468 246.22000772702904 246.2200030494832 246.2200010871817 246.22000034677149 246.22000009512232 246.22000001798943 246.21999999664916 246.2199999946226 246.22000001101807 246.22000007662243 246.22000031374483 246.22000108736646 246.22000336354048 246.22000939606082 246.22002377580344 246.2200545426963 246.22011346573848 246.22021407105385 246.2203662941808 246.22056844219082 246.22080007189393 246.221021313604 246.22118243438985 246.22124160374136 246.22118243438985 246.221021313604 246.22080007189393 246.22056844219082 246.2203662941808 246.22021407105385 246.22011346573848 246.2200545426963 246.22002377580344 246.22000939606082 246.22000336354048 246.22000108736646 246.22000031374483 246.22000007662243 246.22000001101807 246.22000000310982 246.22000004882338 246.22000023174039 246.2200008928814 246.22000304988111 246.22000939627398 246.22002621605296 246.22006630942678 246.22015209319693 246.22031638150293 246.22059688767203 246.22102131381718 246.2215849397417 246.2222307660624 246.22284762874318 246.2232968632019 246.22346183826372 246.2232968632019 246.22284762874318 246.2222307660624 246.2215849397417 246.22102131381718 246.22059688767203 246.22031638150293 246.22015209319693 246.22006630942678 246.22002621605296 246.22000939627398 246.22000304988111 246.2200008928814 246.22000023174039 246.22000004882338 246.22000002307428 246.22000013867353 246.22000060122917 246.22000227310497 246.22000772766853 246.2200237762582 246.22006630966837 246.22016769672686 246.22038462444553 246.22080007234868 246.2215094088961 246.22258268645504 246.22400796871753 246.22564111715795 246.22720102311519 246.22833703527837 246.22875421983127 246.22833703527837 246.22720102311519 246.22564111715795 246.22400796871753 246.22258268645504 246.2215094088961 246.22080007234868 246.22038462444553 246.22016769672686 246.22006630966837 246.2200237762582 246.22000772766853 246.22000227310497 246.22000060122917 246.22000013867353 246.22000006554333 246.22000033066996 246.2200013915404 246.22000522598404 246.22001773601417 246.22005454342104 246.22015209370852 246.22038462471554 246.22088214798558 246.2218349768843 246.2234618387753 246.22592339861654 246.2291922805107 246.23293790305007 246.23651554410716 246.23912098563233 246.24007779753367 246.23912098563233 246.23651554410716 246.23293790305007 246.2291922805107 246.22592339861654 246.2234618387753 246.2218349768843 246.22088214798558 246.22038462471554 246.22015209370852 246.22005454342104 246.22001773601417 246.22000522598404 246.2200013915404 246.22000033066996 246.22000014667324 246.2200006981664 246.22000290489603 246.22001088096934 246.22003690323666 246.22011346677587 246.22031638232716 246.22080007293133 246.22183497719695 246.22381696829382 246.22720102369783 246.23232134456168 246.23912098594496 246.24691230140076 246.25435419651177 246.25977380743376 246.26176408362335 246.25977380743376 246.25435419651177 246.24691230140076 246.23912098594496 246.23232134456168 246.22720102369783 246.22381696829382 246.22183497719695 246.22080007293133 246.22031638232716 246.22011346677587 246.22003690323666 246.22001088096934 246.22000290489603 246.2200006981664 246.22000028498763 246.22000132542354 246.22000548859538 246.22002053609515 246.22006962918223 246.2202140724181 246.2205968888231 246.2215094098056 246.2234618394148 246.22720102402468 246.23358531500642 246.24324520954477 246.2560732764584 246.27077221576695 246.28481194566848 246.29503647480732 246.29879128990677 246.29503647480732 246.28481194566848 246.27077221576695 246.2560732764584 246.24324520954477 246.23358531500642 246.22720102402468 246.2234618394148 246.2215094098056 246.2205968888231 246.2202140724181 246.22006962918223 246.22002053609515 246.22000548859538 246.22000132542354 246.22000049411386 246.22000227435552 246.22000939776612 246.22003514484612 246.22011914575404 246.2203662958861 246.22102131530932 246.2225826877056 246.2259233995971 246.2323213452296 246.24324520988583 246.25977380810167 246.28172331935778 246.30687399373275 246.33089672541792 246.348391443776 246.35481613401535 246.348391443776 246.33089672541792 246.30687399373275 246.28172331935778 246.25977380810167 246.24324520988583 246.2323213452296 246.2259233995971 246.2225826877056 246.22102131530932 246.2203662958861 246.22011914575404 246.22003514484612 246.22000939776612 246.22000227435552 246.22000077174414 246.22000353442698 246.2200145889509 246.22005454477107 246.2201849022784 246.2205684442656 246.2215849416033 246.22400797033757 246.22919228186072 246.23912098698236 246.25607327716895 246.28172331972726 246.31578585125598 246.35481613437062 246.3920960102587 246.41924533439195 246.42921554335408 246.41924533439195 246.3920960102587 246.35481613437062 246.31578585125598 246.28172331972726 246.25607327716895 246.23912098698236 246.22919228186072 246.22400797033757 246.2215849416033 246.2205684442656 246.2201849022784 246.22005454477107 246.2200145889509 246.22000353442698 246.22000108981072 246.220004978216 246.22002053717517 246.2200767739682 246.2202602488194 246.2208000743382 246.2222307682935 246.22564111914747 246.23293790476959 246.24691230280763 246.27077221684698 246.30687399447172 246.35481613475432 246.40975025811667 246.4622207281414 246.50043270616413 246.51446551979416 246.50043270616413 246.4622207281414 246.40975025811667 246.35481613475432 246.30687399447172 246.27077221684698 246.24691230280763 246.23293790476959 246.22564111914747 246.2222307682935 246.2208000743382 246.2202602488194 246.2200767739682 246.22002053717517 246.220004978216 246.2200013936578 246.22000635729984 246.22002621868197 246.22009800628834 246.2203322163079 246.22102131644618 246.2228476313722 246.2272010255026 246.23651554622458 246.25435419831655 246.2848119471464 246.33089672654057 246.3920960110261 246.4622207285251 246.52920053383215 246.5779790343326 246.5958922553197 246.5779790343326 246.52920053383215 246.4622207285251 246.3920960110261 246.33089672654057 246.2848119471464 246.25435419831655 246.23651554622458 246.2272010255026 246.2228476313722 246.22102131644618 246.2203322163079 246.22009800628834 246.22002621868197 246.22000635729984 246.22000161503047 246.22000736172097 246.22003035637198 246.22011346896434 246.22038462721665 246.2211824376157 246.2232968662146 246.2283370380495 246.23912098813344 246.25977380962223 246.29503647668315 246.34839144529656 246.41924533555724 246.50043270694573 246.5779790347305 246.63445267736526 246.65519183150255 246.63445267736526 246.5779790347305 246.50043270694573 246.41924533555724 246.34839144529656 246.29503647668315 246.25977380962223 246.23912098813344 246.2283370380495 246.2232968662146 246.2211824376157 246.22038462721665 246.22011346896434 246.22003035637198 246.22000736172097 246.22000169658347 246.22000773083755 246.22003187613768 246.2201191476725 246.22040387464568 246.22124160736513 246.22346184167432 246.2287542230003 246.2400778004327 246.26176408620972 246.2987912921805 246.35481613593382 246.42921554491727 246.51446552097366 246.59589225611552 246.65519183190045 246.67696877039955 246.65519183190045 246.59589225611552 246.51446552097366 246.42921554491727 246.35481613593382 246.2987912921805 246.26176408620972 246.2400778004327 246.2287542230003 246.22346184167432 246.22124160736513 246.22040387464568 246.2201191476725 246.22003187613768 246.22000773083755 246.22000161582628 246.22000736251678 246.2200303571678 246.22011346976015 246.22038462801245 246.22118243841152 246.22329686701042 246.2283370388453 246.23912098892924 246.25977381041804 246.29503647747896 246.34839144609236 246.41924533635304 246.50043270774154 246.5779790355263 246.63445267816107 246.65519183229836 246.63445267816107 246.5779790355263 246.50043270774154 246.41924533635304 246.34839144609236 246.29503647747896 246.25977381041804 246.23912098892924 246.2283370388453 246.22329686701042 246.22118243841152 246.22038462801245 246.22011346976015 246.2200303571678 246.22000736251678 246.22000139523522 246.22000635887724 246.22002622025937 246.22009800786574 246.2203322178853 246.2210213180236 246.2228476329496 246.22720102708 246.236515547802 246.25435419989395 246.2848119487238 246.3308967281322 246.3920960126177 246.4622207301167 246.52920053542377 246.57797903592422 246.59589225691133 246.57797903592422 246.52920053542377 246.4622207301167 246.3920960126177 246.3308967281322 246.2848119487238 246.25435419989395 246.236515547802 246.22720102708 246.2228476329496 246.2210213180236 246.2203322178853 246.22009800786574 246.22002622025937 246.22000635887724 246.22000109218394 246.2200049805892 246.2200205395484 246.22007677634141 246.2202602511926 246.2208000767114 246.22223077066673 246.22564112152068 246.2329379071428 246.24691230518084 246.2707722192202 246.30687399683072 246.35481613711332 246.40975026047568 246.4622207305004 246.50043270852314 246.51446552215316 246.50043270852314 246.4622207305004 246.40975026047568 246.35481613711332 246.30687399683072 246.2707722192202 246.24691230518084 246.2329379071428 246.22564112152068 246.22223077066673 246.2208000767114 246.2202602511926 246.22007677634141 246.2200205395484 246.2200049805892 246.22000077485632 246.22000353753916 246.22001459206308 246.22005454788325 246.22018490539057 246.2205684473778 246.2215849447155 246.22400797344974 246.2291922849729 246.23912099009453 246.25607328028113 246.28172332283944 246.31578585436816 246.354816137497 246.3920960133851 246.41924533751833 246.42921554648046 246.41924533751833 246.3920960133851 246.354816137497 246.31578585436816 246.28172332283944 246.25607328028113 246.23912099009453 246.2291922849729 246.22400797344974 246.2215849447155 246.2205684473778 246.22018490539057 246.22005454788325 246.22001459206308 246.22000353753916 246.220000497965 246.22000227820666 246.22000940161726 246.22003514869726 246.22011914960518 246.22036629973724 246.22102131916046 246.22258269155674 246.22592340344823 246.23232134908073 246.24324521373697 246.2597738119528 246.28172332320892 246.3068739975839 246.33089672926906 246.34839144762714 246.3548161378665 246.34839144762714 246.33089672926906 246.3068739975839 246.28172332320892 246.2597738119528 246.24324521373697 246.23232134908073 246.22592340344823 246.22258269155674 246.22102131916046 246.22036629973724 246.22011914960518 246.22003514869726 246.22000940161726 246.22000227820666 246.22000028954932 246.22000132998522 246.22000549315706 246.22002054065683 246.22006963374392 246.22021407697977 246.2205968933848 246.2215094143673 246.22346184397648 246.22720102858636 246.2335853195681 246.24324521410645 246.2560732810201 246.27077222032864 246.28481195023016 246.2950364793832 246.29879129448267 246.2950364793832 246.28481195023016 246.27077222032864 246.2560732810201 246.24324521410645 246.2335853195681 246.22720102858636 246.22346184397648 246.2215094143673 246.2205968933848 246.22021407697977 246.22006963374392 246.22002054065683 246.22000549315706 246.22000132998522 246.22000015190284 246.22000070339598 246.22000291012563 246.22001088619893 246.22003690846626 246.22011347200547 246.22031638755675 246.22080007816092 246.22183498242654 246.2238169735234 246.22720102892742 246.23232134979128 246.23912099117456 246.24691230663035 246.25435420174136 246.25977381266335 246.26176408885294 246.25977381266335 246.25435420174136 246.24691230663035 246.23912099117456 246.23232134979128 246.22720102892742 246.2238169735234 246.22183498242654 246.22080007816092 246.22031638755675 246.22011347200547 246.22003690846626 246.22001088619893 246.22000291012563 246.22000070339598 246.22000007141241 246.22000033653904 246.22000139740948 246.22000523185312 246.22001774188325 246.22005454929013 246.2201520995776 246.22038463058462 246.22088215385466 246.2218349827534 246.2234618446444 246.22592340448563 246.22919228637977 246.23293790891915 246.23651554997625 246.2391209915014 246.24007780340276 246.2391209915014 246.23651554997625 246.23293790891915 246.22919228637977 246.22592340448563 246.2234618446444 246.2218349827534 246.22088215385466 246.22038463058462 246.2201520995776 246.22005454929013 246.22001774188325 246.22000523185312 246.22000139740948 246.22000033653904 246.220000029526 246.22000014512525 246.2200006076809 246.2200022795567 246.22000773412026 246.22002378270992 246.2200663161201 246.2201677031786 246.22038463089726 246.2208000788004 246.22150941534784 246.22258269290677 246.22400797516926 246.22564112360968 246.2272010295669 246.2283370417301 246.228754226283 246.2283370417301 246.2272010295669 246.22564112360968 246.22400797516926 246.22258269290677 246.22150941534784 246.2208000788004 246.22038463089726 246.2201677031786 246.2200663161201 246.22002378270992 246.22000773412026 246.2200022795567 246.2200006076809 246.22000014512525 246.22000001010156 246.22000005581512 246.22000023873213 246.22000089987313 246.22000305687286 246.22000940326572 246.2200262230447 246.22006631641852 246.22015210018867 246.22031638849467 246.22059689466377 246.22102132080892 246.22158494673343 246.22223077305415 246.22284763573492 246.22329687017944 246.22346184524125 246.22329687017944 246.22284763573492 246.22223077305415 246.22158494673343 246.22102132080892 246.22059689466377 246.22031638849467 246.22015210018867 246.22006631641852 246.2200262230447 246.22000940326572 246.22000305687286 246.22000089987313 246.22000023873213 246.22000005581512 246.22000000209752 246.22000001849298 246.22000008409734 246.22000032121974 246.22000109484136 246.2200033710154 246.22000940353573 246.22002378327835 246.2200545501712 246.2201134732134 246.22021407852876 246.2203663016557 246.22056844966573 246.22080007936884 246.22102132107892 246.22118244186476 246.22124161121627 246.22118244186476 246.22102132107892 246.22080007936884 246.22056844966573 246.2203663016557 246.22021407852876 246.2201134732134 246.2200545501712 246.22002378327835 246.22000940353573 246.2200033710154 246.22000109484136 246.22000032121974 246.22000008409734 246.22000001849298 246.2199999992314 246.2200000045646 246.22000002590488 246.22000010303776 246.22000035468693 246.22000109509716 246.22000305739866 246.2200077349445 246.22001774302012 246.22003690992997 246.2200696355487 246.22011915177944 246.2201849079343 246.22026025410582 246.22033222119643 246.2203846317215 246.22040387875262 246.2203846317215 246.22033222119643 246.22026025410582 246.2201849079343 246.22011915177944 246.2200696355487 246.22003690992997 246.22001774302012 246.2200077349445 246.22000305739866 246.22000109509716 246.22000035468693 246.22000010303776 246.22000002590488 246.2200000045646 246.21999999841188 246.2199999999853 246.22000000628117 246.22000002903712 246.22000010327935 246.22000032171712 246.2200009006405 246.2200022806225 246.22000523323157 246.22001088790424 246.2200205427032 246.2200351511131 246.22005455066858 246.22007677949622 246.22009801141846 246.22011347371077 246.22011915202103 246.22011347371077 246.22009801141846 246.22007677949622 246.22005455066858 246.2200351511131 246.2200205427032 246.22001088790424 246.22000523323157 246.2200022806225 246.2200009006405 246.22000032171712 246.22000010327935 246.22000002903712 246.22000000628117 246.2199999999853 246.2199999982998 246.21999999872082 246.22000000040543 246.22000000649433 246.22000002635963 246.22000008480788 246.22000023971268 246.22000060895988 246.2200013990011 246.2200029120441 246.2200054954166 246.22000940424627 246.22001459506157 246.22002054291636 246.22002622402525 246.22003036133157 246.22003188069937 246.22003036133157 246.22002622402525 246.22002054291636 246.22001459506157 246.22000940424627 246.2200054954166 246.2200029120441 246.2200013990011 246.22000060895988 246.22000023971268 246.22000008480788 246.22000002635963 246.22000000649433 246.22000000040543 246.21999999872082 246.21999999842302 246.21999999852517 246.219999998934 246.22000000041163 246.22000000523252 246.2200000194167 246.22000005700883 246.2200001466174 246.22000033834382 246.2200007055276 246.2200013324579 246.22000228104883 246.2200035407508 246.22000498417034 246.22000636285628 246.22000736689373 246.2200077356124 246.22000736689373 246.22000636285628 246.22000498417034 246.2200035407508 246.22000228104883 246.2200013324579 246.2200007055276 246.22000033834382 246.2200001466174 246.22000005700883 246.2200000194167 246.22000000523252 246.22000000041163 246.219999998934 246.21999999852517 246.21999998987962 246.21999998992206 246.21999999009182 246.2199999907054 246.2199999927072 246.219999998597 246.22000001420662 246.2200000514154 246.22000013102726 246.2200002834955 246.22000054382005 246.22000093770995 246.2200014607846 246.22000206014556 246.22000263262672 246.22000304954005 246.22000320264561 246.22000304954005 246.22000263262672 246.22000206014556 246.2200014607846 246.22000093770995 246.22000054382005 246.2200002834955 246.22000013102726 246.2200000514154 246.22000001420662 246.219999998597 246.2199999927072 246.2199999907054 246.21999999009182 246.21999998992206 246.21999998995048 246.21999999014324 246.2199999909145 246.2199999937022 246.22000000279718 246.22000002955676 246.22000010047734 246.22000026953103 246.22000063123826 246.22000132395982 246.22000250671394 246.22000429630654 246.22000667283498 246.22000939596134 246.2200119969625 246.22001389115937 246.22001458677664 246.22001389115937 246.2200119969625 246.22000939596134 246.22000667283498 246.22000429630654 246.22000250671394 246.22000132395982 246.22000063123826 246.22000026953103 246.22000010047734 246.22000002955676 246.22000000279718 246.2199999937022 246.2199999909145 246.21999999014324 246.2199999901771 246.21999999097133 246.21999999414948 246.22000000563668 246.2200000431141 246.22000015338142 246.22000044562174 246.2200011422361 246.22000263271198 246.2200054871885 246.2200103609272 246.22001773524678 246.22002752813472 246.22003874923814 246.2200494671041 246.22005727246315 246.22006013887193 246.22005727246315 246.2200494671041 246.22003874923814 246.22002752813472 246.22001773524678 246.2200103609272 246.2200054871885 246.22000263271198 246.2200011422361 246.22000044562174 246.22000015338142 246.2200000431141 246.22000000563668 246.21999999414948 246.21999999097133 246.21999999089013 246.21999999385852 246.22000000573615 246.22000004866706 246.22000018873095 246.22000060083127 246.22000169301654 246.22000429646286 246.22000986679583 246.22002053478775 246.22003874933762 246.22006630927046 246.2201029080823 246.22014484454226 246.22018490026045 246.2202140711107 246.2202247836968 246.2202140711107 246.22018490026045 246.22014484454226 246.2201029080823 246.22006630927046 246.22003874933762 246.22002053478775 246.22000986679583 246.22000429646286 246.22000169301654 246.22000060083127 246.22000018873095 246.22000004866706 246.22000000573615 246.21999999385852 246.21999999301983 246.2200000030814 246.22000004334149 246.22000018885885 246.22000066361514 246.2200020604582 246.22000576249678 246.22001458706086 246.22003346809538 246.22006962800273 246.22013136749794 246.2202247838247 246.2203488380663 246.22049098464066 246.2206267563089 246.22072563295322 246.22076194401572 246.22072563295322 246.2206267563089 246.22049098464066 246.2203488380663 246.2202247838247 246.22013136749794 246.22006962800273 246.22003346809538 246.22001458706086 246.22000576249678 246.2200020604582 246.22000066361514 246.22000018885885 246.22000004334149 246.2200000030814 246.21999999908016 246.2200000300115 246.22000015377932 246.2200006011297 246.22000206062873 246.22000635481294 246.2200177356447 246.22004486417842 246.22010290838074 246.22021407140912 246.2204038713772 246.2206910524722 246.22107242084928 246.22150940879663 246.2219267989649 246.22223076620452 246.2223423939151 246.22223076620452 246.2219267989649 246.22150940879663 246.22107242084928 246.2206910524722 246.2204038713772 246.22021407140912 246.22010290838074 246.22004486417842 246.2200177356447 246.22000635481294 246.22000206062873 246.2200006011297 246.22000015377932 246.2200000300115 246.22000001490295 246.22000010114525 246.2200004462328 246.22000169352813 246.22000576288048 246.22001773585785 246.22004946771517 246.22012510706926 246.2202869450077 246.2205968880273 246.22112608533405 246.22192679917805 246.22299012453098 246.2242085275011 246.22537228824956 246.22621980495987 246.22653104359915 246.22621980495987 246.22537228824956 246.2242085275011 246.22299012453098 246.22192679917805 246.22112608533405 246.2205968880273 246.2202869450077 246.22012510706926 246.22004946771517 246.22001773585785 246.22000576288048 246.22000169352813 246.2200004462328 246.22000010114525 246.22000005233912 246.2200002704263 246.22000114307454 246.22000429720183 246.22001458767193 246.22004486461896 246.22012510729664 246.22031638208557 246.22072563356429 246.22150940923717 246.22284762932583 246.22487245321975 246.22756136211999 246.2306424271781 246.233585314438 246.23572849217672 246.23651554417822 246.23572849217672 246.233585314438 246.2306424271781 246.22756136211999 246.22487245321975 246.22284762932583 246.22150940923717 246.22072563356429 246.22031638208557 246.22012510729664 246.22004486461896 246.22001458767193 246.22000429720183 246.22000114307454 246.2200002704263 246.22000013222097 246.22000063240355 246.22000263382043 246.2200098678048 246.22003346897645 246.22010290909128 246.22028694550508 246.2207256338343 246.22166425124647 246.22346183911637 246.22653104409653 246.231174973471 246.23734198042138 246.24440839670135 246.25115790248947 246.25607327615998 246.25787837828267 246.25607327615998 246.25115790248947 246.24440839670135 246.23734198042138 246.231174973471 246.22653104409653 246.22346183911637 246.22166425124647 246.2207256338343 246.22028694550508 246.22010290909128 246.22003346897645 246.2200098678048 246.22000263382043 246.22000063240355 246.22000028498763 246.22000132542354 246.22000548859538 246.22002053609515 246.22006962918223 246.2202140724181 246.2205968888231 246.2215094098056 246.2234618394148 246.22720102402468 246.23358531500642 246.24324520954477 246.2560732764584 246.27077221576695 246.28481194566848 246.29503647480732 246.29879128990677 246.29503647480732 246.28481194566848 246.27077221576695 246.2560732764584 246.24324520954477 246.23358531500642 246.22720102402468 246.2234618394148 246.2215094098056 246.2205968888231 246.2202140724181 246.22006962918223 246.22002053609515 246.22000548859538 246.22000132542354 246.22000054562483 246.2200025084903 246.22001036264672 246.22003875095766 246.22013136899008 246.2204038726988 246.2211260864425 246.2228476302069 246.2265310447076 246.23358531531906 246.24562979050438 246.26385395359358 246.288055127077 246.31578585085808 246.3422729234072 246.36156231480982 246.36864607358902 246.36156231480982 246.3422729234072 246.31578585085808 246.288055127077 246.26385395359358 246.24562979050438 246.23358531531906 246.2265310447076 246.2228476302069 246.2211260864425 246.2204038726988 246.22013136899008 246.22003875095766 246.22001036264672 246.2200025084903 246.22000093984158 246.22000429840975 246.22001773729315 246.22006631121735 246.2202247856437 246.22069105412066 246.22192680061335 246.22487245442767 246.23117497440893 246.24324521018426 246.26385395392043 246.29503647546102 246.33644598270482 246.38389474001715 246.42921554329723 246.46222072770087 246.47434141931453 246.46222072770087 246.42921554329723 246.38389474001715 246.33644598270482 246.29503647546102 246.26385395392043 246.24324521018426 246.23117497440893 246.22487245442767 246.22192680061335 246.22069105412066 246.2202247856437 246.22006631121735 246.22001773729315 246.22000429840975 246.2200014632715 246.22000667529346 246.22002753053636 246.22010291038447 246.22034884024055 246.221072422853 246.22299012632155 246.22756136368318 246.23734198171456 246.25607327745317 246.28805512775912 246.3364459830601 246.40070767115063 246.4743414196698 246.54467288501814 246.59589225483654 246.61470185088734 246.59589225483654 246.54467288501814 246.4743414196698 246.40070767115063 246.3364459830601 246.28805512775912 246.25607327745317 246.23734198171456 246.22756136368318 246.22299012632155 246.221072422853 246.22034884024055 246.22010291038447 246.22002753053636 246.22000667529346 246.22000206300194 246.2200093987893 246.22003875200926 246.2201448472139 246.2204909871844 246.22150941116985 246.22420852966115 246.2306424291108 246.24440839836402 246.2707722171312 246.31578585190968 246.3838947407277 246.47434142002507 246.5779790342189 246.67696876949006 246.74905872002557 246.77553274447575 246.74905872002557 246.67696876949006 246.5779790342189 246.47434142002507 246.3838947407277 246.31578585190968 246.2707722171312 246.24440839836402 246.2306424291108 246.22420852966115 246.22150941116985 246.2204909871844 246.2201448472139 246.22003875200926 246.2200093987893 246.22000263585258 246.22001200015995 246.2200494702447 246.22018490330157 246.2206267592221 246.22192680170758 246.2253722907791 246.23358531674015 246.25115790452162 246.2848119474022 246.34227292482828 246.42921554439147 246.5446728857571 246.67696876985954 246.80333152576273 246.895356065455 246.929150788516 246.895356065455 246.80333152576273 246.67696876985954 246.5446728857571 246.42921554439147 246.34227292482828 246.2848119474022 246.25115790452162 246.23358531674015 246.2253722907791 246.22192680170758 246.2206267592221 246.22018490330157 246.2200494702447 246.22001200015995 246.2200030531496 246.2200138947405 246.22005727598744 246.2202140745355 246.22072563625014 246.2222307693309 246.2262198078731 246.23572849486257 246.25607327857583 246.29503647693895 246.3615623166288 246.46222072916459 246.5958922559592 246.74905872077875 246.89535606583868 247.0018981061679 247.04102417797228 247.0018981061679 246.89535606583868 246.74905872077875 246.5958922559592 246.46222072916459 246.3615623166288 246.29503647693895 246.25607327857583 246.23572849486257 246.2262198078731 246.2222307693309 246.22072563625014 246.2202140745355 246.22005727598744 246.2200138947405 246.22000320663886 246.22001459074147 246.22006014277991 246.22022478750532 246.22076194769633 246.2223423974252 246.22653104689607 246.23651554724776 246.2578783810822 246.2987912924221 246.3686460757917 246.47434142116194 246.6147018523937 246.77553274561262 246.9291507892834 247.04102417835597 247.08210811330125 247.04102417835597 246.9291507892834 246.77553274561262 246.6147018523937 246.47434142116194 246.3686460757917 246.2987912924221 246.2578783810822 246.23651554724776 246.22653104689607 246.2223423974252 246.22076194769633 246.22022478750532 246.22006014277991 246.22001459074147 246.220003053917 246.2200138955079 246.22005727675483 246.2202140753029 246.22072563701752 246.2222307700983 246.22621980864048 246.23572849562996 246.2560732793432 246.29503647770633 246.3615623173962 246.46222072993197 246.5958922567266 246.74905872154613 246.89535606660607 247.0018981069353 247.04102417873966 247.0018981069353 246.89535606660607 246.74905872154613 246.5958922567266 246.46222072993197 246.3615623173962 246.29503647770633 246.2560732793432 246.23572849562996 246.22621980864048 246.2222307700983 246.22072563701752 246.2202140753029 246.22005727675483 246.2200138955079 246.22000263738735 246.22001200169473 246.22004947177948 246.22018490483634 246.2206267607569 246.22192680324235 246.22537229231386 246.23358531827492 246.25115790604218 246.28481194892277 246.34227292634884 246.42921554591203 246.54467288729188 246.67696877139431 246.8033315272975 246.89535606697555 246.92915079003657 246.89535606697555 246.8033315272975 246.67696877139431 246.54467288729188 246.42921554591203 246.34227292634884 246.28481194892277 246.25115790604218 246.23358531827492 246.22537229231386 246.22192680324235 246.2206267607569 246.22018490483634 246.22004947177948 246.22001200169473 246.22000206527568 246.22000940106304 246.220038754283 246.22014484948764 246.22049098945814 246.22150941344358 246.2242085319349 246.23064243138452 246.24440840063775 246.27077221940493 246.31578585418342 246.38389474301565 246.47434142231302 246.57797903649265 246.6769687717638 246.7490587222993 246.7755327467495 246.7490587222993 246.6769687717638 246.57797903649265 246.47434142231302 246.38389474301565 246.31578585418342 246.27077221940493 246.24440840063775 246.23064243138452 246.2242085319349 246.22150941344358 246.22049098945814 246.22014484948764 246.220038754283 246.22000940106304 246.2200014662842 246.22000667830616 246.22002753354906 246.22010291339717 246.22034884325325 246.2210724258657 246.22299012933425 246.22756136669588 246.23734198472727 246.25607328046587 246.28805513077182 246.3364459860728 246.40070767416333 246.4743414226683 246.54467288803085 246.59589225784924 246.61470185390004 246.59589225784924 246.54467288803085 246.4743414226683 246.40070767416333 246.3364459860728 246.28805513077182 246.25607328046587 246.23734198472727 246.22756136669588 246.22299012933425 246.2210724258657 246.22034884325325 246.22010291339717 246.22002753354906 246.22000667830616 246.22000094356483 246.220004302133 246.2200177410164 246.2200663149406 246.22022478936694 246.2206910578439 246.2219268043366 246.2248724581509 246.23117497813217 246.2432452139075 246.26385395764368 246.29503647918426 246.33644598642806 246.3838947437404 246.42921554702048 246.4622207314241 246.47434142303777 246.4622207314241 246.42921554702048 246.3838947437404 246.33644598642806 246.29503647918426 246.26385395764368 246.2432452139075 246.23117497813217 246.2248724581509 246.2219268043366 246.2206910578439 246.22022478936694 246.2200663149406 246.2200177410164 246.220004302133 246.22000055001598 246.22000251288145 246.22001036703787 246.2200387553488 246.22013137338124 246.22040387708995 246.22112609083365 246.22284763459805 246.22653104909875 246.23358531971022 246.24562979489554 246.26385395798474 246.28805513146816 246.31578585524923 246.34227292779835 246.36156231921518 246.36864607799438 246.36156231921518 246.34227292779835 246.31578585524923 246.28805513146816 246.26385395798474 246.24562979489554 246.23358531971022 246.22653104909875 246.22284763459805 246.22112609083365 246.22040387708995 246.22013137338124 246.2200387553488 246.22001036703787 246.22000251288145 246.22000029001828 246.22000133045418 246.22000549362602 246.2200205411258 246.22006963421288 246.22021407744873 246.22059689385375 246.22150941483625 246.22346184444544 246.22720102905532 246.23358532003707 246.2432452145754 246.25607328148905 246.2707722207976 246.28481195069912 246.29503647985217 246.29879129495163 246.29503647985217 246.28481195069912 246.2707722207976 246.25607328148905 246.2432452145754 246.23358532003707 246.22720102905532 246.22346184444544 246.22150941483625 246.22059689385375 246.22021407744873 246.22006963421288 246.2200205411258 246.22000549362602 246.22000133045418 246.2200001378769 246.22000063805947 246.22000263947635 246.22000987346073 246.22003347463237 246.2201029147472 246.220286951161 246.2207256394902 246.2216642569024 246.2234618447723 246.22653104975245 246.23117497912693 246.2373419860773 246.24440840235727 246.2511579081454 246.2560732818159 246.2578783839386 246.2560732818159 246.2511579081454 246.24440840235727 246.2373419860773 246.23117497912693 246.22653104975245 246.2234618447723 246.2216642569024 246.2207256394902 246.220286951161 246.2201029147472 246.22003347463237 246.22000987346073 246.22000263947635 246.22000063805947 246.22000005856347 246.22000027665067 246.2200011492989 246.22000430342618 246.22001459389628 246.2200448708433 246.220125113521 246.22031638830993 246.22072563978864 246.22150941546153 246.22284763555018 246.2248724594441 246.22756136834434 246.23064243340247 246.23358532066234 246.23572849840107 246.23651555040257 246.23572849840107 246.23358532066234 246.23064243340247 246.22756136834434 246.2248724594441 246.22284763555018 246.22150941546153 246.22072563978864 246.22031638830993 246.220125113521 246.2200448708433 246.22001459389628 246.22000430342618 246.2200011492989 246.22000027665067 246.2200000216389 246.2200001078812 246.22000045296875 246.22000170026408 246.22000576961642 246.2200177425938 246.22004947445112 246.2201251138052 246.22028695174365 246.22059689476325 246.22112609207 246.221926805914 246.22299013126693 246.22420853423705 246.2253722949855 246.2262198116958 246.2265310503351 246.2262198116958 246.2253722949855 246.22420853423705 246.22299013126693 246.221926805914 246.22112609207 246.22059689476325 246.22028695174365 246.2201251138052 246.22004947445112 246.2200177425938 246.22000576961642 246.22000170026408 246.22000045296875 246.2200001078812 246.22000000628506 246.2200000372164 246.22000016098423 246.2200006083346 246.22000206783363 246.22000636201784 246.2200177428496 246.22004487138332 246.22010291558564 246.22021407861402 246.2204038785821 246.2206910596771 246.22107242805419 246.22150941600154 246.2219268061698 246.22223077340942 246.22234240112002 246.22223077340942 246.2219268061698 246.22150941600154 246.22107242805419 246.2206910596771 246.2204038785821 246.22021407861402 246.22010291558564 246.22004487138332 246.2200177428496 246.22000636201784 246.22000206783363 246.2200006083346 246.22000016098423 246.2200000372164 246.22000000065105 246.22000001071262 246.22000005097271 246.22000019649008 246.22000067124637 246.22000206808943 246.220005770128 246.2200145946921 246.2200334757266 246.22006963563396 246.22013137512917 246.22022479145593 246.22034884569752 246.2204909922719 246.22062676394012 246.22072564058445 246.22076195164695 246.22072564058445 246.22062676394012 246.2204909922719 246.22034884569752 246.22022479145593 246.22013137512917 246.22006963563396 246.2200334757266 246.2200145946921 246.220005770128 246.22000206808943 246.22000067124637 246.22000019649008 246.22000005097271 246.22000001071262 246.21999999887663 246.22000000184502 246.22000001372265 246.22000005665356 246.22000019671745 246.22000060881777 246.22000170100304 246.22000430444936 246.22000987478233 246.22002054277425 246.22003875732412 246.22006631725696 246.2201029160688 246.22014485252876 246.22018490824695 246.2202140790972 246.2202247916833 246.2202140790972 246.22018490824695 246.22014485252876 246.2201029160688 246.22006631725696 246.22003875732412 246.22002054277425 246.22000987478233 246.22000430444936 246.22000170100304 246.22000060881777 246.22000019671745 246.22000005665356 246.22000001372265 246.22000000184502 246.21999999847623 246.21999999927047 246.22000000244861 246.22000001393582 246.22000005141325 246.22000016168056 246.22000045392087 246.22000115053524 246.22000264101112 246.22000549548764 246.22001036922634 246.22001774354592 246.22002753643386 246.22003875753728 246.22004947540324 246.2200572807623 246.22006014717107 246.2200572807623 246.22004947540324 246.22003875753728 246.22002753643386 246.22001774354592 246.22001036922634 246.22000549548764 246.22000264101112 246.22000115053524 246.22000045392087 246.22000016168056 246.22000005141325 246.22000001393582 246.22000000244861 246.21999999927047 246.21999999850541 246.21999999869817 246.21999999946942 246.22000000225714 246.2200000113521 246.2200000381117 246.22000010903227 246.22000027808596 246.2200006397932 246.22000133251476 246.22000251526887 246.22000430486148 246.22000668138992 246.22000940451628 246.22001200551745 246.2200138997143 246.22001459533158 246.2200138997143 246.22001200551745 246.22000940451628 246.22000668138992 246.22000430486148 246.22000251526887 246.22000133251476 246.2200006397932 246.22000027808596 246.22000010903227 246.2200000381117 246.2200000113521 246.22000000225714 246.21999999946942 246.21999999869817 246.21999999030027 246.21999999037286 246.21999999066333 246.21999999171317 246.21999999513838 246.22000000521612 246.22000003192505 246.22000009559127 246.22000023181144 246.22000049269278 246.22000093812207 246.22000161208882 246.22000250709763 246.2200035326364 246.2200045121824 246.2200052255435 246.22000548751535 246.2200052255435 246.2200045121824 246.2200035326364 246.22000250709763 246.22000161208882 246.22000093812207 246.22000049269278 246.22000023181144 246.22000009559127 246.22000003192505 246.22000000521612 246.21999999513838 246.21999999171317 246.21999999066333 246.21999999037286 246.21999999038707 246.21999999071687 246.21999999203655 246.21999999680645 246.22000001236847 246.2200000581555 246.22000017950447 246.2200004687644 246.22000108766488 246.22000227294865 246.22000429670445 246.22000735879354 246.22001142516126 246.22001608457666 246.22002053502933 246.22002377610187 246.22002496634036 246.22002377610187 246.22002053502933 246.22001608457666 246.22001142516126 246.22000735879354 246.22000429670445 246.22000227294865 246.22000108766488 246.2200004687644 246.22000017950447 246.2200000581555 246.22000001236847 246.21999999680645 246.21999999203655 246.21999999071687 246.21999999073438 246.2199999920934 246.21999999753137 246.22000001718658 246.2200000813125 246.22000026998577 246.22000077002463 246.22000196196922 246.22000451225347 246.2200093964161 246.2200177356447 246.2200303535014 246.22004710965845 246.2200663095689 246.220084648413 246.22009800380144 246.22010290838074 246.22009800380144 246.220084648413 246.2200663095689 246.22004710965845 246.2200303535014 246.2200177356447 246.2200093964161 246.22000451225347 246.22000196196922 246.22000077002463 246.22000026998577 246.2200000813125 246.22000001718658 246.21999999753137 246.2199999920934 246.2199999918837 246.21999999696277 246.22000001728605 246.22000009074316 246.22000033039996 246.22000103552577 246.2200029043134 246.22000735894986 246.22001689008863 246.22003514359557 246.22006630966837 246.22011346619323 246.2201760887254 246.22024784426003 246.2203163817445 246.22036629463554 246.22038462444553 246.22036629463554 246.2203163817445 246.22024784426003 246.2201760887254 246.22011346619323 246.22006630966837 246.22003514359557 246.22001689008863 246.22000735894986 246.2200029043134 246.22000103552577 246.22000033039996 246.22000009074316 246.22000001728605 246.21999999696277 246.2199999954368 246.2200000126527 246.22000008153987 246.22000033052785 246.22000114286138 246.22000353293484 246.22000986732164 246.22002496662458 246.22005727308843 246.22011914463138 246.2202247842226 246.22038462457343 246.2205968880415 246.22084010846245 246.22107242107666 246.221241604324 246.22130373450153 246.221241604324 246.22107242107666 246.22084010846245 246.2205968880415 246.22038462457343 246.2202247842226 246.22011914463138 246.22005727308843 246.22002496662458 246.22000986732164 246.22000353293484 246.22000114286138 246.22000033052785 246.22000008153987 246.2200000126527 246.22000000568508 246.22000005861025 246.22000027038368 246.2200010358242 246.22000353310537 246.22001088068512 246.2200303538993 246.2200767722771 246.22017608902382 246.22036629493397 246.2206910528701 246.22118243514302 246.22183497691273 246.22258268675347 246.22329686374192 246.2238169680096 246.22400796901596 246.2238169680096 246.22329686374192 246.22258268675347 246.22183497691273 246.22118243514302 246.2206910528701 246.22036629493397 246.22017608902382 246.2200767722771 246.2200303538993 246.22001088068512 246.22000353310537 246.2200010358242 246.22000027038368 246.22000005861025 246.22000003257875 246.22000018014396 246.22000077060727 246.22000290479656 246.2200098676769 246.22003035408403 246.22008464899565 246.22021407199176 246.22049098539384 246.22102131454193 246.22192679954753 246.22329686392666 246.2251162706978 246.22720102359835 246.22919228072385 246.23064242732022 246.23117497334312 246.23064242732022 246.22919228072385 246.22720102359835 246.2251162706978 246.22329686392666 246.22192679954753 246.22102131454193 246.22049098539384 246.22021407199176 246.22008464899565 246.22003035408403 246.2200098676769 246.22000290479656 246.22000077060727 246.22000018014396 246.22000009647235 246.22000046963126 246.22000196277924 246.2200073596604 246.22002496720722 246.22007677268923 246.22021407221914 246.22054135365298 246.22124160490665 246.22258268716558 246.22487245358923 246.22833703598891 246.2329379034906 246.23820977123412 246.24324520934582 246.24691230152865 246.24825898976175 246.24691230152865 246.24324520934582 246.23820977123412 246.2329379034906 246.22833703598891 246.22487245358923 246.22258268716558 246.22124160490665 246.22054135365298 246.22021407221914 246.22007677268923 246.22002496720722 246.2200073596604 246.22000196277924 246.22000046963126 246.2200002329483 246.22000108878754 246.22000451331928 246.22001689105497 246.22005727392687 246.22017608969173 246.220490985877 246.22124160516245 246.2228476299511 246.22592339931288 246.23117497382628 246.23912098632866 246.2496730663408 246.26176408400704 246.27331285080618 246.28172331907356 246.28481194572532 246.28172331907356 246.27331285080618 246.26176408400704 246.2496730663408 246.23912098632866 246.23117497382628 246.22592339931288 246.2228476299511 246.22124160516245 246.220490985877 246.22017608969173 246.22005727392687 246.22001689105497 246.22000451331928 246.22000108878754 246.22000049411386 246.22000227435552 246.22000939776612 246.22003514484612 246.22011914575404 246.2203662958861 246.22102131530932 246.2225826877056 246.2259233995971 246.2323213452296 246.24324520988583 246.25977380810167 246.28172331935778 246.30687399373275 246.33089672541792 246.348391443776 246.35481613401535 246.348391443776 246.33089672541792 246.30687399373275 246.28172331935778 246.25977380810167 246.24324520988583 246.2323213452296 246.2259233995971 246.2225826877056 246.22102131530932 246.2203662958861 246.22011914575404 246.22003514484612 246.22000939776612 246.22000227435552 246.22000093984158 246.22000429840975 246.22001773729315 246.22006631121735 246.2202247856437 246.22069105412066 246.22192680061335 246.22487245442767 246.23117497440893 246.24324521018426 246.26385395392043 246.29503647546102 246.33644598270482 246.38389474001715 246.42921554329723 246.46222072770087 246.47434141931453 246.46222072770087 246.42921554329723 246.38389474001715 246.33644598270482 246.29503647546102 246.26385395392043 246.24324521018426 246.23117497440893 246.22487245442767 246.22192680061335 246.22069105412066 246.2202247856437 246.22006631121735 246.22001773729315 246.22000429840975 246.22000161413519 246.2200073608257 246.2200303554767 246.22011346806906 246.22038462632136 246.22118243672043 246.22329686531933 246.2283370371542 246.23912098723815 246.25977380872695 246.29503647578787 246.34839144440127 246.41924533466195 246.50043270603624 246.577979033821 246.63445267645577 246.65519183059305 246.63445267645577 246.577979033821 246.50043270603624 246.41924533466195 246.34839144440127 246.29503647578787 246.25977380872695 246.23912098723815 246.2283370371542 246.22329686531933 246.22118243672043 246.22038462632136 246.22011346806906 246.2200303554767 246.2200073608257 246.22000250948506 246.22001142753447 246.22004711197482 246.2201760909423 246.2205968901305 246.2218349788312 246.22511627243153 246.23293790499696 246.24967306759135 246.28172332032412 246.33644598335852 246.4192453349888 246.52920053366162 246.65519183093411 246.7755327444189 246.8631718362434 246.89535606501445 246.8631718362434 246.7755327444189 246.65519183093411 246.52920053366162 246.4192453349888 246.33644598335852 246.28172332032412 246.24967306759135 246.23293790499696 246.22511627243153 246.2218349788312 246.2205968901305 246.2201760909423 246.22004711197482 246.22001142753447 246.2200035353649 246.22001608729093 246.22006631222632 246.22024784681798 246.2208401108925 246.222582689013 246.22720102567314 246.23820977308154 246.26176408559866 246.30687399504015 246.38389474102613 246.50043270673257 246.65519183127518 246.83252135368988 247.00189810571317 247.12524788174574 247.1705463590138 247.12524788174574 247.00189810571317 246.83252135368988 246.65519183127518 246.50043270673257 246.38389474102613 246.30687399504015 246.26176408559866 246.23820977308154 246.22720102567314 246.222582689013 246.2208401108925 246.22024784681798 246.22006631222632 246.22001608729093 246.22000451528038 246.2200205381131 246.22008465143992 246.22031638467195 246.2210724238762 246.22329686637093 246.22919228316812 246.2432452115627 246.27331285275307 246.33089672708059 246.42921554466147 246.5779790348726 246.77553274512945 247.00189810606844 247.21811156611014 247.37557049450723 247.43339508017687 247.37557049450723 247.21811156611014 247.00189810606844 246.77553274512945 246.5779790348726 246.42921554466147 246.33089672708059 246.27331285275307 246.2432452115627 246.22919228316812 246.22329686637093 246.2210724238762 246.22031638467195 246.22008465143992 246.2200205381131 246.22000522899674 246.2200237795409 246.22009800718362 246.22036629791825 246.22124160747882 246.22381697099388 246.23064243011976 246.24691230410082 246.28172332138993 246.34839144580815 246.4622207294346 246.63445267787685 246.86317183732342 247.1252478824705 247.3755704948767 247.55786964637835 247.62481645599956 247.55786964637835 247.3755704948767 247.1252478824705 246.86317183732342 246.63445267787685 246.4622207294346 246.34839144580815 246.28172332138993 246.24691230410082 246.23064243011976 246.22381697099388 246.22124160747882 246.22036629791825 246.22009800718362 246.2200237795409 246.22000549133807 246.22002497014887 246.2201029121324 246.22038462809772 246.22130373802582 246.22400797236972 246.23117497651214 246.2482589927034 246.28481194841117 246.35481613641699 246.47434142141773 246.6551918323694 246.89535606646396 247.17054636012224 247.43339508091583 247.62481645636905 247.6951132749463 247.62481645636905 247.43339508091583 247.17054636012224 246.89535606646396 246.6551918323694 246.47434142141773 246.35481613641699 246.28481194841117 246.2482589927034 246.23117497651214 246.22400797236972 246.22130373802582 246.22038462809772 246.2201029121324 246.22002497014887 246.2200052297357 246.22002378027986 246.2200980079226 246.2203662986572 246.22124160821778 246.22381697173284 246.23064243085872 246.24691230483978 246.2817233221289 246.3483914465471 246.46222073017356 246.6344526786016 246.86317183806239 247.12524788320945 247.37557049561568 247.55786964711731 247.62481645673853 247.55786964711731 247.37557049561568 247.12524788320945 246.86317183806239 246.6344526786016 246.46222073017356 246.3483914465471 246.2817233221289 246.24691230483978 246.23064243085872 246.22381697173284 246.22124160821778 246.2203662986572 246.2200980079226 246.22002378027986 246.2200045167441 246.2200205395768 246.22008465290364 246.22031638613566 246.2210724253399 246.22329686783465 246.22919228463184 246.24324521302643 246.273312854231 246.3308967285585 246.4292155461252 246.57797903633633 246.77553274659317 247.00189810754637 247.21811156757386 247.37557049598516 247.4333950816548 247.37557049598516 247.21811156757386 247.00189810754637 246.77553274659317 246.57797903633633 246.4292155461252 246.3308967285585 246.273312854231 246.24324521302643 246.22919228463184 246.22329686783465 246.2210724253399 246.22031638613566 246.22008465290364 246.2200205395768 246.22000353755337 246.2200160894794 246.2200663144148 246.22024784900645 246.22084011308098 246.22258269120147 246.2272010278616 246.23820977527 246.26176408778713 246.30687399722862 246.3838947432146 246.50043270892104 246.65519183346365 246.83252135587836 247.00189810790164 247.1252478839342 247.17054636121648 247.1252478839342 247.00189810790164 246.83252135587836 246.65519183346365 246.50043270892104 246.3838947432146 246.30687399722862 246.26176408778713 246.23820977527 246.2272010278616 246.22258269120147 246.22084011308098 246.22024784900645 246.2200663144148 246.2200160894794 246.22000251236986 246.22001143041928 246.22004711485963 246.2201760938271 246.2205968930153 246.221834981716 246.22511627531634 246.23293790788176 246.24967307047615 246.28172332320892 246.33644598625753 246.41924533788782 246.52920053654643 246.65519183381892 246.7755327473037 246.8631718391424 246.89535606791347 246.8631718391424 246.7755327473037 246.65519183381892 246.52920053654643 246.41924533788782 246.33644598625753 246.28172332320892 246.24967307047615 246.23293790788176 246.22511627531634 246.221834981716 246.2205968930153 246.2201760938271 246.22004711485963 246.22001143041928 246.2200016177021 246.22000736439261 246.22003035904362 246.22011347163598 246.2203846298883 246.22118244028735 246.22329686888625 246.22833704072113 246.23912099080508 246.25977381229387 246.2950364793548 246.3483914479682 246.41924533822888 246.50043270961737 246.57797903740214 246.6344526800227 246.65519183415998 246.6344526800227 246.57797903740214 246.50043270961737 246.41924533822888 246.3483914479682 246.2950364793548 246.25977381229387 246.23912099080508 246.22833704072113 246.22329686888625 246.22118244028735 246.2203846298883 246.22011347163598 246.22003035904362 246.22000736439261 246.2200009440622 246.22000430263037 246.22001774151377 246.22006631543798 246.22022478986432 246.2206910583413 246.22192680483397 246.2248724586483 246.23117497862955 246.24324521440488 246.26385395814106 246.29503647968164 246.33644598692544 246.38389474423778 246.42921554751786 246.4622207319215 246.47434142353515 246.4622207319215 246.42921554751786 246.38389474423778 246.33644598692544 246.29503647968164 246.26385395814106 246.24324521440488 246.23117497862955 246.2248724586483 246.22192680483397 246.2206910583413 246.22022478986432 246.22006631543798 246.22001774151377 246.22000430263037 246.22000049895976 246.22000227920142 246.22000940261202 246.22003514969202 246.22011915059994 246.220366300732 246.22102132015522 246.2225826925515 246.225923404443 246.2323213500755 246.24324521473173 246.25977381294757 246.28172332420368 246.30687399857865 246.3308967302496 246.34839144860769 246.35481613884704 246.34839144860769 246.3308967302496 246.30687399857865 246.28172332420368 246.25977381294757 246.24324521473173 246.2323213500755 246.225923404443 246.2225826925515 246.22102132015522 246.220366300732 246.22011915059994 246.22003514969202 246.22000940261202 246.22000227920142 246.22000023837685 246.2200010942161 246.22000451874783 246.22001689648351 246.22005727935542 246.22017609512028 246.22049099130555 246.221241610591 246.22284763537965 246.22592340474142 246.23117497925483 246.2391209917572 246.24967307176934 246.2617640894356 246.27331285623472 246.2817233245021 246.28481195115387 246.2817233245021 246.27331285623472 246.2617640894356 246.24967307176934 246.2391209917572 246.23117497925483 246.22592340474142 246.22284763537965 246.221241610591 246.22049099130555 246.22017609512028 246.22005727935542 246.22001689648351 246.22000451874783 246.2200010942161 246.2200001024409 246.22000047559982 246.2200019687478 246.22000736562896 246.22002497317578 246.22007677865778 246.2202140781877 246.22054135962154 246.2212416108752 246.22258269313414 246.2248724595578 246.22833704195747 246.23293790945917 246.23820977720268 246.24324521531437 246.2469123074972 246.2482589957303 246.2469123074972 246.24324521531437 246.23820977720268 246.23293790945917 246.22833704195747 246.2248724595578 246.22258269313414 246.2212416108752 246.22054135962154 246.2202140781877 246.22007677865778 246.22002497317578 246.22000736562896 246.2200019687478 246.22000047559982 246.2200000390447 246.2200001866099 246.2200007770732 246.2200029112625 246.22000987414285 246.22003036054997 246.2200846554616 246.2202140784577 246.22049099185978 246.22102132100787 246.22192680601347 246.2232968703926 246.22511627716375 246.2272010300643 246.2291922871898 246.23064243378616 246.23117497980905 246.23064243378616 246.2291922871898 246.2272010300643 246.22511627716375 246.2232968703926 246.22192680601347 246.22102132100787 246.22049099185978 246.2202140784577 246.2200846554616 246.22003036054997 246.22000987414285 246.2200029112625 246.2200007770732 246.2200001866099 246.22000001259156 246.22000006551673 246.22000027729015 246.22000104273067 246.22000354001185 246.2200108875916 246.22003036080577 246.2200767791836 246.2201760959303 246.22036630184044 246.22069105977658 246.2211824420495 246.2218349838192 246.22258269365994 246.2232968706484 246.22381697491608 246.22400797592243 246.22381697491608 246.2232968706484 246.22258269365994 246.2218349838192 246.2211824420495 246.22069105977658 246.22036630184044 246.2201760959303 246.2200767791836 246.22003036080577 246.2200108875916 246.22000354001185 246.22000104273067 246.22000027729015 246.22000006551673 246.2200000027554 246.22000001997128 246.22000008885846 246.22000033784644 246.22000115017997 246.22000354025343 246.22000987464023 246.22002497394317 246.22005728040702 246.22011915194997 246.2202247915412 246.22038463189202 246.2205968953601 246.22084011578104 246.22107242839525 246.2212416116426 246.22130374182012 246.2212416116426 246.22107242839525 246.22084011578104 246.2205968953601 246.22038463189202 246.2202247915412 246.22011915194997 246.22005728040702 246.22002497394317 246.22000987464023 246.22000354025343 246.22000115017997 246.22000033784644 246.22000008885846 246.22000001997128 246.21999999955756 246.22000000463663 246.22000002495992 246.22000009841702 246.22000033807382 246.22000104319963 246.22000291198725 246.22000736662372 246.2200168977625 246.22003515126943 246.22006631734223 246.2201134738671 246.22017609639926 246.2202478519339 246.22031638941837 246.2203663023094 246.2203846321194 246.2203663023094 246.22031638941837 246.2202478519339 246.22017609639926 246.2201134738671 246.22006631734223 246.22003515126943 246.2200168977625 246.22000736662372 246.22000291198725 246.22000104319963 246.22000033807382 246.22000009841702 246.22000002495992 246.22000000463663 246.21999999870667 246.22000000006568 246.22000000550366 246.22000002515887 246.22000008928478 246.22000027795806 246.22000077799692 246.2200019699415 246.22000452022576 246.22000940438838 246.22001774361698 246.22003036147368 246.22004711763074 246.22006631754118 246.2200846563853 246.22009801177373 246.22010291635303 246.22009801177373 246.2200846563853 246.22006631754118 246.22004711763074 246.22003036147368 246.22001774361698 246.22000940438838 246.22000452022576 246.2200019699415 246.22000077799692 246.22000027795806 246.22000008928478 246.22000002515887 246.22000000550366 246.22000000006568 246.21999999860094 246.21999999893075 246.22000000025042 246.22000000502032 246.22000002058235 246.22000006636938 246.22000018771834 246.22000047697827 246.22000109587876 246.22000228116252 246.22000430491832 246.2200073670074 246.22001143337513 246.22001609279053 246.2200205432432 246.22002378431574 246.22002497455424 246.22002378431574 246.2200205432432 246.22001609279053 246.22001143337513 246.2200073670074 246.22000430491832 246.22000228116252 246.22000109587876 246.22000047697827 246.22000018771834 246.22000006636938 246.22000002058235 246.22000000502032 246.22000000025042 246.21999999893075 246.2199999907379 246.21999999085054 246.2199999913013 246.21999999293052 246.21999999824595 246.2200000138852 246.22000005533368 246.2200001541346 246.22000036552905 246.2200007703799 246.22000146162304 246.22000250752396 246.2200038964508 246.22000548794168 246.22000700805833 246.22000811509363 246.22000852163686 246.22000811509363 246.22000700805833 246.22000548794168 246.2200038964508 246.22000250752396 246.22000146162304 246.2200007703799 246.22000036552905 246.2200001541346 246.22000005533368 246.2200000138852 246.21999999824595 246.21999999293052 246.2199999913013 246.21999999085054 246.21999999086475 246.21999999137657 246.21999999342452 246.22000000082676 246.2200000249768 246.2200000960318 246.22000028434815 246.2200007332386 246.22000169368445 246.22000353307695 246.2200066736592 246.2200114255876 246.22001773601417 246.2200249667667 246.22003187323867 246.22003690292402 246.22003875000553 246.22003690292402 246.22003187323867 246.2200249667667 246.22001773601417 246.2200114255876 246.2200066736592 246.22000353307695 246.22000169368445 246.2200007332386 246.22000028434815 246.2200000960318 246.2200000249768 246.22000000082676 246.21999999342452 246.21999999137657 246.21999999137236 246.21999999348137 246.22000000192034 246.22000003242243 246.22000013193676 246.22000042473098 246.22000120072042 246.22000305044955 246.2200070081294 246.22001458765772 246.22002752895895 246.22004711008478 246.22007311326644 246.22010290880706 246.2201313680948 246.22015209376536 246.22015970497753 246.22015209376536 246.2201313680948 246.22010290880706 246.22007311326644 246.22004711008478 246.22002752895895 246.22001458765772 246.2200070081294 246.22000305044955 246.22000120072042 246.22000042473098 246.22000013193676 246.22000003242243 246.22000000192034 246.21999999348137 246.21999999308684 246.22000000096887 246.2200000325077 246.2200001465027 246.2200005184161 246.22000161267147 246.22000451276506 246.2200114257297 246.22002621670666 246.22005454356315 246.22010290889233 246.2201760891375 246.2202732704347 246.22038462485764 246.22049098532278 246.2205684430577 246.22059688832573 246.2205684430577 246.22049098532278 246.22038462485764 246.2202732704347 246.2201760891375 246.22010290889233 246.22005454356315 246.22002621670666 246.2200114257297 246.22000451276506 246.22000161267147 246.2200005184161 246.2200001465027 246.2200000325077 246.22000000096887 246.21999999853017 246.2200000252468 246.22000013214992 246.220000518544 246.22000177917056 246.2200054882259 246.22001531829673 246.22003875027553 246.22008888533006 246.22018490119837 246.2203488388763 246.22059688845363 246.2209262912813 246.22130373491365 246.2216642511754 246.22192679960438 246.22202321683696 246.22192679960438 246.2216642511754 246.22130373491365 246.2209262912813 246.22059688845363 246.2203488388763 246.22018490119837 246.22008888533006 246.22003875027553 246.22001531829673 246.2200054882259 246.22000177917056 246.220000518544 246.22000013214992 246.2200000252468 246.22000001432573 246.22000009645814 246.22000042510047 246.22000161295568 246.2200054883822 246.22001689078496 246.22004711045426 246.22011914519982 246.2202732707189 246.2205684433419 246.2210724216451 246.22183497731064 246.2228476296811 246.22400796941386 246.22511627091097 246.22592339904287 246.2262198055425 246.22592339904287 246.22511627091097 246.22400796941386 246.2228476296811 246.22183497731064 246.2210724216451 246.2205684433419 246.2202732707189 246.22011914519982 246.22004711045426 246.22001689078496 246.2200054883822 246.22000161295568 246.22000042510047 246.22000009645814 246.22000005595896 246.2200002849592 246.22000120127464 246.22000451323402 246.2200153186378 246.220047110639 246.22013136864902 246.22033221480154 246.2207619451668 246.22158494086435 246.22299012529837 246.22511627109571 246.2279397326199 246.23117497374102 246.23426512266627 246.23651554471823 246.23734198069138 246.23651554471823 246.23426512266627 246.23117497374102 246.2279397326199 246.22511627109571 246.22299012529837 246.22158494086435 246.2207619451668 246.22033221480154 246.22013136864902 246.220047110639 246.2200153186378 246.22000451323402 246.22000120127464 246.2200002849592 246.22000015498725 246.22000073407705 246.22000305123115 246.22001142642603 246.22003875084397 246.22011914561193 246.22033221502892 246.220840109443 246.2219268001728 246.22400796982598 246.22756136288737 246.2329379038885 246.2400777983721 246.24825899015966 246.25607327665736 246.26176408414915 246.2638539534799 246.26176408414915 246.25607327665736 246.24825899015966 246.2400777983721 246.2329379038885 246.22756136288737 246.22400796982598 246.2219268001728 246.220840109443 246.22033221502892 246.22011914561193 246.22003875084397 246.22001142642603 246.22000305123115 246.22000073407705 246.22000036662328 246.22000169476448 246.22000700915257 246.22002621764457 246.22008888614008 246.2202732713726 246.22076194563576 246.2219268004144 246.22441912333503 246.2291922815907 246.23734198116034 246.24967306672448 246.26604839982016 246.28481194610902 246.30273399588148 246.31578585098598 246.32057896193405 246.31578585098598 246.30273399588148 246.28481194610902 246.26604839982016 246.24967306672448 246.23734198116034 246.2291922815907 246.22441912333503 246.2219268004144 246.22076194563576 246.2202732713726 246.22008888614008 246.22002621764457 246.22000700915257 246.22000169476448 246.22000077174414 246.22000353442698 246.2200145889509 246.22005454477107 246.2201849022784 246.2205684442656 246.2215849416033 246.22400797033757 246.22919228186072 246.23912098698236 246.25607327716895 246.28172331972726 246.31578585125598 246.35481613437062 246.3920960102587 246.41924533439195 246.42921554335408 246.41924533439195 246.3920960102587 246.35481613437062 246.31578585125598 246.28172331972726 246.25607327716895 246.23912098698236 246.22919228186072 246.22400797033757 246.2215849416033 246.2205684442656 246.2201849022784 246.22005454477107 246.2200145889509 246.22000353442698 246.2200014632715 246.22000667529346 246.22002753053636 246.22010291038447 246.22034884024055 246.221072422853 246.22299012632155 246.22756136368318 246.23734198171456 246.25607327745317 246.28805512775912 246.3364459830601 246.40070767115063 246.4743414196698 246.54467288501814 246.59589225483654 246.61470185088734 246.59589225483654 246.54467288501814 246.4743414196698 246.40070767115063 246.3364459830601 246.28805512775912 246.25607327745317 246.23734198171456 246.22756136368318 246.22299012632155 246.221072422853 246.22034884024055 246.22010291038447 246.22002753053636 246.22000667529346 246.22000250948506 246.22001142753447 246.22004711197482 246.2201760909423 246.2205968901305 246.2218349788312 246.22511627243153 246.23293790499696 246.24967306759135 246.28172332032412 246.33644598335852 246.4192453349888 246.52920053366162 246.65519183093411 246.7755327444189 246.8631718362434 246.89535606501445 246.8631718362434 246.7755327444189 246.65519183093411 246.52920053366162 246.4192453349888 246.33644598335852 246.28172332032412 246.24967306759135 246.23293790499696 246.22511627243153 246.2218349788312 246.2205968901305 246.2201760909423 246.22004711197482 246.22001142753447 246.22000389872454 246.2200177382737 246.22007311546912 246.2202732725521 246.22092629327082 246.2228476315143 246.22793973426835 246.2400777997932 246.26604840099967 246.31578585216548 246.4007076717759 246.52920053398847 246.69983542319062 246.8953560653413 247.08210811243438 247.21811156571223 247.2680569287069 247.21811156571223 247.08210811243438 246.8953560653413 246.69983542319062 246.52920053398847 246.4007076717759 246.31578585216548 246.26604840099967 246.2400777997932 246.22793973426835 246.2228476315143 246.22092629327082 246.2202732725521 246.22007311546912 246.2200177382737 246.22000549055647 246.22002496936727 246.2201029113508 246.22038462731612 246.22130373724423 246.22400797158812 246.23117497573054 246.2482589919218 246.28481194762958 246.3548161356354 246.47434142062193 246.6551918315878 246.89535606568236 247.17054635932644 247.43339508013423 247.62481645557324 247.6951132741505 247.62481645557324 247.43339508013423 247.17054635932644 246.89535606568236 246.6551918315878 246.47434142062193 246.3548161356354 246.28481194762958 246.2482589919218 246.23117497573054 246.22400797158812 246.22130373724423 246.22038462731612 246.2201029113508 246.22002496936727 246.2200070110142 246.22003187618031 246.2201313709796 246.22049098812232 246.22166425384705 246.2251162734263 246.23426512499685 246.25607327876057 246.3027339977431 246.39209601186454 246.54467288632554 246.77553274541367 247.0821081131165 247.4333950804753 247.76892773600272 248.01328168315476 248.10301724717374 248.01328168315476 247.76892773600272 247.4333950804753 247.0821081131165 246.77553274541367 246.54467288632554 246.39209601186454 246.3027339977431 246.25607327876057 246.23426512499685 246.2251162734263 246.22166425384705 246.22049098812232 246.2201313709796 246.22003187618031 246.22000811840476 246.22003690622094 246.22015209700544 246.2205684462125 246.2219268026313 246.22592340191346 246.23651554740408 246.26176408660763 246.31578585318866 246.41924533633883 246.5958922564992 246.86317183760764 247.21811156674963 247.62481645626957 248.01328168351003 248.29618413736958 248.400076100469 248.29618413736958 248.01328168351003 247.62481645626957 247.21811156674963 246.86317183760764 246.5958922564992 246.41924533633883 246.31578585318866 246.26176408660763 246.23651554740408 246.22592340191346 246.2219268026313 246.2205684462125 246.22015209700544 246.22003690622094 246.22000852528905 246.2200387536435 246.22015970855867 246.2205968918216 246.22202322020493 246.22621980875417 246.2373419837183 246.26385395627943 246.320578964492 246.42921554565623 246.61470185290528 246.89535606671976 247.26805693009956 247.6951132752021 248.10301724787007 248.40007610082426 248.50916680317374 248.40007610082426 248.10301724787007 247.6951132752021 247.26805693009956 246.89535606671976 246.61470185290528 246.42921554565623 246.320578964492 246.26385395627943 246.2373419837183 246.22621980875417 246.22202322020493 246.2205968918216 246.22015970855867 246.2200387536435 246.2200081191011 246.22003690691727 246.22015209770177 246.22056844690883 246.22192680332762 246.2259234026098 246.2365155481004 246.26176408730396 246.3157858538992 246.41924533704938 246.59589225720975 246.86317183830397 247.21811156746017 247.6248164569801 248.01328168420636 248.29618413808012 248.40007610117954 248.29618413808012 248.01328168420636 247.6248164569801 247.21811156746017 246.86317183830397 246.59589225720975 246.41924533704938 246.3157858538992 246.26176408730396 246.2365155481004 246.2259234026098 246.22192680332762 246.22056844690883 246.22015209770177 246.22003690691727 246.22000701242106 246.2200318775872 246.22013137238648 246.2204909895292 246.22166425525393 246.22511627483317 246.23426512640373 246.25607328016744 246.30273399914998 246.3920960132572 246.54467288773242 246.77553274682055 247.08210811450917 247.43339508188217 247.7689277374238 248.01328168456163 248.1030172485806 248.01328168456163 247.7689277374238 247.43339508188217 247.08210811450917 246.77553274682055 246.54467288773242 246.3920960132572 246.30273399914998 246.25607328016744 246.23426512640373 246.22511627483317 246.22166425525393 246.2204909895292 246.22013137238648 246.2200318775872 246.22000549264547 246.22002497145627 246.2201029134398 246.22038462940512 246.22130373933322 246.22400797367712 246.23117497781953 246.2482589940108 246.28481194971857 246.35481613772438 246.47434142272513 246.6551918336768 246.89535606777136 247.17054636142964 247.43339508222323 247.62481645767645 247.6951132762537 247.62481645767645 247.43339508222323 247.17054636142964 246.89535606777136 246.6551918336768 246.47434142272513 246.35481613772438 246.28481194971857 246.2482589940108 246.23117497781953 246.22400797367712 246.22130373933322 246.22038462940512 246.2201029134398 246.22002497145627 246.22000390149566 246.2200177410448 246.22007311824024 246.22027327532322 246.22092629604194 246.22284763428542 246.22793973703946 246.24007780256431 246.26604840377078 246.31578585492238 246.4007076745328 246.52920053674538 246.69983542596174 246.89535606811242 247.0821081152055 247.21811156848335 247.26805693147801 247.21811156848335 247.0821081152055 246.89535606811242 246.69983542596174 246.52920053674538 246.4007076745328 246.31578585492238 246.26604840377078 246.24007780256431 246.22793973703946 246.22284763428542 246.22092629604194 246.22027327532322 246.22007311824024 246.2200177410448 246.22000251289566 246.22001143094508 246.22004711538543 246.2201760943529 246.2205968935411 246.2218349822418 246.22511627584214 246.23293790840756 246.24967307100195 246.28172332373472 246.33644598678333 246.4192453383994 246.52920053707223 246.65519183434472 246.77553274782952 246.8631718396682 246.89535606843927 246.8631718396682 246.77553274782952 246.65519183434472 246.52920053707223 246.4192453383994 246.33644598678333 246.28172332373472 246.24967307100195 246.23293790840756 246.22511627584214 246.2218349822418 246.2205968935411 246.2201760943529 246.22004711538543 246.22001143094508 246.22000146730738 246.22000667932934 246.22002753457224 246.22010291442035 246.22034884427643 246.2210724268889 246.22299013035743 246.22756136771906 246.23734198575045 246.25607328148905 246.288055131795 246.33644598709597 246.4007076751865 246.47434142370568 246.54467288906824 246.59589225888664 246.61470185493744 246.59589225888664 246.54467288906824 246.47434142370568 246.4007076751865 246.33644598709597 246.288055131795 246.25607328148905 246.23734198575045 246.22756136771906 246.22299013035743 246.2210724268889 246.22034884427643 246.22010291442035 246.22002753457224 246.22000667932934 246.22000077636267 246.2200035390455 246.22001459356943 246.2200545493896 246.22018490689692 246.22056844888414 246.22158494622184 246.2240079749561 246.22919228647925 246.23912099160088 246.25607328178748 246.2817233243458 246.3157858558745 246.35481613900336 246.39209601489145 246.41924533902468 246.42921554798681 246.41924533902468 246.39209601489145 246.35481613900336 246.3157858558745 246.2817233243458 246.25607328178748 246.23912099160088 246.22919228647925 246.2240079749561 246.22158494622184 246.22056844888414 246.22018490689692 246.2200545493896 246.22001459356943 246.2200035390455 246.22000037181024 246.22000169995144 246.22000701433953 246.22002622283154 246.22008889132704 246.22027327655957 246.22076195082272 246.22192680560136 246.224419128522 246.22919228677767 246.2373419863473 246.24967307191145 246.26604840500713 246.28481195129598 246.30273400106844 246.31578585617294 246.320578967121 246.31578585617294 246.30273400106844 246.28481195129598 246.26604840500713 246.24967307191145 246.2373419863473 246.22919228677767 246.224419128522 246.22192680560136 246.22076195082272 246.22027327655957 246.22008889132704 246.22002622283154 246.22000701433953 246.22000169995144 246.2200001606858 246.2200007397756 246.2200030569297 246.22001143212458 246.22003875654252 246.22011915131048 246.22033222072747 246.22084011514156 246.22192680587136 246.22400797552453 246.22756136858592 246.23293790958706 246.24007780407067 246.2482589958582 246.2560732823559 246.2617640898477 246.26385395917845 246.2617640898477 246.2560732823559 246.2482589958582 246.24007780407067 246.23293790958706 246.22756136858592 246.22400797552453 246.22192680587136 246.22084011514156 246.22033222072747 246.22011915131048 246.22003875654252 246.22001143212458 246.2200030569297 246.2200007397756 246.22000006214068 246.22000029114093 246.22000120745636 246.22000451941574 246.2200153248195 246.22004711682072 246.22013137483074 246.22033222098327 246.22076195134852 246.22158494704607 246.2229901314801 246.22511627727744 246.2279397388016 246.23117497992274 246.234265128848 246.23651555089995 246.2373419868731 246.23651555089995 246.234265128848 246.23117497992274 246.2279397388016 246.22511627727744 246.2229901314801 246.22158494704607 246.22076195134852 246.22033222098327 246.22013137483074 246.22004711682072 246.2200153248195 246.22000451941574 246.22000120745636 246.22000029114093 246.220000020948 246.2200001030804 246.22000043172272 246.22000161957794 246.22000549500447 246.22001689740722 246.22004711707652 246.22011915182208 246.22027327734116 246.22056844996416 246.22107242826735 246.2218349839329 246.22284763630336 246.22400797603612 246.22511627753323 246.22592340566513 246.22621981216477 246.22592340566513 246.22511627753323 246.22400797603612 246.22284763630336 246.2218349839329 246.22107242826735 246.22056844996416 246.22027327734116 246.22011915182208 246.22004711707652 246.22001689740722 246.22000549500447 246.22000161957794 246.22000043172272 246.2200001030804 246.22000000553612 246.22000003225276 246.22000013915587 246.22000052554995 246.2200017861765 246.22000549523185 246.22001532530268 246.2200387572815 246.220088892336 246.22018490820432 246.22034884588226 246.22059689545958 246.22092629828725 246.2213037419196 246.22166425818136 246.22192680661033 246.2220232238429 246.22192680661033 246.22166425818136 246.2213037419196 246.22092629828725 246.22059689545958 246.22034884588226 246.22018490820432 246.220088892336 246.2200387572815 246.22001532530268 246.22000549523185 246.2200017861765 246.22000052554995 246.22000013915587 246.22000003225276 246.22000000041965 246.22000000830167 246.2200000398405 246.2200001538355 246.2200005257489 246.22000162000427 246.22000452009786 246.2200114330625 246.22002622403946 246.22005455089595 246.22010291622513 246.2201760964703 246.2202732777675 246.22038463219045 246.22049099265558 246.2205684503905 246.22059689565853 246.2205684503905 246.22049099265558 246.22038463219045 246.2202732777675 246.2201760964703 246.22010291622513 246.22005455089595 246.22002622403946 246.2200114330625 246.22000452009786 246.22000162000427 246.2200005257489 246.2200001538355 246.2200000398405 246.22000000830167 246.21999999898938 246.22000000109838 246.22000000953736 246.22000004003945 246.22000013955378 246.220000432348 246.22000120833744 246.22000305806657 246.2200070157464 246.22001459527473 246.22002753657597 246.2200471177018 246.22007312088346 246.22010291642408 246.22013137571182 246.22015210138238 246.22015971259455 246.22015210138238 246.22013137571182 246.22010291642408 246.22007312088346 246.2200471177018 246.22002753657597 246.22001459527473 246.2200070157464 246.22000305806657 246.22000120833744 246.220000432348 246.22000013955378 246.22000004003945 246.22000000953736 246.22000000109838 246.21999999872335 246.21999999923517 246.22000000128313 246.22000000868536 246.2200000328354 246.2200001038904 246.22000029220675 246.2200007410972 246.22000170154305 246.22000354093555 246.22000668151782 246.2200114334462 246.22001774387277 246.2200249746253 246.22003188109727 246.22003691078262 246.22003875786413 246.22003691078262 246.22003188109727 246.2200249746253 246.22001774387277 246.2200114334462 246.22000668151782 246.22000354093555 246.22000170154305 246.2200007410972 246.22000029220675 246.2200001038904 246.2200000328354 246.22000000868536 246.22000000128313 246.21999999923517 246.21999999119137 246.21999999134994 246.21999999198437 246.21999999427746 246.2200000017588 246.2200000237706 246.2200000821083 246.22000022116808 246.22000051870032 246.22000108851753 246.22000206142454 246.22000353350327 246.2200054883822 246.22000772836486 246.22000986789007 246.2200114260139 246.22001199821307 246.2200114260139 246.22000986789007 246.22000772836486 246.2200054883822 246.22000353350327 246.22000206142454 246.22000108851753 246.22000051870032 246.22000022116808 246.2200000821083 246.2200000237706 246.2200000017588 246.21999999427746 246.21999999198437 246.21999999134994 246.21999999136415 246.21999999208452 246.21999999496697 246.2200000053854 246.22000003937595 246.22000013938407 246.2200004044345 246.2200010362363 246.22000238803923 246.22000497693702 246.2200093972261 246.22001608544352 246.22002496720722 246.2200351443061 246.22004486498844 246.22005194414172 246.22005454386158 246.22005194414172 246.22004486498844 246.2200351443061 246.22002496720722 246.22001608544352 246.2200093972261 246.22000497693702 246.22000238803923 246.2200010362363 246.2200004044345 246.22000013938407 246.22000003937595 246.2200000053854 246.21999999496697 246.21999999208452 246.21999999205542 246.2199999950238 246.22000000690144 246.22000004983235 246.22000018989624 246.22000060199656 246.22000169418183 246.22000429762815 246.22000986796112 246.22002053595304 246.2200387505029 246.22006631043575 246.2201029092476 246.22014484570755 246.22018490142574 246.22021407227598 246.2202247848621 246.22021407227598 246.22018490142574 246.22014484570755 246.2201029092476 246.22006631043575 246.2200387505029 246.22002053595304 246.22000986796112 246.22000429762815 246.22000169418183 246.22000060199656 246.22000018989624 246.22000004983235 246.22000000690144 246.2199999950238 246.21999999443378 246.2200000055275 246.22000004991762 246.22000021036268 246.22000073382125 246.22000227395762 246.22000635576507 246.22001608558563 246.22003690350667 246.22007677283133 246.22014484579282 246.22024784511268 246.22038462529818 246.22054135379508 246.22069105342433 246.22080007320133 246.2208401091872 246.22080007320133 246.22069105342433 246.22054135379508 246.22038462529818 246.22024784511268 246.22014484579282 246.22007677283133 246.22003690350667 246.22001608558563 246.22000635576507 246.22000227395762 246.22000073382125 246.22000021036268 246.22000004991762 246.2200000055275 246.2200000020288 246.22000003963174 246.2200001900952 246.22000073393494 246.2200025082345 246.22000772863487 246.22002156420766 246.22005454411737 246.22012510792192 246.2202602477962 246.220490985877 246.2208401093009 246.22130373533997 246.22183497758064 246.22234239498093 246.22271192516692 246.2228476299511 246.22271192516692 246.22234239498093 246.22183497758064 246.22130373533997 246.2208401093009 246.220490985877 246.2202602477962 246.22012510792192 246.22005454411737 246.22002156420766 246.22000772863487 246.2200025082345 246.22000073393494 246.2200001900952 246.22000003963174 246.22000002419693 246.22000013979618 246.22000060235183 246.22000227422762 246.2200077287912 246.22002377738085 246.22006631079103 246.22016769784952 246.2203846255682 246.22080007347134 246.22150941001877 246.2225826875777 246.2240079698402 246.2256411182806 246.22720102423784 246.22833703640103 246.22875422095393 246.22833703640103 246.22720102423784 246.2256411182806 246.2240079698402 246.2225826875777 246.22150941001877 246.22080007347134 246.2203846255682 246.22016769784952 246.22006631079103 246.22002377738085 246.2200077287912 246.22000227422762 246.22000060235183 246.22000013979618 246.22000008271937 246.22000040503136 246.22000169472184 246.2200063562198 246.22002156454872 246.22006631097577 246.22018490196575 246.2204675877788 246.22107242225616 246.2222307676114 246.22420852869482 246.22720102442258 246.23117497415313 246.23572849312885 246.24007779855685 246.24324520992846 246.24440839738347 246.24324520992846 246.24007779855685 246.23572849312885 246.23117497415313 246.22720102442258 246.22420852869482 246.2222307676114 246.22107242225616 246.2204675877788 246.22018490196575 246.22006631097577 246.22002156454872 246.2200063562198 246.22000169472184 246.22000040503136 246.2200002219781 246.22000103703212 246.22000429836712 246.22001608623933 246.2200545446574 246.2201676982332 246.22046758797777 246.22118243635094 246.22271192570693 246.2256411186643 246.2306424283434 246.23820977202993 246.24825899055756 246.25977380835747 246.2707722163638 246.27878188208294 246.28172331961358 246.27878188208294 246.2707722163638 246.25977380835747 246.24825899055756 246.23820977202993 246.2306424283434 246.2256411186643 246.22271192570693 246.22118243635094 246.22046758797777 246.2201676982332 246.2200545446574 246.22001608623933 246.22000429836712 246.22000103703212 246.2200005197377 246.22000238906242 246.22000986892746 246.22003690438774 246.2201251086893 246.22038462617925 246.22107242268248 246.2227119259343 246.2262198065799 246.2329379045138 246.244408397824 246.26176408477443 246.2848119464927 246.31122115708297 246.33644598288956 246.35481613449852 246.36156231533562 246.35481613449852 246.33644598288956 246.31122115708297 246.2848119464927 246.26176408477443 246.244408397824 246.2329379045138 246.2262198065799 246.2227119259343 246.22107242268248 246.22038462617925 246.2201251086893 246.22003690438774 246.22000986892746 246.22000238906242 246.22000108981072 246.220004978216 246.22002053717517 246.2200767739682 246.2202602488194 246.2208000743382 246.2222307682935 246.22564111914747 246.23293790476959 246.24691230280763 246.27077221684698 246.30687399447172 246.35481613475432 246.40975025811667 246.4622207281414 246.50043270616413 246.51446551979416 246.50043270616413 246.4622207281414 246.40975025811667 246.35481613475432 246.30687399447172 246.27077221684698 246.24691230280763 246.23293790476959 246.22564111914747 246.2222307682935 246.2208000743382 246.2202602488194 246.2200767739682 246.22002053717517 246.220004978216 246.22000206300194 246.2200093987893 246.22003875200926 246.2201448472139 246.2204909871844 246.22150941116985 246.22420852966115 246.2306424291108 246.24440839836402 246.2707722171312 246.31578585190968 246.3838947407277 246.47434142002507 246.5779790342189 246.67696876949006 246.74905872002557 246.77553274447575 246.74905872002557 246.67696876949006 246.5779790342189 246.47434142002507 246.3838947407277 246.31578585190968 246.2707722171312 246.24440839836402 246.2306424291108 246.22420852966115 246.22150941116985 246.2204909871844 246.2201448472139 246.22003875200926 246.2200093987893 246.2200035353649 246.22001608729093 246.22006631222632 246.22024784681798 246.2208401108925 246.222582689013 246.22720102567314 246.23820977308154 246.26176408559866 246.30687399504015 246.38389474102613 246.50043270673257 246.65519183127518 246.83252135368988 247.00189810571317 247.12524788174574 247.1705463590138 247.12524788174574 247.00189810571317 246.83252135368988 246.65519183127518 246.50043270673257 246.38389474102613 246.30687399504015 246.26176408559866 246.23820977308154 246.22720102567314 246.222582689013 246.2208401108925 246.22024784681798 246.22006631222632 246.22001608729093 246.22000549055647 246.22002496936727 246.2201029113508 246.22038462731612 246.22130373724423 246.22400797158812 246.23117497573054 246.2482589919218 246.28481194762958 246.3548161356354 246.47434142062193 246.6551918315878 246.89535606568236 247.17054635932644 247.43339508013423 247.62481645557324 247.6951132741505 247.62481645557324 247.43339508013423 247.17054635932644 246.89535606568236 246.6551918315878 246.47434142062193 246.3548161356354 246.28481194762958 246.2482589919218 246.23117497573054 246.22400797158812 246.22130373724423 246.22038462731612 246.2201029113508 246.22002496936727 246.22000773085176 246.2200351467788 246.2201448481234 246.22054135612566 246.22183497979753 246.22564112034118 246.2357284950189 246.25977381003435 246.31122115853248 246.40975025931039 246.57797903514262 246.83252135431516 247.1705463596533 247.55786964627887 247.92782248536722 248.19724316619147 248.2961841370001 248.19724316619147 247.92782248536722 247.55786964627887 247.1705463596533 246.83252135431516 246.57797903514262 246.40975025931039 246.31122115853248 246.25977381003435 246.2357284950189 246.22564112034118 246.22183497979753 246.22054135612566 246.2201448481234 246.2200351467788 246.22000987070382 246.22004486778798 246.22018490416843 246.22069105608176 246.22234239752467 246.22720102662527 246.24007780077375 246.27077221836754 246.33644598466591 246.46222072966196 246.67696877074061 247.0018981066653 247.43339508077372 247.92782248569407 248.40007610042636 248.74399801951827 248.870298526423 248.74399801951827 248.40007610042636 247.92782248569407 247.43339508077372 247.0018981066653 246.67696877074061 246.46222072966196 246.33644598466591 246.27077221836754 246.24007780077375 246.22720102662527 246.22234239752467 246.22069105608176 246.22018490416843 246.22004486778798 246.22001142916872 246.22005194728231 246.22021407535973 246.22080007619982 246.22271192805172 246.2283370391295 246.2432452124864 246.27878188442773 246.35481613660173 246.50043270801154 246.74905872160298 247.1252478830247 247.6248164565538 248.19724316684517 248.74399801985933 249.142175974366 249.2884012502222 249.142175974366 248.74399801985933 248.19724316684517 247.6248164565538 247.1252478830247 246.74905872160298 246.50043270801154 246.35481613660173 246.27878188442773 246.2432452124864 246.2283370391295 246.22271192805172 246.22080007619982 246.22021407535973 246.22005194728231 246.22001200169473 246.22005454732903 246.2202247882727 246.22084011251255 246.22284763316276 246.22875422400926 246.24440840026827 246.28172332228522 246.36156231777989 246.51446552198263 246.77553274638 247.17054636064805 247.6951132754721 248.29618413799486 248.8702985270909 249.28840125056325 249.4419436186832 249.28840125056325 248.8702985270909 248.29618413799486 247.6951132754721 247.17054636064805 246.77553274638 246.51446552198263 246.36156231777989 246.28172332228522 246.24440840026827 246.22875422400926 246.22284763316276 246.22084011251255 246.2202247882727 246.22005454732903 246.22001142983663 246.22005194795022 246.22021407602764 246.22080007686773 246.22271192871963 246.22833703979742 246.24324521315432 246.27878188509564 246.35481613728385 246.50043270867945 246.7490587222709 247.12524788370683 247.6248164572359 248.1972431675273 248.74399802052724 249.14217597504813 249.2884012508901 249.14217597504813 248.74399802052724 248.1972431675273 247.6248164572359 247.12524788370683 246.7490587222709 246.50043270867945 246.35481613728385 246.27878188509564 246.24324521315432 246.22833703979742 246.22271192871963 246.22080007686773 246.22021407602764 246.22005194795022 246.22000987203964 246.2200448691238 246.22018490550425 246.22069105741758 246.2223423988605 246.2272010279611 246.24007780210957 246.27077221970336 246.33644598600173 246.46222073099779 246.67696877207644 247.00189810800111 247.43339508212375 247.9278224870441 248.40007610176218 248.7439980208683 248.87029852777303 248.7439980208683 248.40007610176218 247.9278224870441 247.43339508212375 247.00189810800111 246.67696877207644 246.46222073099779 246.33644598600173 246.27077221970336 246.24007780210957 246.2272010279611 246.2223423988605 246.22069105741758 246.22018490550425 246.2200448691238 246.22000773284128 246.22003514876832 246.22014485011292 246.22054135811518 246.22183498178705 246.2256411223307 246.2357284970084 246.25977381202387 246.311221160522 246.4097502612999 246.57797903713214 246.8325213563189 247.1705463616428 247.5578696482826 247.92782248737095 248.1972431681952 248.29618413900383 248.1972431681952 247.92782248737095 247.5578696482826 247.1705463616428 246.8325213563189 246.57797903713214 246.4097502612999 246.311221160522 246.25977381202387 246.2357284970084 246.2256411223307 246.22183498178705 246.22054135811518 246.22014485011292 246.22003514876832 246.22000549318548 246.22002497199628 246.22010291397982 246.22038462994513 246.22130373987324 246.22400797421713 246.23117497835955 246.2482589945508 246.2848119502586 246.3548161382644 246.47434142326514 246.65519183421682 246.89535606831137 247.17054636196966 247.43339508276324 247.62481645821646 247.6951132767937 247.62481645821646 247.43339508276324 247.17054636196966 246.89535606831137 246.65519183421682 246.47434142326514 246.3548161382644 246.2848119502586 246.2482589945508 246.23117497835955 246.22400797421713 246.22130373987324 246.22038462994513 246.22010291397982 246.22002497199628 246.22000353861918 246.22001609054522 246.2200663154806 246.22024785007227 246.2208401141468 246.22258269226728 246.22720102892742 246.23820977633582 246.26176408885294 246.30687399829444 246.3838947442804 246.50043270998685 246.65519183452946 246.83252135694417 247.00189810896745 247.12524788500002 247.1705463622823 247.12524788500002 247.00189810896745 246.83252135694417 246.65519183452946 246.50043270998685 246.3838947442804 246.30687399829444 246.26176408885294 246.23820977633582 246.22720102892742 246.22258269226728 246.2208401141468 246.22024785007227 246.2200663154806 246.22001609054522 246.22000206683887 246.22000940262623 246.2200387558462 246.22014485105083 246.22049099102134 246.22150941500678 246.22420853349809 246.23064243294772 246.24440840220095 246.27077222096813 246.3157858557466 246.38389474457884 246.4743414238762 246.57797903807005 246.6769687733412 246.74905872387671 246.77553274831268 246.74905872387671 246.6769687733412 246.57797903807005 246.4743414238762 246.38389474457884 246.3157858557466 246.27077222096813 246.24440840220095 246.23064243294772 246.22420853349809 246.22150941500678 246.22049099102134 246.22014485105083 246.2200387558462 246.22000940262623 246.2200010942161 246.22000498262136 246.22002054158054 246.22007677837357 246.22026025322475 246.22080007874357 246.22223077269888 246.22564112355283 246.23293790917495 246.246912307213 246.27077222125234 246.30687399887708 246.35481613915968 246.40975026252204 246.46222073254677 246.5004327105695 246.51446552419952 246.5004327105695 246.46222073254677 246.40975026252204 246.35481613915968 246.30687399887708 246.27077222125234 246.246912307213 246.23293790917495 246.22564112355283 246.22223077269888 246.22080007874357 246.22026025322475 246.22007677837357 246.22002054158054 246.22000498262136 246.2200005246831 246.2200023940078 246.22000987387284 246.22003690933312 246.22012511363468 246.22038463112463 246.22107242762786 246.22271193087968 246.22621981152528 246.23293790945917 246.24440840276938 246.2617640897198 246.2848119514381 246.31122116202835 246.33644598783494 246.3548161394439 246.361562320281 246.3548161394439 246.33644598783494 246.31122116202835 246.2848119514381 246.2617640897198 246.24440840276938 246.23293790945917 246.22621981152528 246.22271193087968 246.22107242762786 246.22038463112463 246.22012511363468 246.22003690933312 246.22000987387284 246.2200023940078 246.22000022740664 246.22000104246067 246.22000430379566 246.22001609166787 246.22005455008593 246.22016770366176 246.2204675934063 246.2211824417795 246.22271193113548 246.22564112409285 246.23064243377195 246.23820977745848 246.2482589959861 246.259773813786 246.27077222179236 246.27878188751149 246.28172332504212 246.27878188751149 246.27077222179236 246.259773813786 246.2482589959861 246.23820977745848 246.23064243377195 246.22564112409285 246.22271193113548 246.2211824417795 246.2204675934063 246.22016770366176 246.22005455008593 246.22001609166787 246.22000430379566 246.22000104246067 246.22000008860266 246.22000041091465 246.22000170060514 246.2200063621031 246.220021570432 246.22006631685906 246.22018490784905 246.2204675936621 246.22107242813945 246.2222307734947 246.2242085345781 246.22720103030588 246.23117498005064 246.23572849902635 246.24007780445436 246.24324521582597 246.24440840328097 246.24324521582597 246.24007780445436 246.23572849902635 246.23117498005064 246.22720103030588 246.2242085345781 246.2222307734947 246.22107242813945 246.2204675936621 246.22018490784905 246.22006631685906 246.220021570432 246.2200063621031 246.22000170060514 246.22000041091465 246.22000003049234 246.2200001460916 246.22000060864724 246.22000228052303 246.2200077350866 246.22002378367625 246.22006631708643 246.22016770414493 246.2203846318636 246.22080007976675 246.22150941631418 246.2225826938731 246.2240079761356 246.22564112457601 246.22720103053325 246.22833704269644 246.22875422724934 246.22833704269644 246.22720103053325 246.22564112457601 246.2240079761356 246.2225826938731 246.22150941631418 246.22080007976675 246.2203846318636 246.22016770414493 246.22006631708643 246.22002378367625 246.2200077350866 246.22000228052303 246.22000060864724 246.2200001460916 246.2200000086937 246.22000004629663 246.22000019676008 246.22000074059983 246.2200025148994 246.22000773529976 246.22002157087255 246.22005455078227 246.2201251145868 246.2202602544611 246.2204909925419 246.22084011596579 246.22130374200486 246.22183498424553 246.22234240164582 246.2227119318318 246.222847636616 246.2227119318318 246.22234240164582 246.22183498424553 246.22130374200486 246.22084011596579 246.2204909925419 246.2202602544611 246.2201251145868 246.22005455078227 246.22002157087255 246.22000773529976 246.2200025148994 246.22000074059983 246.22000019676008 246.22000004629663 246.22000000142552 246.22000001251925 246.22000005690936 246.22000021735442 246.220000740813 246.22000228094936 246.2200063627568 246.22001609257737 246.2200369104984 246.22007677982307 246.22014485278456 246.22024785210442 246.22038463228992 246.22054136078683 246.22069106041607 246.22080008019307 246.22084011617895 246.22080008019307 246.22069106041607 246.22054136078683 246.22038463228992 246.22024785210442 246.22014485278456 246.22007677982307 246.2200369104984 246.22001609257737 246.2200063627568 246.22000228094936 246.220000740813 246.22000021735442 246.22000005690936 246.22000001251925 246.21999999931717 246.22000000228556 246.2200000141632 246.2200000570941 246.220000197158 246.2200006092583 246.22000170144358 246.2200043048899 246.22000987522287 246.2200205432148 246.22003875776466 246.2200663176975 246.22010291650935 246.2201448529693 246.2201849086875 246.22021407953773 246.22022479212384 246.22021407953773 246.2201849086875 246.2201448529693 246.22010291650935 246.2200663176975 246.22003875776466 246.2200205432148 246.22000987522287 246.2200043048899 246.22000170144358 246.2200006092583 246.220000197158 246.2200000570941 246.2200000141632 246.22000000228556 246.21999999885327 246.21999999957364 246.2200000024561 246.22000001287452 246.22000004686507 246.2200001468732 246.22000041192362 246.22000104372543 246.22000239552835 246.22000498442614 246.22000940471523 246.22001609293264 246.22002497469634 246.22003515179523 246.22004487247756 246.22005195163084 246.2200545513507 246.22005195163084 246.22004487247756 246.22003515179523 246.22002497469634 246.22001609293264 246.22000940471523 246.22000498442614 246.22000239552835 246.22000104372543 246.22000041192362 246.2200001468732 246.22000004686507 246.22000001287452 246.2200000024561 246.21999999957364 246.2199999916585 246.2199999918609 246.21999999267075 246.21999999559796 246.22000000514805 246.22000003324666 246.22000010771612 246.22000028522922 246.22000066503622 246.22000139242147 246.22000263436044 246.22000451350402 246.22000700895362 246.22000986834482 246.22001259949974 246.22001458848194 246.2200153189078 246.22001458848194 246.22001259949974 246.22000986834482 246.22000700895362 246.22000451350402 246.22000263436044 246.22000139242147 246.22000066503622 246.22000028522922 246.22000010771612 246.22000003324666 246.22000000514805 246.21999999559796 246.21999999267075 246.2199999918609 246.2199999918751 246.21999999279467 246.2199999964742 246.22000000977357 246.22000005316335 246.22000018082608 246.22000051916928 246.22000132567933 246.220003051288 246.2200063560777 246.22001199868203 246.22002053635094 246.22003187413395 246.22004486544319 246.22005727412582 246.22006631083366 246.22006962943803 246.22006631083366 246.22005727412582 246.22004486544319 246.22003187413395 246.22002053635094 246.22001199868203 246.2200063560777 246.220003051288 246.22000132567933 246.22000051916928 246.22000018082608 246.22000005316335 246.22000000977357 246.2199999964742 246.21999999279467 246.2199999927418 246.21999999653104 246.22000001169312 246.22000006649546 246.22000024529032 246.22000077134624 246.22000216554673 246.22000548890801 246.2200125995708 246.22002621751668 246.22004946882362 246.22008464973462 246.22013136899008 246.2201849018805 246.22023603395925 246.2202732712447 246.22028694611615 246.2202732712447 246.22023603395925 246.2201849018805 246.22013136899008 246.22008464973462 246.22004946882362 246.22002621751668 246.2200125995708 246.22000548890801 246.22000216554673 246.22000077134624 246.22000024529032 246.22000006649546 246.22000001169312 246.21999999653104 246.21999999575428 246.22000000991568 246.22000006658072 246.22000027139265 246.2200009396 246.2200029056208 246.22000811614524 246.22002053649305 246.22004711106533 246.2200980052083 246.22018490196575 246.2203163830519 246.22049098621807 246.22069105387908 246.22088214902297 246.22102131536616 246.22107242225616 246.22102131536616 246.22088214902297 246.22069105387908 246.22049098621807 246.2203163830519 246.22018490196575 246.2200980052083 246.22004711106533 246.22002053649305 246.22000811614524 246.2200029056208 246.2200009396 246.22000027139265 246.22000006658072 246.22000000991568 246.22000000540385 246.22000005340493 246.22000024547506 246.22000093969947 246.22000320463513 246.2200098686006 246.22002753003898 246.2200696296796 246.22015970605756 246.22033221532735 246.22062675798577 246.22107242235563 246.22166425204227 246.22234239542146 246.22299012582417 246.22346183991218 246.2236350703029 246.22346183991218 246.22299012582417 246.22234239542146 246.22166425204227 246.22107242235563 246.22062675798577 246.22033221532735 246.22015970605756 246.2200696296796 246.22002753003898 246.2200098686006 246.22000320463513 246.22000093969947 246.22000024547506 246.22000005340493 246.22000003364457 246.22000018120977 246.22000077167309 246.22000290586237 246.22000986874272 246.22003035514985 246.22008465006147 246.22021407305758 246.22049098645965 246.22102131560774 246.22192680061335 246.22329686499248 246.22511627176362 246.22720102466417 246.22919228178966 246.23064242838603 246.23117497440893 246.23064242838603 246.22919228178966 246.22720102466417 246.22511627176362 246.22329686499248 246.22192680061335 246.22102131560774 246.22049098645965 246.22021407305758 246.22008465006147 246.22003035514985 246.22000986874272 246.22000290586237 246.22000077167309 246.22000018120977 246.22000010828455 246.2200005197235 246.2200021660441 246.22000811655735 246.22002753035162 246.220084650232 246.22023603445663 246.22059688963313 246.22136897525607 246.22284763070428 246.2253722898554 246.2291922819602 246.2342651235047 246.24007779898318 246.24562979100176 246.24967306709397 246.2511579035979 246.24967306709397 246.24562979100176 246.24007779898318 246.2342651235047 246.2291922819602 246.2253722898554 246.22284763070428 246.22136897525607 246.22059688963313 246.22023603445663 246.220084650232 246.22002753035162 246.22000811655735 246.2200021660441 246.2200005197235 246.2200002859966 246.2200013264325 246.22000548960435 246.22002053710412 246.2200696301912 246.22021407342706 246.22059688983208 246.22150941081458 246.22346184042377 246.22720102503365 246.2335853160154 246.24324521055374 246.25607327746738 246.27077221677592 246.28481194667745 246.2950364758305 246.29879129092996 246.2950364758305 246.28481194667745 246.27077221677592 246.25607327746738 246.24324521055374 246.2335853160154 246.22720102503365 246.22346184042377 246.22150941081458 246.22059688983208 246.22021407342706 246.2200696301912 246.22002053710412 246.22000548960435 246.2200013264325 246.22000066603098 246.22000305226854 246.2200126004945 246.22004711190377 246.22015970679652 246.2204909870565 246.2213689756824 246.22346184065114 246.22793973388465 246.236515545983 246.25115790402424 246.27331285198568 246.30273399666308 246.33644598328746 246.36864607451272 246.3920960107845 246.400707671378 246.3920960107845 246.36864607451272 246.33644598328746 246.30273399666308 246.27331285198568 246.25115790402424 246.236515545983 246.22793973388465 246.22346184065114 246.2213689756824 246.2204909870565 246.22015970679652 246.22004711190377 246.2200126004945 246.22000305226854 246.2200013936578 246.22000635729984 246.22002621868197 246.22009800628834 246.2203322163079 246.22102131644618 246.2228476313722 246.2272010255026 246.23651554622458 246.25435419831655 246.2848119471464 246.33089672654057 246.3920960110261 246.4622207285251 246.52920053383215 246.5779790343326 246.5958922553197 246.5779790343326 246.52920053383215 246.4622207285251 246.3920960110261 246.33089672654057 246.2848119471464 246.25435419831655 246.23651554622458 246.2272010255026 246.2228476313722 246.22102131644618 246.2203322163079 246.22009800628834 246.22002621868197 246.22000635729984 246.22000263585258 246.22001200015995 246.2200494702447 246.22018490330157 246.2206267592221 246.22192680170758 246.2253722907791 246.23358531674015 246.25115790452162 246.2848119474022 246.34227292482828 246.42921554439147 246.5446728857571 246.67696876985954 246.80333152576273 246.895356065455 246.929150788516 246.895356065455 246.80333152576273 246.67696876985954 246.5446728857571 246.42921554439147 246.34227292482828 246.2848119474022 246.25115790452162 246.23358531674015 246.2253722907791 246.22192680170758 246.2206267592221 246.22018490330157 246.2200494702447 246.22001200015995 246.22000451528038 246.2200205381131 246.22008465143992 246.22031638467195 246.2210724238762 246.22329686637093 246.22919228316812 246.2432452115627 246.27331285275307 246.33089672708059 246.42921554466147 246.5779790348726 246.77553274512945 247.00189810606844 247.21811156611014 247.37557049450723 247.43339508017687 247.37557049450723 247.21811156611014 247.00189810606844 246.77553274512945 246.5779790348726 246.42921554466147 246.33089672708059 246.27331285275307 246.2432452115627 246.22919228316812 246.22329686637093 246.2210724238762 246.22031638467195 246.22008465143992 246.2200205381131 246.2200070110142 246.22003187618031 246.2201313709796 246.22049098812232 246.22166425384705 246.2251162734263 246.23426512499685 246.25607327876057 246.3027339977431 246.39209601186454 246.54467288632554 246.77553274541367 247.0821081131165 247.4333950804753 247.76892773600272 248.01328168315476 248.10301724717374 248.01328168315476 247.76892773600272 247.4333950804753 247.0821081131165 246.77553274541367 246.54467288632554 246.39209601186454 246.3027339977431 246.25607327876057 246.23426512499685 246.2251162734263 246.22166425384705 246.22049098812232 246.2201313709796 246.22003187618031 246.22000987070382 246.22004486778798 246.22018490416843 246.22069105608176 246.22234239752467 246.22720102662527 246.24007780077375 246.27077221836754 246.33644598466591 246.46222072966196 246.67696877074061 247.0018981066653 247.43339508077372 247.92782248569407 248.40007610042636 248.74399801951827 248.870298526423 248.74399801951827 248.40007610042636 247.92782248569407 247.43339508077372 247.0018981066653 246.67696877074061 246.46222072966196 246.33644598466591 246.27077221836754 246.24007780077375 246.22720102662527 246.22234239752467 246.22069105608176 246.22018490416843 246.22004486778798 246.22001260217138 246.22005727678325 246.22023603655984 246.2208821515383 246.22299012824 246.2291922840634 246.24562979310497 246.2848119485817 246.36864607620382 246.52920053528166 246.80333152694223 247.21811156700542 247.768927736628 248.400076100739 249.00291909327692 249.44194361832794 249.60316922501062 249.44194361832794 249.00291909327692 248.400076100739 247.768927736628 247.21811156700542 246.80333152694223 246.52920053528166 246.36864607620382 246.2848119485817 246.24562979310497 246.2291922840634 246.22299012824 246.2208821515383 246.22023603655984 246.22005727678325 246.22001459146622 246.22006631380373 246.22027327415793 246.22102131819412 246.22346184264066 246.2306424309724 246.2496730695098 246.2950364780474 246.39209601278824 246.57797903609475 246.89535606694713 247.37557049574357 248.01328168409268 248.74399802014355 249.44194361864058 249.95022726578156 250.13688731480448 249.95022726578156 249.44194361864058 248.74399802014355 248.01328168409268 247.37557049574357 246.89535606694713 246.57797903609475 246.39209601278824 246.2950364780474 246.2496730695098 246.2306424309724 246.22346184264066 246.22102131819412 246.22027327415793 246.22006631380373 246.22001532221893 246.22006963273495 246.22028694935622 246.22107242541097 246.22363507335822 246.23117497732215 246.2511579063406 246.2987912934737 246.40070767369437 246.5958922573945 246.929150790335 247.43339508172585 248.1030172484243 248.87029852737513 249.6031692256501 250.13688731513133 250.33288780682057 250.13688731513133 249.6031692256501 248.87029852737513 248.1030172484243 247.43339508172585 246.929150790335 246.5958922573945 246.40070767369437 246.2987912934737 246.2511579063406 246.23117497732215 246.22363507335822 246.22107242541097 246.22028694935622 246.22006963273495 246.2200145921057 246.22006631444322 246.22027327479742 246.2210213188336 246.22346184328015 246.2306424316119 246.2496730701493 246.29503647868688 246.39209601342773 246.57797903673423 246.89535606758662 247.37557049636885 248.01328168473216 248.74399802079725 249.44194361929428 249.95022726642105 250.13688731545818 249.95022726642105 249.44194361929428 248.74399802079725 248.01328168473216 247.37557049636885 246.89535606758662 246.57797903673423 246.39209601342773 246.29503647868688 246.2496730701493 246.2306424316119 246.22346184328015 246.2210213188336 246.22027327479742 246.22006631444322 246.22001260343615 246.22005727804802 246.2202360378246 246.22088215280306 246.22299012950478 246.22919228532817 246.24562979436973 246.28481194984647 246.36864607746858 246.52920053654643 246.8033315282212 247.2181115682844 247.76892773789277 248.40007610200377 249.0029190945559 249.44194361960692 249.6031692262896 249.44194361960692 249.0029190945559 248.40007610200377 247.76892773789277 247.2181115682844 246.8033315282212 246.52920053654643 246.36864607746858 246.28481194984647 246.24562979436973 246.22919228532817 246.22299012950478 246.22088215280306 246.2202360378246 246.22005727804802 246.22000987259386 246.22004486967802 246.22018490605848 246.2206910579718 246.2223423994147 246.2272010285153 246.2400778026638 246.27077222025758 246.33644598655596 246.462220731552 246.67696877263066 247.00189810855534 247.43339508267798 247.92782248759832 248.40007610233062 248.74399802142253 248.87029852832725 248.74399802142253 248.40007610233062 247.92782248759832 247.43339508267798 247.00189810855534 246.67696877263066 246.462220731552 246.33644598655596 246.27077222025758 246.2400778026638 246.2272010285153 246.2223423994147 246.2206910579718 246.22018490605848 246.22004486967802 246.2200070135153 246.22003187868143 246.2201313734807 246.22049099062343 246.22166425634816 246.2251162759274 246.23426512749796 246.25607328124747 246.30273400023 246.39209601435144 246.54467288882665 246.77553274791478 247.08210811561761 247.4333950829764 247.76892773851804 248.01328168567008 248.10301724967485 248.01328168567008 247.76892773851804 247.4333950829764 247.08210811561761 246.77553274791478 246.54467288882665 246.39209601435144 246.30273400023 246.25607328124747 246.23426512749796 246.2251162759274 246.22166425634816 246.22049099062343 246.2201313734807 246.22003187868143 246.22000451834992 246.22002054118263 246.22008465450946 246.2203163877415 246.22107242694574 246.22329686944047 246.22919228623766 246.24324521463225 246.27331285583682 246.33089673016434 246.42921554774523 246.57797903795637 246.7755327482132 247.0018981091664 247.2181115691939 247.3755704976052 247.43339508327483 247.3755704976052 247.2181115691939 247.0018981091664 246.7755327482132 246.57797903795637 246.42921554774523 246.33089673016434 246.27331285583682 246.24324521463225 246.22919228623766 246.22329686944047 246.22107242694574 246.2203163877415 246.22008465450946 246.22002054118263 246.22000263949056 246.22001200379793 246.22004947388268 246.22018490693955 246.2206267628601 246.22192680534556 246.22537229441707 246.23358532037813 246.2511579081596 246.28481195104018 246.34227292846626 246.42921554802945 246.5446728894093 246.67696877351173 246.80333152941492 246.89535606910718 246.9291507921682 246.89535606910718 246.80333152941492 246.67696877351173 246.5446728894093 246.42921554802945 246.34227292846626 246.28481195104018 246.2511579081596 246.23358532037813 246.22537229441707 246.22192680534556 246.2206267628601 246.22018490693955 246.22004947388268 246.22001200379793 246.2200013978358 246.22000636147783 246.22002622285996 246.22009801046633 246.2203322204859 246.22102132062417 246.22284763555018 246.2272010296806 246.23651555040257 246.25435420249454 246.2848119513244 246.33089673073277 246.3920960152183 246.4622207327173 246.52920053802436 246.5779790385106 246.5958922594977 246.5779790385106 246.52920053802436 246.4622207327173 246.3920960152183 246.33089673073277 246.2848119513244 246.25435420249454 246.23651555040257 246.2272010296806 246.22284763555018 246.22102132062417 246.2203322204859 246.22009801046633 246.22002622285996 246.22000636147783 246.22000067070636 246.2200030569439 246.22001260516987 246.22004711657914 246.2201597114719 246.22049099173188 246.22136898035777 246.2234618453265 246.22793973856002 246.23651555065837 246.2511579086996 246.27331285666105 246.30273400135266 246.33644598797704 246.3686460792023 246.3920960154741 246.40070767606758 246.3920960154741 246.3686460792023 246.33644598797704 246.30273400135266 246.27331285666105 246.2511579086996 246.23651555065837 246.22793973856002 246.2234618453265 246.22136898035777 246.22049099173188 246.2201597114719 246.22004711657914 246.22001260516987 246.2200030569439 246.22000029115515 246.22000133159105 246.2200054947629 246.22002054226266 246.22006963534974 246.2202140785856 246.22059689499062 246.22150941597312 246.2234618455823 246.2272010301922 246.23358532117393 246.24324521571228 246.25607328262592 246.27077222193446 246.284811951836 246.29503648098904 246.2987912960885 246.29503648098904 246.284811951836 246.27077222193446 246.25607328262592 246.24324521571228 246.23358532117393 246.2272010301922 246.2234618455823 246.22150941597312 246.22059689499062 246.2202140785856 246.22006963534974 246.22002054226266 246.2200054947629 246.22000133159105 246.22000011386942 246.22000052530836 246.22000217162898 246.22000812214222 246.22002753593648 246.22008465581686 246.2202360400415 246.220596895218 246.22136898084094 246.22284763628915 246.22537229544025 246.22919228754506 246.23426512908958 246.24007780456805 246.24562979658663 246.24967307267883 246.25115790918278 246.24967307267883 246.24562979658663 246.24007780456805 246.23426512908958 246.22919228754506 246.22537229544025 246.22284763628915 246.22136898084094 246.220596895218 246.2202360400415 246.22008465581686 246.22002753593648 246.22000812214222 246.22000217162898 246.22000052530836 246.22000003962734 246.22000018719254 246.22000077765586 246.22000291184514 246.2200098747255 246.22003036113261 246.22008465604424 246.22021407904035 246.22049099244242 246.2210213215905 246.22192680659612 246.22329687097525 246.2251162777464 246.22720103064694 246.22919228777243 246.2306424343688 246.2311749803917 246.2306424343688 246.22919228777243 246.22720103064694 246.2251162777464 246.22329687097525 246.22192680659612 246.2210213215905 246.22049099244242 246.22021407904035 246.22008465604424 246.22003036113261 246.2200098747255 246.22000291184514 246.22000077765586 246.22000018719254 246.22000001172768 246.22000005972876 246.2200002517989 246.2200009460233 246.22000321095896 246.22000987492444 246.2200275363628 246.22006963600344 246.2201597123814 246.22033222165118 246.2206267643096 246.22107242867946 246.2216642583661 246.2223424017453 246.222990132148 246.223461846236 246.22363507662672 246.223461846236 246.222990132148 246.2223424017453 246.2216642583661 246.22107242867946 246.2206267643096 246.22033222165118 246.2201597123814 246.22006963600344 246.2200275363628 246.22000987492444 246.22000321095896 246.2200009460233 246.2200002517989 246.22000005972876 246.22000000237654 246.22000001653794 246.22000007320298 246.2200002780149 246.22000094622226 246.22000291224305 246.2200081227675 246.2200205431153 246.22004711768759 246.22009801183057 246.220184908588 246.22031638967417 246.22049099284033 246.22069106050134 246.22088215564523 246.22102132198842 246.22107242887841 246.22102132198842 246.22088215564523 246.22069106050134 246.22049099284033 246.22031638967417 246.220184908588 246.22009801183057 246.22004711768759 246.2200205431153 246.2200081227675 246.22000291224305 246.22000094622226 246.2200002780149 246.22000007320298 246.22000001653794 246.21999999961986 246.2200000034091 246.22000001857117 246.2200000733735 246.22000025216838 246.2200007782243 246.22000217242478 246.22000549578607 246.22001260644885 246.22002622439473 246.22004947570167 246.22008465661267 246.22013137586814 246.22018490875854 246.2202360408373 246.22027327812276 246.2202869529942 246.22027327812276 246.2202360408373 246.22018490875854 246.22013137586814 246.22008465661267 246.22004947570167 246.22002622439473 246.22001260644885 246.22000549578607 246.22000217242478 246.2200007782243 246.22000025216838 246.2200000733735 246.22000001857117 246.2200000034091 246.21999999898054 246.2199999999001 246.22000000357963 246.220000016879 246.22000006026877 246.2200001879315 246.2200005262747 246.22000133278476 246.22000305839342 246.22000636318313 246.22001200578745 246.22002054345637 246.22003188123938 246.2200448725486 246.22005728123125 246.2200663179391 246.22006963654346 246.2200663179391 246.22005728123125 246.2200448725486 246.22003188123938 246.22002054345637 246.22001200578745 246.22000636318313 246.22000305839342 246.22000133278476 246.2200005262747 246.2200001879315 246.22000006026877 246.220000016879 246.22000000357963 246.2199999999001 246.21999999213648 246.2199999923708 246.21999999330842 246.2199999966974 246.2200000077541 246.22000004028544 246.22000012650295 246.22000033202 246.22000077174414 246.2200016138794 246.22000305174274 246.22000522733407 246.22000811645788 246.22001142693762 246.2200145889509 246.22001689170867 246.2200177373642 246.22001689170867 246.2200145889509 246.22001142693762 246.22000811645788 246.22000522733407 246.22000305174274 246.2200016138794 246.22000077174414 246.22000033202 246.22000012650295 246.22000004028544 246.2200000077541 246.2199999966974 246.21999999330842 246.2199999923708 246.219999992385 246.21999999344965 246.21999999770964 246.22000001310707 246.22000006334187 246.22000021114428 246.22000060286342 246.22000153660596 246.2200035344412 246.2200073605841 246.22001389334784 246.22002377789244 246.22003690428826 246.22005194506542 246.22006631130262 246.22007677361293 246.22008061574985 246.22007677361293 246.22006631130262 246.22005194506542 246.22003690428826 246.22002377789244 246.22001389334784 246.2200073605841 246.2200035344412 246.22000153660596 246.22000060286342 246.22000021114428 246.22000006334187 246.22000001310707 246.21999999770964 246.21999999344965 246.21999999336526 246.21999999775227 246.22000001530628 246.22000007875405 246.22000028575502 246.22000089479985 246.22000250894504 246.2200063565893 246.22001458900775 246.22003035527774 246.2200572746374 246.2200980055778 246.2201520951154 246.22021407318547 246.22027327169945 246.2203163834214 246.22033221559735 246.2203163834214 246.22027327169945 246.22021407318547 246.2201520951154 246.2200980055778 246.2200572746374 246.22003035527774 246.22001458900775 246.2200063565893 246.22000250894504 246.22000089479985 246.22000028575502 246.22000007875405 246.22000001530628 246.21999999775227 246.2199999968253 246.22000001322075 246.2200000788251 246.22000031594752 246.22000108956914 246.22000336574317 246.2200093982635 246.22002377800612 246.22005454489897 246.22011346794116 246.22021407325653 246.22036629638347 246.2205684443935 246.22080007409662 246.2210213158067 246.22118243659253 246.22124160594404 246.22118243659253 246.2210213158067 246.22080007409662 246.2205684443935 246.22036629638347 246.22021407325653 246.22011346794116 246.22005454489897 246.22002377800612 246.2200093982635 246.22000336574317 246.22000108956914 246.22000031594752 246.2200000788251 246.22000001322075 246.22000000799568 246.22000006356924 246.22000028593976 246.22000108968282 246.22000371192757 246.2200114271792 246.22003187483028 246.22008061597722 246.22018490251997 246.22038462630715 246.22072563508485 246.22124160605773 246.22192680092598 246.2227119260622 246.22346184036692 246.22400797057915 246.22420852924904 246.22400797057915 246.22346184036692 246.2227119260622 246.22192680092598 246.22124160605773 246.22072563508485 246.22038462630715 246.22018490251997 246.22008061597722 246.22003187483028 246.2200114271792 246.22000371192757 246.22000108968282 246.22000028593976 246.22000006356924 246.22000004065492 246.22000021149955 246.2200008951125 246.22000336598475 246.2200114273071 246.2200351455851 246.22009800589043 246.22024784624955 246.2205684446351 246.2211824368341 246.2222307682935 246.2238169697007 246.22592340033606 246.2283370372679 246.23064242882657 246.23232134596856 246.23293790476959 246.23232134596856 246.23064242882657 246.2283370372679 246.22592340033606 246.2238169697007 246.2222307682935 246.2211824368341 246.2205684446351 246.22024784624955 246.22009800589043 246.2200351455851 246.2200114273071 246.22000336598475 246.2200008951125 246.22000021149955 246.22000012704297 246.22000060338922 246.2200025094282 246.22000939867561 246.2200318751287 246.22009800606097 246.22027327218262 246.22069105473173 246.22158494214332 246.22329686560354 246.22621980700623 246.2306424289971 246.2365155459972 246.24324521079532 246.2496730675345 246.25435419808917 246.25607327770896 246.25435419808917 246.2496730675345 246.24324521079532 246.2365155459972 246.2306424289971 246.22621980700623 246.22329686560354 246.22158494214332 246.22069105473173 246.22027327218262 246.22009800606097 246.2200318751287 246.22000939867561 246.2200025094282 246.22000060338922 246.22000033274475 246.2200015373165 246.2200063572572 246.22002377860298 246.2200806164604 246.22024784660482 246.22069105491647 246.22174753232625 246.22400797106232 246.22833703762316 246.23572849418045 246.2469123031629 246.2617640853855 246.27878188292138 246.29503647625683 246.306873994827 246.31122115769404 246.306873994827 246.29503647625683 246.27878188292138 246.2617640853855 246.2469123031629 246.23572849418045 246.22833703762316 246.22400797106232 246.22174753232625 246.22069105491647 246.22024784660482 246.2200806164604 246.22002377860298 246.2200063572572 246.2200015373165 246.22000077266785 246.22000353535068 246.2200145898746 246.22005454569478 246.2201849032021 246.22056844518931 246.22158494252702 246.22400797126127 246.22919228278442 246.23912098790606 246.25607327809266 246.28172332065097 246.3157858521797 246.35481613530854 246.39209601119663 246.41924533532986 246.429215544292 246.41924533532986 246.39209601119663 246.35481613530854 246.3157858521797 246.28172332065097 246.25607327809266 246.23912098790606 246.22919228278442 246.22400797126127 246.22158494252702 246.22056844518931 246.2201849032021 246.22005454569478 246.2200145898746 246.22000353535068 246.22000161503047 246.22000736172097 246.22003035637198 246.22011346896434 246.22038462721665 246.2211824376157 246.2232968662146 246.2283370380495 246.23912098813344 246.25977380962223 246.29503647668315 246.34839144529656 246.41924533555724 246.50043270694573 246.5779790347305 246.63445267736526 246.65519183150255 246.63445267736526 246.5779790347305 246.50043270694573 246.41924533555724 246.34839144529656 246.29503647668315 246.25977380962223 246.23912098813344 246.2283370380495 246.2232968662146 246.2211824376157 246.22038462721665 246.22011346896434 246.22003035637198 246.22000736172097 246.2200030531496 246.2200138947405 246.22005727598744 246.2202140745355 246.22072563625014 246.2222307693309 246.2262198078731 246.23572849486257 246.25607327857583 246.29503647693895 246.3615623166288 246.46222072916459 246.5958922559592 246.74905872077875 246.89535606583868 247.0018981061679 247.04102417797228 247.0018981061679 246.89535606583868 246.74905872077875 246.5958922559592 246.46222072916459 246.3615623166288 246.29503647693895 246.25607327857583 246.23572849486257 246.2262198078731 246.2222307693309 246.22072563625014 246.2202140745355 246.22005727598744 246.2200138947405 246.22000522899674 246.2200237795409 246.22009800718362 246.22036629791825 246.22124160747882 246.22381697099388 246.23064243011976 246.24691230410082 246.28172332138993 246.34839144580815 246.4622207294346 246.63445267787685 246.86317183732342 247.1252478824705 247.3755704948767 247.55786964637835 247.62481645599956 247.55786964637835 247.3755704948767 247.1252478824705 246.86317183732342 246.63445267787685 246.4622207294346 246.34839144580815 246.28172332138993 246.24691230410082 246.23064243011976 246.22381697099388 246.22124160747882 246.22036629791825 246.22009800718362 246.2200237795409 246.22000811840476 246.22003690622094 246.22015209700544 246.2205684462125 246.2219268026313 246.22592340191346 246.23651554740408 246.26176408660763 246.31578585318866 246.41924533633883 246.5958922564992 246.86317183760764 247.21811156674963 247.62481645626957 248.01328168351003 248.29618413736958 248.400076100469 248.29618413736958 248.01328168351003 247.62481645626957 247.21811156674963 246.86317183760764 246.5958922564992 246.41924533633883 246.31578585318866 246.26176408660763 246.23651554740408 246.22592340191346 246.2219268026313 246.2205684462125 246.22015209700544 246.22003690622094 246.22001142916872 246.22005194728231 246.22021407535973 246.22080007619982 246.22271192805172 246.2283370391295 246.2432452124864 246.27878188442773 246.35481613660173 246.50043270801154 246.74905872160298 247.1252478830247 247.6248164565538 248.19724316684517 248.74399801985933 249.142175974366 249.2884012502222 249.142175974366 248.74399801985933 248.19724316684517 247.6248164565538 247.1252478830247 246.74905872160298 246.50043270801154 246.35481613660173 246.27878188442773 246.2432452124864 246.2283370391295 246.22271192805172 246.22080007619982 246.22021407535973 246.22005194728231 246.22001459146622 246.22006631380373 246.22027327415793 246.22102131819412 246.22346184264066 246.2306424309724 246.2496730695098 246.2950364780474 246.39209601278824 246.57797903609475 246.89535606694713 247.37557049574357 248.01328168409268 248.74399802014355 249.44194361864058 249.95022726578156 250.13688731480448 249.95022726578156 249.44194361864058 248.74399802014355 248.01328168409268 247.37557049574357 246.89535606694713 246.57797903609475 246.39209601278824 246.2950364780474 246.2496730695098 246.2306424309724 246.22346184264066 246.22102131819412 246.22027327415793 246.22006631380373 246.22001689452242 246.22007677641247 246.2203163861783 246.22118243927838 246.22400797315132 246.23232134841282 246.2543542003629 246.30687399691598 246.4192453372199 246.63445267902793 247.001898107589 247.55786964752943 248.29618413825065 249.14217597496287 249.95022726608 250.53869613557265 250.75480308423573 250.53869613557265 249.95022726608 249.14217597496287 248.29618413825065 247.55786964752943 247.001898107589 246.63445267902793 246.4192453372199 246.30687399691598 246.2543542003629 246.23232134841282 246.22400797315132 246.22118243927838 246.2203163861783 246.22007677641247 246.22001774047638 246.22008061884782 246.2203322186527 246.22124160892832 246.22420853211963 246.23293790751228 246.25607328028113 246.31122116008146 246.42921554648046 246.65519183346365 247.0410241796918 247.62481645744907 248.4000761016485 249.28840125111748 250.13688731541555 250.75480308453416 250.98172399457314 250.75480308453416 250.13688731541555 249.28840125111748 248.4000761016485 247.62481645744907 247.0410241796918 246.65519183346365 246.42921554648046 246.31122116008146 246.25607328028113 246.23293790751228 246.22420853211963 246.22124160892832 246.2203322186527 246.22008061884782 246.22001689513348 246.22007677702354 246.22031638678936 246.22118243988945 246.22400797376238 246.2323213490239 246.25435420097398 246.30687399751284 246.41924533781676 246.6344526796248 247.00189810820007 247.5578696481405 248.29618413886172 249.14217597557393 249.95022726669106 250.53869613618372 250.7548030848468 250.53869613618372 249.95022726669106 249.14217597557393 248.29618413886172 247.5578696481405 247.00189810820007 246.6344526796248 246.41924533781676 246.30687399751284 246.25435420097398 246.2323213490239 246.22400797376238 246.22118243988945 246.22031638678936 246.22007677702354 246.22001459267415 246.22006631501165 246.22027327536586 246.22102131940204 246.22346184384858 246.23064243218033 246.24967307070352 246.2950364792411 246.39209601398196 246.57797903728846 246.89535606815505 247.37557049693729 248.0132816852864 248.74399802135147 249.4419436198627 249.9502272669895 250.13688731602662 249.9502272669895 249.4419436198627 248.74399802135147 248.0132816852864 247.37557049693729 246.89535606815505 246.57797903728846 246.39209601398196 246.2950364792411 246.24967307070352 246.23064243218033 246.22346184384858 246.22102131940204 246.22027327536586 246.22006631501165 246.22001143094508 246.22005194905867 246.2202140771361 246.22080007797618 246.22271192982808 246.22833704090587 246.24324521426277 246.2787818862041 246.3548161383923 246.5004327098021 246.74905872339355 247.12524788481528 247.62481645835857 248.19724316864995 248.7439980216499 249.1421759761708 249.28840125202697 249.1421759761708 248.7439980216499 248.19724316864995 247.62481645835857 247.12524788481528 246.74905872339355 246.5004327098021 246.3548161383923 246.2787818862041 246.24324521426277 246.22833704090587 246.22271192982808 246.22080007797618 246.2202140771361 246.22005194905867 246.22000812074955 246.22003690856573 246.22015209935023 246.2205684485573 246.22192680497608 246.22592340425825 246.23651554974887 246.26176408895242 246.31578585554766 246.41924533869783 246.5958922588582 246.86317183996664 247.21811156910863 247.62481645864278 248.01328168588324 248.2961841397428 248.4000761028422 248.2961841397428 248.01328168588324 247.62481645864278 247.21811156910863 246.86317183996664 246.5958922588582 246.41924533869783 246.31578585554766 246.26176408895242 246.23651554974887 246.22592340425825 246.22192680497608 246.2205684485573 246.22015209935023 246.22003690856573 246.22000523190997 246.22002378245412 246.22009801009685 246.22036630083147 246.22124161039204 246.2238169739071 246.23064243303298 246.24691230701404 246.28172332430316 246.34839144872137 246.46222073234782 246.63445268079008 246.86317184023665 247.12524788538371 247.37557049780415 247.5578696493058 247.624816458927 247.5578696493058 247.37557049780415 247.12524788538371 246.86317184023665 246.63445268079008 246.46222073234782 246.34839144872137 246.28172332430316 246.24691230701404 246.23064243303298 246.2238169739071 246.22124161039204 246.22036630083147 246.22009801009685 246.22002378245412 246.22000305658864 246.22001389817953 246.22005727942647 246.22021407797453 246.22072563968916 246.22223077276993 246.22621981131212 246.2357284983016 246.25607328201485 246.29503648037797 246.36156232006783 246.46222073261782 246.59589225941244 246.749058724232 246.8953560692777 247.00189810962115 247.0410241814255 247.00189810962115 246.8953560692777 246.749058724232 246.59589225941244 246.46222073261782 246.36156232006783 246.29503648037797 246.25607328201485 246.2357284983016 246.22621981131212 246.22223077276993 246.22072563968916 246.22021407797453 246.22005727942647 246.22001389817953 246.2200016189811 246.2200073656716 246.2200303603226 246.22011347291496 246.22038463116726 246.22118244156633 246.22329687016523 246.2283370420001 246.23912099208405 246.25977381357285 246.29503648063377 246.34839144924717 246.41924533950785 246.50043271089635 246.57797903868112 246.63445268131588 246.65519183545317 246.63445268131588 246.57797903868112 246.50043271089635 246.41924533950785 246.34839144924717 246.29503648063377 246.25977381357285 246.23912099208405 246.2283370420001 246.22329687016523 246.22118244156633 246.22038463116726 246.22011347291496 246.2200303603226 246.2200073656716 246.22000077710163 246.22000353978447 246.2200145943084 246.22005455012857 246.22018490763588 246.2205684496231 246.2215849469608 246.22400797569506 246.2291922872182 246.23912099233985 246.25607328252644 246.28172332508476 246.31578585661347 246.35481613974233 246.39209601563041 246.41924533976365 246.42921554872578 246.41924533976365 246.39209601563041 246.35481613974233 246.31578585661347 246.28172332508476 246.25607328252644 246.23912099233985 246.2291922872182 246.22400797569506 246.2215849469608 246.2205684496231 246.22018490763588 246.22005455012857 246.2200145943084 246.22000353978447 246.22000033760486 246.22000154217662 246.22000636211732 246.2200237834631 246.2200806213205 246.22024785146493 246.22069105977658 246.22174753718636 246.22400797592243 246.22833704248328 246.23572849904056 246.246912308023 246.2617640902456 246.2787818877815 246.29503648111694 246.3068739996871 246.31122116255415 246.3068739996871 246.29503648111694 246.2787818877815 246.2617640902456 246.246912308023 246.23572849904056 246.22833704248328 246.22400797592243 246.22174753718636 246.22069105977658 246.22024785146493 246.2200806213205 246.2200237834631 246.22000636211732 246.22000154217662 246.2200001323152 246.22000060866145 246.22000251470044 246.22000940394784 246.22003188040094 246.2200980113332 246.22027327745485 246.22069106000396 246.22158494741555 246.22329687087577 246.22621981227846 246.23064243426933 246.23651555126943 246.24324521606755 246.24967307280673 246.2543542033614 246.2560732829812 246.2543542033614 246.24967307280673 246.24324521606755 246.23651555126943 246.23064243426933 246.22621981227846 246.22329687087577 246.22158494741555 246.22069106000396 246.22027327745485 246.2200980113332 246.22003188040094 246.22000940394784 246.22000251470044 246.22000060866145 246.22000004631084 246.22000021715547 246.2200009007684 246.22000337164067 246.22001143296302 246.220035151241 246.22009801154636 246.22024785190547 246.220568450291 246.22118244249003 246.22223077394943 246.2238169753566 246.22592340599198 246.2283370429238 246.2306424344825 246.23232135162448 246.2329379104255 246.23232135162448 246.2306424344825 246.2283370429238 246.22592340599198 246.2238169753566 246.22223077394943 246.22118244249003 246.220568450291 246.22024785190547 246.22009801154636 246.220035151241 246.22001143296302 246.22000337164067 246.2200009007684 246.22000021715547 246.22000001396424 246.2200000695378 246.22000029190832 246.22000109565138 246.22000371789613 246.22001143314776 246.22003188079884 246.22008062194578 246.22018490848853 246.2203846322757 246.2207256410534 246.2212416120263 246.22192680689454 246.22271193203076 246.22346184633548 246.2240079765477 246.2242085352176 246.2240079765477 246.22346184633548 246.22271193203076 246.22192680689454 246.2212416120263 246.2207256410534 246.2203846322757 246.22018490848853 246.22008062194578 246.22003188079884 246.22001143314776 246.22000371789613 246.22000109565138 246.22000029190832 246.2200000695378 246.22000000309228 246.22000001948774 246.2200000850921 246.2200003222145 246.22000109583612 246.22000337201015 246.2200094045305 246.2200237842731 246.22005455116596 246.22011347420815 246.22021407952352 246.22036630265046 246.2205684506605 246.2208000803636 246.22102132207368 246.22118244285952 246.22124161221103 246.22118244285952 246.22102132207368 246.2208000803636 246.2205684506605 246.22036630265046 246.22021407952352 246.22011347420815 246.22005455116596 246.2200237842731 246.2200094045305 246.22000337201015 246.22000109583612 246.2200003222145 246.2200000850921 246.22000001948774 246.21999999987383 246.22000000426084 246.22000002181485 246.22000008526263 246.2200002922636 246.22000090130842 246.22000251545361 246.22000636309787 246.22001459551632 246.2200303617863 246.22005728114598 246.22009801208637 246.22015210162397 246.22021407969405 246.22027327820803 246.22031638992996 246.22033222210592 246.22031638992996 246.22027327820803 246.22021407969405 246.22015210162397 246.22009801208637 246.22005728114598 246.2200303617863 246.22001459551632 246.22000636309787 246.22000251545361 246.22000090130842 246.2200002922636 246.22000008526263 246.22000002181485 246.22000000426084 246.21999999909252 246.22000000015717 246.22000000441716 246.2200000198146 246.2200000700494 246.2200002178518 246.22000060957095 246.2200015433135 246.2200035411487 246.22000736729163 246.22001390005536 246.22002378459996 246.2200369109958 246.22005195177294 246.22006631801014 246.22007678032045 246.22008062245737 246.22007678032045 246.22006631801014 246.22005195177294 246.2200369109958 246.22002378459996 246.22001390005536 246.22000736729163 246.2200035411487 246.2200015433135 246.22000060957095 246.2200002178518 246.2200000700494 246.2200000198146 246.22000000441716 246.22000000015717 246.21999999260873 246.21999999285478 246.21999999383934 246.2199999973979 246.22000000900786 246.2200000431671 246.2200001336989 246.22000034949997 246.22000081122786 246.22000169550344 246.22000320531725 246.22000548977488 246.22000852347006 246.22001199960573 246.22001531984571 246.22001773783316 246.22001862580515 246.22001773783316 246.22001531984571 246.22001199960573 246.22000852347006 246.22000548977488 246.22000320531725 246.22000169550344 246.22000081122786 246.22000034949997 246.2200001336989 246.2200000431671 246.22000000900786 246.2199999973979 246.21999999383934 246.21999999285478 246.219999992869 246.2199999939869 246.21999999846008 246.220000014628 246.22000006737653 246.22000022257495 246.2200006338957 246.22000161436256 246.22000371216916 246.22000772977174 246.22001458943407 246.2200249685999 246.22003875183873 246.22005454525424 246.22006963037595 246.2200806162188 246.2200846506157 246.2200806162188 246.22006963037595 246.22005454525424 246.22003875183873 246.2200249685999 246.22001458943407 246.22000772977174 246.22000371216916 246.22000161436256 246.2200006338957 246.22000022257495 246.22000006737653 246.220000014628 246.21999999846008 246.2199999939869 246.21999999389618 246.21999999850271 246.2200000169351 246.2200000835578 246.2200003009171 246.22000094043844 246.2200026353552 246.22000667553505 246.22001531990256 246.2200318751145 246.22006014151515 246.22010291062605 246.22015970679652 246.22022478624055 246.22028694703985 246.2203322160663 246.22034884048213 246.2203322160663 246.22028694703985 246.22022478624055 246.22015970679652 246.22010291062605 246.22006014151515 246.2200318751145 246.22001531990256 246.22000667553505 246.2200026353552 246.22000094043844 246.2200003009171 246.2200000835578 246.2200000169351 246.21999999850271 246.2199999975258 246.2200000147417 246.22000008362886 246.22000033261685 246.22000114495037 246.22000353502384 246.22000986941063 246.22002496871357 246.22005727517742 246.22011914672038 246.2202247863116 246.22038462666242 246.2205968901305 246.22084011055145 246.22107242316565 246.221241606413 246.22130373659053 246.221241606413 246.22107242316565 246.22084011055145 246.2205968901305 246.22038462666242 246.2202247863116 246.22011914672038 246.22005727517742 246.22002496871357 246.22000986941063 246.22000353502384 246.22000114495037 246.22000033261685 246.22000008362886 246.2200000147417 246.22000000923524 246.2200000675897 246.22000030108762 246.22000114504985 246.22000389851138 246.2200119998331 246.22003347068176 246.22008465082885 246.22019415585558 246.22040387379303 246.2207619466021 246.22130373669 246.22202321861332 246.22284763130114 246.22363507121239 246.2242085297038 246.22441912430136 246.2242085297038 246.22363507121239 246.22284763130114 246.22202321861332 246.22130373669 246.2207619466021 246.22040387379303 246.22019415585558 246.22008465082885 246.22003347068176 246.2200119998331 246.22000389851138 246.22000114504985 246.22000030108762 246.2200000675897 246.22000004352236 246.220000222916 246.22000094073687 246.2200035352512 246.220011999961 246.22003690509828 246.22010291092448 246.22026024927413 246.22059689035788 246.22124160664038 246.22234239645886 246.2240079711618 246.22621980729045 246.22875422227554 246.2311749753042 246.23293790522433 246.2335853165412 246.23293790522433 246.2311749753042 246.22875422227554 246.22621980729045 246.2240079711618 246.22234239645886 246.22124160664038 246.22059689035788 246.22026024927413 246.22010291092448 246.22003690509828 246.220011999961 246.2200035352512 246.22000094073687 246.220000222916 246.22000013419628 246.22000063437886 246.22000263579574 246.2200098697801 246.22003347095176 246.2201029110666 246.2202869474804 246.2207256358096 246.22166425322177 246.22346184109168 246.22653104607184 246.23117497544632 246.23734198239669 246.24440839867665 246.25115790446478 246.2560732781353 246.25787838025798 246.2560732781353 246.25115790446478 246.24440839867665 246.23734198239669 246.23117497544632 246.22653104607184 246.22346184109168 246.22166425322177 246.2207256358096 246.2202869474804 246.2201029110666 246.22003347095176 246.2200098697801 246.22000263579574 246.22000063437886 246.2200003501821 246.22000161503047 246.22000667616032 246.2200249692678 246.2200846512836 246.22026024960098 246.22072563599434 246.22183497938542 246.22420853015853 246.22875422258818 246.23651554659406 246.24825899180811 246.26385395512835 246.28172332086413 246.2987912917684 246.31122115810615 246.31578585239285 246.31122115810615 246.2987912917684 246.28172332086413 246.26385395512835 246.24825899180811 246.23651554659406 246.22875422258818 246.22420853015853 246.22183497938542 246.22072563599434 246.22026024960098 246.2200846512836 246.2200249692678 246.22000667616032 246.22000161503047 246.22000081209472 246.2200037130218 246.22001532071258 246.2200572759164 246.22019415649507 246.22059689086947 246.22166425359126 246.22420853034328 246.2296522640873 246.24007780021952 246.25787838062746 246.28481194771484 246.32057896353987 246.36156231655775 246.40070767220223 246.4292155447041 246.4396846615232 246.4292155447041 246.40070767220223 246.36156231655775 246.32057896353987 246.28481194771484 246.25787838062746 246.24007780021952 246.2296522640873 246.22420853034328 246.22166425359126 246.22059689086947 246.22019415649507 246.2200572759164 246.22001532071258 246.2200037130218 246.22000169658347 246.22000773083755 246.22003187613768 246.2201191476725 246.22040387464568 246.22124160736513 246.22346184167432 246.2287542230003 246.2400778004327 246.26176408620972 246.2987912921805 246.35481613593382 246.42921554491727 246.51446552097366 246.59589225611552 246.65519183190045 246.67696877039955 246.65519183190045 246.59589225611552 246.51446552097366 246.42921554491727 246.35481613593382 246.2987912921805 246.26176408620972 246.2400778004327 246.2287542230003 246.22346184167432 246.22124160736513 246.22040387464568 246.2201191476725 246.22003187613768 246.22000773083755 246.22000320663886 246.22001459074147 246.22006014277991 246.22022478750532 246.22076194769633 246.2223423974252 246.22653104689607 246.23651554724776 246.2578783810822 246.2987912924221 246.3686460757917 246.47434142116194 246.6147018523937 246.77553274561262 246.9291507892834 247.04102417835597 247.08210811330125 247.04102417835597 246.9291507892834 246.77553274561262 246.6147018523937 246.47434142116194 246.3686460757917 246.2987912924221 246.2578783810822 246.23651554724776 246.22653104689607 246.2223423974252 246.22076194769633 246.22022478750532 246.22006014277991 246.22001459074147 246.22000549133807 246.22002497014887 246.2201029121324 246.22038462809772 246.22130373802582 246.22400797236972 246.23117497651214 246.2482589927034 246.28481194841117 246.35481613641699 246.47434142141773 246.6551918323694 246.89535606646396 247.17054636012224 247.43339508091583 247.62481645636905 247.6951132749463 247.62481645636905 247.43339508091583 247.17054636012224 246.89535606646396 246.6551918323694 246.47434142141773 246.35481613641699 246.28481194841117 246.2482589927034 246.23117497651214 246.22400797236972 246.22130373802582 246.22038462809772 246.2201029121324 246.22002497014887 246.22000852528905 246.2200387536435 246.22015970855867 246.2205968918216 246.22202322020493 246.22621980875417 246.2373419837183 246.26385395627943 246.320578964492 246.42921554565623 246.61470185290528 246.89535606671976 247.26805693009956 247.6951132752021 248.10301724787007 248.40007610082426 248.50916680317374 248.40007610082426 248.10301724787007 247.6951132752021 247.26805693009956 246.89535606671976 246.61470185290528 246.42921554565623 246.320578964492 246.26385395627943 246.2373419837183 246.22621980875417 246.22202322020493 246.2205968918216 246.22015970855867 246.2200387536435 246.22001200169473 246.22005454732903 246.2202247882727 246.22084011251255 246.22284763316276 246.22875422400926 246.24440840026827 246.28172332228522 246.36156231777989 246.51446552198263 246.77553274638 247.17054636064805 247.6951132754721 248.29618413799486 248.8702985270909 249.28840125056325 249.4419436186832 249.28840125056325 248.8702985270909 248.29618413799486 247.6951132754721 247.17054636064805 246.77553274638 246.51446552198263 246.36156231777989 246.28172332228522 246.24440840026827 246.22875422400926 246.22284763316276 246.22084011251255 246.2202247882727 246.22005454732903 246.22001532221893 246.22006963273495 246.22028694935622 246.22107242541097 246.22363507335822 246.23117497732215 246.2511579063406 246.2987912934737 246.40070767369437 246.5958922573945 246.929150790335 247.43339508172585 248.1030172484243 248.87029852737513 249.6031692256501 250.13688731513133 250.33288780682057 250.13688731513133 249.6031692256501 248.87029852737513 248.1030172484243 247.43339508172585 246.929150790335 246.5958922573945 246.40070767369437 246.2987912934737 246.2511579063406 246.23117497732215 246.22363507335822 246.22107242541097 246.22028694935622 246.22006963273495 246.22001774047638 246.22008061884782 246.2203322186527 246.22124160892832 246.22420853211963 246.23293790751228 246.25607328028113 246.31122116008146 246.42921554648046 246.65519183346365 247.0410241796918 247.62481645744907 248.4000761016485 249.28840125111748 250.13688731541555 250.75480308453416 250.98172399457314 250.75480308453416 250.13688731541555 249.28840125111748 248.4000761016485 247.62481645744907 247.0410241796918 246.65519183346365 246.42921554648046 246.31122116008146 246.25607328028113 246.23293790751228 246.22420853211963 246.22124160892832 246.2203322186527 246.22008061884782 246.2200186287326 246.22008465352891 246.22034884335272 246.22130373939007 246.22441912700143 246.23358531911336 246.25787838268803 246.31578585465238 246.43968466358376 246.67696877224697 247.08210811492128 247.69511327631054 248.5091668042822 249.44194361953586 250.332887807389 250.98172399485736 251.21999999538147 250.98172399485736 250.332887807389 249.44194361953586 248.5091668042822 247.69511327631054 247.08210811492128 246.67696877224697 246.43968466358376 246.31578585465238 246.25787838268803 246.23358531911336 246.22441912700143 246.22130373939007 246.22034884335272 246.22008465352891 246.2200177410448 246.22008061941625 246.22033221922112 246.22124160949676 246.22420853268807 246.23293790808071 246.25607328084956 246.3112211606499 246.4292155470489 246.65519183403208 247.04102418026022 247.6248164580175 248.40007610223114 249.2884012516859 250.13688731598398 250.7548030851168 250.98172399514158 250.7548030851168 250.13688731598398 249.2884012516859 248.40007610223114 247.6248164580175 247.04102418026022 246.65519183403208 246.4292155470489 246.3112211606499 246.25607328084956 246.23293790808071 246.22420853268807 246.22124160949676 246.22033221922112 246.22008061941625 246.22001532334158 246.2200696338576 246.22028695047888 246.22107242653362 246.22363507448088 246.2311749784448 246.25115790746327 246.29879129459636 246.40070767483124 246.59589225853136 246.92915079145766 247.43339508286272 248.10301724956116 248.870298528512 249.60316922678697 250.1368873162682 250.33288780795743 250.1368873162682 249.60316922678697 248.870298528512 248.10301724956116 247.43339508286272 246.92915079145766 246.59589225853136 246.40070767483124 246.29879129459636 246.25115790746327 246.2311749784448 246.22363507448088 246.22107242653362 246.22028695047888 246.2200696338576 246.2200120033716 246.2200545490059 246.22022478994958 246.22084011418943 246.22284763483964 246.22875422568615 246.24440840194515 246.2817233239621 246.36156231945677 246.5144655236595 246.7755327480711 247.17054636232493 247.6951132771632 248.29618413968595 248.8702985287962 249.28840125225435 249.4419436203885 249.28840125225435 248.8702985287962 248.29618413968595 247.6951132771632 247.17054636232493 246.7755327480711 246.5144655236595 246.36156231945677 246.2817233239621 246.24440840194515 246.22875422568615 246.22284763483964 246.22084011418943 246.22022478994958 246.2200545490059 246.22000852750594 246.2200387558604 246.22015971077556 246.2205968940385 246.22202322242183 246.22621981097106 246.2373419859352 246.26385395849633 246.3205789667089 246.42921554787313 246.61470185512218 246.89535606895086 247.26805693231645 247.6951132774332 248.10301725011539 248.40007610305537 248.50916680540485 248.40007610305537 248.10301725011539 247.6951132774332 247.26805693231645 246.89535606895086 246.61470185512218 246.42921554787313 246.3205789667089 246.26385395849633 246.2373419859352 246.22621981097106 246.22202322242183 246.2205968940385 246.22015971077556 246.2200387558604 246.22000549408077 246.22002497289157 246.2201029148751 246.2203846308404 246.22130374076852 246.22400797511241 246.23117497925483 246.2482589954461 246.28481195115387 246.35481613915968 246.47434142416043 246.65519183512632 246.89535606920666 247.17054636286494 247.43339508367274 247.62481645912595 247.6951132777032 247.62481645912595 247.43339508367274 247.17054636286494 246.89535606920666 246.65519183512632 246.47434142416043 246.35481613915968 246.28481195115387 246.2482589954461 246.23117497925483 246.22400797511241 246.22130374076852 246.2203846308404 246.2201029148751 246.22002497289157 246.22000320987894 246.22001459398155 246.22006014602 246.2202247907454 246.2207619509364 246.22234240066527 246.22653105013615 246.23651555048784 246.25787838432228 246.29879129566217 246.36864607903178 246.47434142441622 246.61470185564798 246.7755327488527 246.92915079252347 247.04102418161025 247.08210811655553 247.04102418161025 246.92915079252347 246.7755327488527 246.61470185564798 246.47434142441622 246.36864607903178 246.29879129566217 246.25787838432228 246.23651555048784 246.22653105013615 246.22234240066527 246.2207619509364 246.2202247907454 246.22006014602 246.22001459398155 246.2200017003067 246.2200077345608 246.22003187986093 246.22011915139575 246.22040387836893 246.22124161108837 246.22346184539757 246.22875422672354 246.24007780415593 246.26176408993297 246.29879129590375 246.35481613965706 246.4292155486405 246.5144655246969 246.59589225983876 246.6551918356237 246.6769687741228 246.6551918356237 246.59589225983876 246.5144655246969 246.4292155486405 246.35481613965706 246.29879129590375 246.26176408993297 246.24007780415593 246.22875422672354 246.22346184539757 246.22124161108837 246.22040387836893 246.22011915139575 246.22003187986093 246.2200077345608 246.2200008162585 246.2200037171856 246.22001532487636 246.22005728008017 246.22019416065885 246.22059689503325 246.22166425775504 246.22420853450706 246.22965226825107 246.2400778043833 246.25787838479124 246.28481195187862 246.32057896770365 246.36156232072153 246.400707676366 246.4292155488679 246.43968466568697 246.4292155488679 246.400707676366 246.36156232072153 246.32057896770365 246.28481195187862 246.25787838479124 246.2400778043833 246.22965226825107 246.22420853450706 246.22166425775504 246.22059689503325 246.22019416065885 246.22005728008017 246.22001532487636 246.2200037171856 246.22000035475799 246.22000161960636 246.22000668073622 246.2200249738437 246.2200846558595 246.22026025417688 246.22072564057024 246.22183498396132 246.22420853473443 246.22875422717829 246.23651555118417 246.24825899639822 246.26385395971846 246.28172332545424 246.2987912963585 246.31122116269626 246.31578585698296 246.31122116269626 246.2987912963585 246.28172332545424 246.26385395971846 246.24825899639822 246.23651555118417 246.22875422717829 246.22420853473443 246.22183498396132 246.22072564057024 246.22026025417688 246.2200846558595 246.2200249738437 246.22000668073622 246.22000161960636 246.22000013917008 246.22000063935266 246.22000264076954 246.2200098747539 246.22003347592556 246.2201029160404 246.2202869524542 246.2207256407834 246.22166425819557 246.22346184606548 246.22653105104564 246.23117498042012 246.23734198737048 246.24440840365045 246.25115790943858 246.2560732831091 246.25787838523178 246.2560732831091 246.25115790943858 246.24440840365045 246.23734198737048 246.23117498042012 246.22653105104564 246.22346184606548 246.22166425819557 246.2207256407834 246.2202869524542 246.2201029160404 246.22003347592556 246.2200098747539 246.22000264076954 246.22000063935266 246.220000048823 246.22000022821666 246.22000094603752 246.22000354055186 246.22001200526165 246.22003691039893 246.22010291622513 246.22026025457478 246.22059689565853 246.22124161194102 246.2223424017595 246.22400797646245 246.2262198125911 246.2287542275762 246.23117498060486 246.23293791052498 246.23358532184184 246.23293791052498 246.23117498060486 246.2287542275762 246.2262198125911 246.22400797646245 246.2223424017595 246.22124161194102 246.22059689565853 246.22026025457478 246.22010291622513 246.22003691039893 246.22001200526165 246.22000354055186 246.22000094603752 246.22000022821666 246.22000001484852 246.22000007320298 246.2200003067009 246.22000115066314 246.22000390412467 246.2200120054464 246.22003347629504 246.22008465644214 246.22019416146887 246.22040387940632 246.22076195221538 246.2213037423033 246.2220232242266 246.22284763691442 246.22363507682567 246.22420853531708 246.22441912991465 246.22420853531708 246.22363507682567 246.22284763691442 246.2220232242266 246.2213037423033 246.22076195221538 246.22040387940632 246.22019416146887 246.22008465644214 246.22003347629504 246.2200120054464 246.22000390412467 246.22000115066314 246.2200003067009 246.22000007320298 246.2200000034091 246.22000002062498 246.22000008951215 246.22000033850014 246.22000115083367 246.22000354090713 246.22000987529393 246.22002497459687 246.22005728106072 246.22011915260367 246.2202247921949 246.22038463254572 246.2205968960138 246.22084011643474 246.22107242904895 246.2212416122963 246.22130374247382 246.2212416122963 246.22107242904895 246.22084011643474 246.2205968960138 246.22038463254572 246.2202247921949 246.22011915260367 246.22005728106072 246.22002497459687 246.22000987529393 246.22000354090713 246.22000115083367 246.22000033850014 246.22000008951215 246.22000002062498 246.22000000000685 246.22000000461338 246.22000002304577 246.22000008966847 246.22000030702776 246.2200009465491 246.22000264146587 246.2200066816457 246.22001532601323 246.22003188122517 246.22006014762582 246.22010291673672 246.2201597129072 246.22022479235122 246.22028695315052 246.22033222217698 246.2203488465928 246.22033222217698 246.22028695315052 246.22022479235122 246.2201597129072 246.22010291673672 246.22006014762582 246.22003188122517 246.22001532601323 246.2200066816457 246.22000264146587 246.2200009465491 246.22000030702776 246.22000008966847 246.22000002304577 246.22000000461338 246.2199999991786 246.22000000029652 246.2200000047697 246.22000002093762 246.22000007368615 246.22000022888457 246.2200006402053 246.22000162067218 246.22000371847878 246.22000773608136 246.2200145957437 246.2200249749095 246.22003875814835 246.22005455156386 246.22006963668557 246.22008062252843 246.2200846569253 246.22008062252843 246.22006963668557 246.22005455156386 246.22003875814835 246.2200249749095 246.2200145957437 246.22000773608136 246.22000371847878 246.22000162067218 246.2200006402053 246.22000022888457 246.22000007368615 246.22000002093762 246.2200000047697 246.22000000029652 246.21999999306018 246.2199999932945 246.21999999423213 246.2199999976211 246.2200000086778 246.22000004120915 246.22000012742666 246.2200003329437 246.22000077266785 246.2200016148031 246.22000305266644 246.22000522825778 246.22000811738158 246.22001142786132 246.2200145898746 246.22001689263237 246.2200177382879 246.22001689263237 246.2200145898746 246.22001142786132 246.22000811738158 246.22000522825778 246.22000305266644 246.2200016148031 246.22000077266785 246.2200003329437 246.22000012742666 246.22000004120915 246.2200000086778 246.2199999976211 246.21999999423213 246.2199999932945 246.2199999933087 246.21999999437335 246.21999999863334 246.22000001403077 246.22000006426558 246.220000212068 246.22000060378713 246.22000153752967 246.2200035353649 246.2200073615078 246.22001389427155 246.22002377881614 246.22003690521197 246.22005194598913 246.22006631222632 246.22007677453664 246.22008061667356 246.22007677453664 246.22006631222632 246.22005194598913 246.22003690521197 246.22002377881614 246.22001389427155 246.2200073615078 246.2200035353649 246.22000153752967 246.22000060378713 246.220000212068 246.22000006426558 246.22000001403077 246.21999999863334 246.21999999437335 246.21999999428897 246.21999999867597 246.22000001623 246.22000007967776 246.22000028667873 246.22000089572356 246.22000250986875 246.220006357513 246.22001458993145 246.22003035620145 246.22005727556112 246.2200980065015 246.2201520960391 246.22021407410918 246.22027327262316 246.2203163843451 246.22033221652106 246.2203163843451 246.22027327262316 246.22021407410918 246.2201520960391 246.2200980065015 246.22005727556112 246.22003035620145 246.22001458993145 246.220006357513 246.22000250986875 246.22000089572356 246.22000028667873 246.22000007967776 246.22000001623 246.21999999867597 246.219999997749 246.22000001414446 246.22000007974881 246.22000031687122 246.22000109049284 246.22000336666687 246.2200093991872 246.22002377892983 246.22005454582268 246.22011346886487 246.22021407418023 246.22036629730718 246.2205684453172 246.22080007502032 246.2210213167304 246.22118243751623 246.22124160686775 246.22118243751623 246.2210213167304 246.22080007502032 246.2205684453172 246.22036629730718 246.22021407418023 246.22011346886487 246.22005454582268 246.22002377892983 246.2200093991872 246.22000336666687 246.22000109049284 246.22000031687122 246.22000007974881 246.22000001414446 246.22000000890517 246.22000006447874 246.22000028684926 246.22000109059232 246.22000371283707 246.2200114280887 246.22003187573978 246.22008061688672 246.22018490342947 246.22038462721665 246.22072563599434 246.22124160696723 246.22192680183548 246.2227119269717 246.22346184127642 246.22400797148865 246.22420853015853 246.22400797148865 246.22346184127642 246.2227119269717 246.22192680183548 246.22124160696723 246.22072563599434 246.22038462721665 246.22018490342947 246.22008061688672 246.22003187573978 246.2200114280887 246.22000371283707 246.22000109059232 246.22000028684926 246.22000006447874 246.2200000415502 246.22000021239484 246.22000089600778 246.22000336688004 246.22001142820238 246.22003514648037 246.22009800678572 246.22024784714483 246.22056844553038 246.2211824377294 246.2222307691888 246.22381697059598 246.22592340123134 246.22833703816318 246.23064242972185 246.23232134686384 246.23293790566487 246.23232134686384 246.23064242972185 246.22833703816318 246.22592340123134 246.22381697059598 246.2222307691888 246.2211824377294 246.22056844553038 246.22024784714483 246.22009800678572 246.22003514648037 246.22001142820238 246.22000336688004 246.22000089600778 246.22000021239484 246.22000012790983 246.2200006042561 246.22000251029507 246.22000939954248 246.22003187599557 246.22009800692783 246.2202732730495 246.2206910555986 246.22158494301019 246.2232968664704 246.2262198078731 246.23064242986396 246.23651554686407 246.24324521166218 246.24967306840136 246.25435419895604 246.25607327857583 246.25435419895604 246.24967306840136 246.24324521166218 246.23651554686407 246.23064242986396 246.2262198078731 246.2232968664704 246.22158494301019 246.2206910555986 246.2202732730495 246.22009800692783 246.22003187599557 246.22000939954248 246.22000251029507 246.2200006042561 246.2200003335832 246.22000153815495 246.22000635809565 246.22002377944142 246.22008061729883 246.22024784744326 246.2206910557549 246.2217475331647 246.22400797190076 246.2283370384616 246.2357284950189 246.24691230400134 246.26176408622393 246.27878188375982 246.29503647709527 246.30687399566543 246.31122115853248 246.30687399566543 246.29503647709527 246.27878188375982 246.26176408622393 246.24691230400134 246.2357284950189 246.2283370384616 246.22400797190076 246.2217475331647 246.2206910557549 246.22024784744326 246.22008061729883 246.22002377944142 246.22000635809565 246.22000153815495 246.22000077349207 246.22000353617491 246.22001459069884 246.220054546519 246.22018490402633 246.22056844601354 246.22158494335125 246.2240079720855 246.22919228360865 246.2391209887303 246.2560732789169 246.2817233214752 246.31578585300392 246.35481613613277 246.39209601202086 246.4192453361541 246.42921554511622 246.4192453361541 246.39209601202086 246.35481613613277 246.31578585300392 246.2817233214752 246.2560732789169 246.2391209887303 246.22919228360865 246.2240079720855 246.22158494335125 246.22056844601354 246.22018490402633 246.220054546519 246.22001459069884 246.22000353617491 246.22000161582628 246.22000736251678 246.2200303571678 246.22011346976015 246.22038462801245 246.22118243841152 246.22329686701042 246.2283370388453 246.23912098892924 246.25977381041804 246.29503647747896 246.34839144609236 246.41924533635304 246.50043270774154 246.5779790355263 246.63445267816107 246.65519183229836 246.63445267816107 246.5779790355263 246.50043270774154 246.41924533635304 246.34839144609236 246.29503647747896 246.25977381041804 246.23912098892924 246.2283370388453 246.22329686701042 246.22118243841152 246.22038462801245 246.22011346976015 246.2200303571678 246.22000736251678 246.220003053917 246.2200138955079 246.22005727675483 246.2202140753029 246.22072563701752 246.2222307700983 246.22621980864048 246.23572849562996 246.2560732793432 246.29503647770633 246.3615623173962 246.46222072993197 246.5958922567266 246.74905872154613 246.89535606660607 247.0018981069353 247.04102417873966 247.0018981069353 246.89535606660607 246.74905872154613 246.5958922567266 246.46222072993197 246.3615623173962 246.29503647770633 246.2560732793432 246.23572849562996 246.22621980864048 246.2222307700983 246.22072563701752 246.2202140753029 246.22005727675483 246.2200138955079 246.2200052297357 246.22002378027986 246.2200980079226 246.2203662986572 246.22124160821778 246.22381697173284 246.23064243085872 246.24691230483978 246.2817233221289 246.3483914465471 246.46222073017356 246.6344526786016 246.86317183806239 247.12524788320945 247.37557049561568 247.55786964711731 247.62481645673853 247.55786964711731 247.37557049561568 247.12524788320945 246.86317183806239 246.6344526786016 246.46222073017356 246.3483914465471 246.2817233221289 246.24691230483978 246.23064243085872 246.22381697173284 246.22124160821778 246.2203662986572 246.2200980079226 246.22002378027986 246.2200081191011 246.22003690691727 246.22015209770177 246.22056844690883 246.22192680332762 246.2259234026098 246.2365155481004 246.26176408730396 246.3157858538992 246.41924533704938 246.59589225720975 246.86317183830397 247.21811156746017 247.6248164569801 248.01328168420636 248.29618413808012 248.40007610117954 248.29618413808012 248.01328168420636 247.6248164569801 247.21811156746017 246.86317183830397 246.59589225720975 246.41924533704938 246.3157858538992 246.26176408730396 246.2365155481004 246.2259234026098 246.22192680332762 246.22056844690883 246.22015209770177 246.22003690691727 246.22001142983663 246.22005194795022 246.22021407602764 246.22080007686773 246.22271192871963 246.22833703979742 246.24324521315432 246.27878188509564 246.35481613728385 246.50043270867945 246.7490587222709 247.12524788370683 247.6248164572359 248.1972431675273 248.74399802052724 249.14217597504813 249.2884012508901 249.14217597504813 248.74399802052724 248.1972431675273 247.6248164572359 247.12524788370683 246.7490587222709 246.50043270867945 246.35481613728385 246.27878188509564 246.24324521315432 246.22833703979742 246.22271192871963 246.22080007686773 246.22021407602764 246.22005194795022 246.2200145921057 246.22006631444322 246.22027327479742 246.2210213188336 246.22346184328015 246.2306424316119 246.2496730701493 246.29503647868688 246.39209601342773 246.57797903673423 246.89535606758662 247.37557049636885 248.01328168473216 248.74399802079725 249.44194361929428 249.95022726642105 250.13688731545818 249.95022726642105 249.44194361929428 248.74399802079725 248.01328168473216 247.37557049636885 246.89535606758662 246.57797903673423 246.39209601342773 246.29503647868688 246.2496730701493 246.2306424316119 246.22346184328015 246.2210213188336 246.22027327479742 246.22006631444322 246.22001689513348 246.22007677702354 246.22031638678936 246.22118243988945 246.22400797376238 246.2323213490239 246.25435420097398 246.30687399751284 246.41924533781676 246.6344526796248 247.00189810820007 247.5578696481405 248.29618413886172 249.14217597557393 249.95022726669106 250.53869613618372 250.7548030848468 250.53869613618372 249.95022726669106 249.14217597557393 248.29618413886172 247.5578696481405 247.00189810820007 246.6344526796248 246.41924533781676 246.30687399751284 246.25435420097398 246.2323213490239 246.22400797376238 246.22118243988945 246.22031638678936 246.22007677702354 246.2200177410448 246.22008061941625 246.22033221922112 246.22124160949676 246.22420853268807 246.23293790808071 246.25607328084956 246.3112211606499 246.4292155470489 246.65519183403208 247.04102418026022 247.6248164580175 248.40007610223114 249.2884012516859 250.13688731598398 250.7548030851168 250.98172399514158 250.7548030851168 250.13688731598398 249.2884012516859 248.40007610223114 247.6248164580175 247.04102418026022 246.65519183403208 246.4292155470489 246.3112211606499 246.25607328084956 246.23293790808071 246.22420853268807 246.22124160949676 246.22033221922112 246.22008061941625 246.22001689565928 246.22007677754934 246.22031638731517 246.22118244041525 246.22400797428818 246.2323213495497 246.25435420149978 246.30687399805285 246.41924533835677 246.6344526801506 247.00189810872587 247.5578696486663 248.29618413938752 249.14217597611395 249.95022726723107 250.53869613672373 250.7548030853868 250.53869613672373 249.95022726723107 249.14217597611395 248.29618413938752 247.5578696486663 247.00189810872587 246.6344526801506 246.41924533835677 246.30687399805285 246.25435420149978 246.2323213495497 246.22400797428818 246.22118244041525 246.22031638731517 246.22007677754934 246.22001459315732 246.22006631549482 246.22027327584902 246.2210213198852 246.22346184433175 246.2306424326635 246.2496730712009 246.29503647973849 246.39209601447934 246.57797903778584 246.89535606865243 247.37557049743467 248.01328168578377 248.74399802186306 249.4419436203601 249.95022726748687 250.136887316524 249.95022726748687 249.4419436203601 248.74399802186306 248.01328168578377 247.37557049743467 246.89535606865243 246.57797903778584 246.39209601447934 246.29503647973849 246.2496730712009 246.2306424326635 246.22346184433175 246.2210213198852 246.22027327584902 246.22006631549482 246.22001143141404 246.22005194952763 246.22021407760505 246.22080007844514 246.22271193029704 246.22833704137483 246.24324521473173 246.27878188667304 246.35481613884704 246.50043271025686 246.7490587238483 247.12524788528424 247.6248164588133 248.1972431691189 248.74399802211886 249.14217597663975 249.28840125249593 249.14217597663975 248.74399802211886 248.1972431691189 247.6248164588133 247.12524788528424 246.7490587238483 246.50043271025686 246.35481613884704 246.27878188667304 246.24324521473173 246.22833704137483 246.22271193029704 246.22080007844514 246.22021407760505 246.22005194952763 246.22000812117588 246.22003690899206 246.22015209977656 246.2205684489836 246.2219268054024 246.22592340468458 246.2365155501752 246.26176408937874 246.31578585597399 246.41924533912416 246.59589225928454 246.86317184039297 247.21811156954917 247.6248164590691 248.01328168630957 248.29618414018333 248.40007610326853 248.29618414018333 248.01328168630957 247.6248164590691 247.21811156954917 246.86317184039297 246.59589225928454 246.41924533912416 246.31578585597399 246.26176408937874 246.2365155501752 246.22592340468458 246.2219268054024 246.2205684489836 246.22015209977656 246.22003690899206 246.22000523230787 246.22002378285202 246.22009801049475 246.22036630122938 246.22124161078995 246.223816974305 246.2306424334309 246.24691230741195 246.28172332470106 246.34839144911928 246.46222073274572 246.63445268117377 246.86317184063455 247.12524788578162 247.37557049820205 247.5578696497037 247.6248164593249 247.5578696497037 247.37557049820205 247.12524788578162 246.86317184063455 246.63445268117377 246.46222073274572 246.34839144911928 246.28172332470106 246.24691230741195 246.2306424334309 246.223816974305 246.22124161078995 246.22036630122938 246.22009801049475 246.22002378285202 246.22000305695812 246.220013898549 246.22005727979595 246.22021407834401 246.22072564005865 246.22223077313942 246.2262198116816 246.23572849867108 246.25607328238434 246.29503648074746 246.3615623204231 246.4622207329731 246.5958922597677 246.74905872458726 246.8953560696472 247.00189810999063 247.041024181795 247.00189810999063 246.8953560696472 246.74905872458726 246.5958922597677 246.4622207329731 246.3615623204231 246.29503648074746 246.25607328238434 246.23572849867108 246.2262198116816 246.22223077313942 246.22072564005865 246.22021407834401 246.22005727979595 246.220013898549 246.22000161932215 246.22000736601265 246.22003036066366 246.22011347325602 246.22038463150832 246.2211824419074 246.2232968705063 246.22833704234117 246.23912099242511 246.2597738139139 246.29503648097483 246.34839144958823 246.4192453398489 246.5004327112232 246.57797903900797 246.63445268164273 246.65519183578002 246.63445268164273 246.57797903900797 246.5004327112232 246.4192453398489 246.34839144958823 246.29503648097483 246.2597738139139 246.23912099242511 246.22833704234117 246.2232968705063 246.2211824419074 246.22038463150832 246.22011347325602 246.22003036066366 246.22000736601265 246.22000077740006 246.2200035400829 246.22001459460682 246.220054550427 246.2201849079343 246.22056844992153 246.22158494725923 246.2240079759935 246.22919228751664 246.23912099263828 246.25607328282487 246.28172332538318 246.3157858569119 246.35481614004075 246.39209601592884 246.41924534006208 246.4292155490242 246.41924534006208 246.39209601592884 246.35481614004075 246.3157858569119 246.28172332538318 246.25607328282487 246.23912099263828 246.22919228751664 246.2240079759935 246.22158494725923 246.22056844992153 246.2201849079343 246.220054550427 246.22001459460682 246.2200035400829 246.22000033788908 246.22000154246084 246.22000636240153 246.2200237837473 246.22008062160472 246.22024785174915 246.2206910600608 246.22174753747058 246.22400797620665 246.2283370427675 246.23572849932478 246.24691230830723 246.26176409052982 246.2787818880657 246.29503648140116 246.30687399997132 246.31122116283836 246.30687399997132 246.29503648140116 246.2787818880657 246.26176409052982 246.24691230830723 246.23572849932478 246.2283370427675 246.22400797620665 246.22174753747058 246.2206910600608 246.22024785174915 246.22008062160472 246.2200237837473 246.22000636240153 246.22000154246084 246.22000013255678 246.22000060890304 246.22000251494202 246.22000940418943 246.22003188064252 246.22009801157478 246.22027327769644 246.22069106024554 246.22158494765713 246.22329687111736 246.22621981252004 246.2306424345109 246.23651555151102 246.24324521630913 246.2496730730483 246.254354203603 246.25607328322278 246.254354203603 246.2496730730483 246.24324521630913 246.23651555151102 246.2306424345109 246.22621981252004 246.22329687111736 246.22158494765713 246.22069106024554 246.22027327769644 246.22009801157478 246.22003188064252 246.22000940418943 246.22000251494202 246.22000060890304 246.220000046524 246.22000021736864 246.22000090098157 246.22000337185384 246.22001143317618 246.22003515145417 246.22009801175952 246.22024785211863 246.22056845050417 246.2211824427032 246.2222307741626 246.22381697556978 246.22592340620514 246.22833704313697 246.23064243469565 246.23232135183764 246.23293791063867 246.23232135183764 246.23064243469565 246.22833704313697 246.22592340620514 246.22381697556978 246.2222307741626 246.2211824427032 246.22056845050417 246.22024785211863 246.22009801175952 246.22003515145417 246.22001143317618 246.22000337185384 246.22000090098157 246.22000021736864 246.2200000141632 246.22000006973676 246.22000029210727 246.22000109585034 246.22000371809509 246.2200114333467 246.2200318809978 246.22008062214474 246.2201849086875 246.22038463247466 246.22072564125236 246.22124161222524 246.2219268070935 246.2227119322297 246.22346184653443 246.22400797674666 246.22420853541655 246.22400797674666 246.22346184653443 246.2227119322297 246.2219268070935 246.22124161222524 246.22072564125236 246.22038463247466 246.2201849086875 246.22008062214474 246.2200318809978 246.2200114333467 246.22000371809509 246.22000109585034 246.22000029210727 246.22000006973676 246.22000000327702 246.22000001967248 246.22000008527684 246.22000032239924 246.22000109602087 246.2200033721949 246.22000940471523 246.22002378445785 246.2200545513507 246.2201134743929 246.22021407970826 246.2203663028352 246.22056845084524 246.22080008054834 246.22102132225842 246.22118244304426 246.22124161239577 246.22118244304426 246.22102132225842 246.22080008054834 246.22056845084524 246.2203663028352 246.22021407970826 246.2201134743929 246.2200545513507 246.22002378445785 246.22000940471523 246.2200033721949 246.22000109602087 246.22000032239924 246.22000008527684 246.22000001967248 246.22000000003015 246.22000000441716 246.22000002197117 246.22000008541895 246.2200002924199 246.22000090146474 246.22000251560993 246.22000636325419 246.22001459567264 246.22003036194263 246.2200572813023 246.2200980122427 246.2201521017803 246.22021407985036 246.22027327836435 246.22031639008628 246.22033222226224 246.22031639008628 246.22027327836435 246.22021407985036 246.2201521017803 246.2200980122427 246.2200572813023 246.22003036194263 246.22001459567264 246.22000636325419 246.22000251560993 246.22000090146474 246.2200002924199 246.22000008541895 246.22000002197117 246.22000000441716 246.21999999923463 246.22000000029928 246.22000000455927 246.2200000199567 246.2200000701915 246.2200002179939 246.22000060971305 246.2200015434556 246.22000354129082 246.22000736743374 246.22001390019747 246.22002378474207 246.2200369111379 246.22005195191505 246.22006631815225 246.22007678046256 246.22008062259948 246.22007678046256 246.22006631815225 246.22005195191505 246.2200369111379 246.22002378474207 246.22001390019747 246.22000736743374 246.22000354129082 246.2200015434556 246.22000060971305 246.2200002179939 246.2200000701915 246.2200000199567 246.22000000455927 246.22000000029928 246.21999999352013 246.21999999372252 246.21999999453237 246.21999999745958 246.22000000700967 246.22000003510828 246.22000010957774 246.22000028709084 246.22000066689785 246.2200013942831 246.22000263622206 246.22000451536564 246.22000701081524 246.22000987020644 246.22001260136136 246.22001459034357 246.22001532076942 246.22001459034357 246.22001260136136 246.22000987020644 246.22000701081524 246.22000451536564 246.22000263622206 246.2200013942831 246.22000066689785 246.22000028709084 246.22000010957774 246.22000003510828 246.22000000700967 246.21999999745958 246.21999999453237 246.21999999372252 246.21999999373674 246.2199999946563 246.21999999833582 246.2200000116352 246.22000005502497 246.2200001826877 246.2200005210309 246.22000132754096 246.2200030531496 246.22000635793933 246.22001200054365 246.22002053821257 246.22003187599557 246.2200448673048 246.22005727598744 246.22006631269528 246.22006963129965 246.22006631269528 246.22005727598744 246.2200448673048 246.22003187599557 246.22002053821257 246.22001200054365 246.22000635793933 246.2200030531496 246.22000132754096 246.2200005210309 246.2200001826877 246.22000005502497 246.2200000116352 246.21999999833582 246.2199999946563 246.219999994575 246.21999999836424 246.22000001352632 246.22000006832866 246.22000024712352 246.22000077317944 246.22000216737993 246.22000549074122 246.220012601404 246.22002621934988 246.22004947065682 246.22008465156782 246.22013137082328 246.2201849037137 246.22023603579245 246.2202732730779 246.22028694794935 246.2202732730779 246.22023603579245 246.2201849037137 246.22013137082328 246.22008465156782 246.22004947065682 246.22002621934988 246.220012601404 246.22000549074122 246.22000216737993 246.22000077317944 246.22000024712352 246.22000006832866 246.22000001352632 246.21999999836424 246.21999999757327 246.22000001173467 246.2200000683997 246.22000027321164 246.220000941419 246.22000290743978 246.22000811796423 246.22002053831204 246.22004711288432 246.2200980070273 246.22018490378474 246.2203163848709 246.22049098803706 246.22069105569807 246.22088215084196 246.22102131718515 246.22107242407515 246.22102131718515 246.22088215084196 246.22069105569807 246.22049098803706 246.2203163848709 246.22018490378474 246.2200980070273 246.22004711288432 246.22002053831204 246.22000811796423 246.22000290743978 246.220000941419 246.22000027321164 246.2200000683997 246.22000001173467 246.22000000720863 246.2200000552097 246.22000024727984 246.22000094150425 246.2200032064399 246.2200098704054 246.22002753184375 246.2200696314844 246.22015970786234 246.22033221713212 246.22062675979055 246.2210724241604 246.22166425384705 246.22234239722624 246.22299012762895 246.22346184171695 246.22363507210767 246.22346184171695 246.22299012762895 246.22234239722624 246.22166425384705 246.2210724241604 246.22062675979055 246.22033221713212 246.22015970786234 246.2200696314844 246.22002753184375 246.2200098704054 246.2200032064399 246.22000094150425 246.22000024727984 246.2200000552097 246.22000003542092 246.22000018298613 246.22000077344944 246.22000290763873 246.22000987051908 246.2200303569262 246.22008465183782 246.22021407483393 246.220490988236 246.2210213173841 246.2219268023897 246.22329686676883 246.22511627353998 246.22720102644053 246.22919228356602 246.2306424301624 246.2311749761853 246.2306424301624 246.22919228356602 246.22720102644053 246.22511627353998 246.22329686676883 246.2219268023897 246.2210213173841 246.220490988236 246.22021407483393 246.22008465183782 246.2200303569262 246.22000987051908 246.22000290763873 246.22000077344944 246.22000018298613 246.22000011001828 246.22000052145722 246.22000216777784 246.22000811829108 246.22002753208534 246.22008465196572 246.22023603619036 246.22059689136685 246.2213689769898 246.222847632438 246.2253722915891 246.22919228369392 246.23426512523844 246.2400778007169 246.24562979273549 246.2496730688277 246.25115790533164 246.2496730688277 246.24562979273549 246.2400778007169 246.23426512523844 246.22919228369392 246.2253722915891 246.222847632438 246.2213689769898 246.22059689136685 246.22023603619036 246.22008465196572 246.22002753208534 246.22000811829108 246.22000216777784 246.22000052145722 246.2200002876877 246.2200013281236 246.22000549129544 246.2200205387952 246.2200696318823 246.22021407511815 246.22059689152317 246.22150941250567 246.22346184211486 246.22720102672474 246.23358531770648 246.24324521224483 246.25607327915847 246.27077221846702 246.28481194836854 246.2950364775216 246.29879129262105 246.2950364775216 246.28481194836854 246.27077221846702 246.25607327915847 246.24324521224483 246.23358531770648 246.22720102672474 246.22346184211486 246.22150941250567 246.22059689152317 246.22021407511815 246.2200696318823 246.2200205387952 246.22000549129544 246.2200013281236 246.22000066766523 246.2200030539028 246.22001260212875 246.22004711353802 246.22015970843077 246.22049098869076 246.22136897731664 246.2234618422854 246.2279397355189 246.23651554761724 246.2511579056585 246.27331285361993 246.30273399831154 246.33644598493592 246.36864607616118 246.39209601243297 246.40070767302646 246.39209601243297 246.36864607616118 246.33644598493592 246.30273399831154 246.27331285361993 246.2511579056585 246.23651554761724 246.2279397355189 246.2234618422854 246.22136897731664 246.22049098869076 246.22015970843077 246.22004711353802 246.22001260212875 246.2200030539028 246.22000139523522 246.22000635887724 246.22002622025937 246.22009800786574 246.2203322178853 246.2210213180236 246.2228476329496 246.22720102708 246.236515547802 246.25435419989395 246.2848119487238 246.3308967281322 246.3920960126177 246.4622207301167 246.52920053542377 246.57797903592422 246.59589225691133 246.57797903592422 246.52920053542377 246.4622207301167 246.3920960126177 246.3308967281322 246.2848119487238 246.25435419989395 246.236515547802 246.22720102708 246.2228476329496 246.2210213180236 246.2203322178853 246.22009800786574 246.22002622025937 246.22000635887724 246.22000263738735 246.22001200169473 246.22004947177948 246.22018490483634 246.2206267607569 246.22192680324235 246.22537229231386 246.23358531827492 246.25115790604218 246.28481194892277 246.34227292634884 246.42921554591203 246.54467288729188 246.67696877139431 246.8033315272975 246.89535606697555 246.92915079003657 246.89535606697555 246.8033315272975 246.67696877139431 246.54467288729188 246.42921554591203 246.34227292634884 246.28481194892277 246.25115790604218 246.23358531827492 246.22537229231386 246.22192680324235 246.2206267607569 246.22018490483634 246.22004947177948 246.22001200169473 246.2200045167441 246.2200205395768 246.22008465290364 246.22031638613566 246.2210724253399 246.22329686783465 246.22919228463184 246.24324521302643 246.273312854231 246.3308967285585 246.4292155461252 246.57797903633633 246.77553274659317 247.00189810754637 247.21811156757386 247.37557049598516 247.4333950816548 247.37557049598516 247.21811156757386 247.00189810754637 246.77553274659317 246.57797903633633 246.4292155461252 246.3308967285585 246.273312854231 246.24324521302643 246.22919228463184 246.22329686783465 246.2210724253399 246.22031638613566 246.22008465290364 246.2200205395768 246.22000701242106 246.2200318775872 246.22013137238648 246.2204909895292 246.22166425525393 246.22511627483317 246.23426512640373 246.25607328016744 246.30273399914998 246.3920960132572 246.54467288773242 246.77553274682055 247.08210811450917 247.43339508188217 247.7689277374238 248.01328168456163 248.1030172485806 248.01328168456163 247.7689277374238 247.43339508188217 247.08210811450917 246.77553274682055 246.54467288773242 246.3920960132572 246.30273399914998 246.25607328016744 246.23426512640373 246.22511627483317 246.22166425525393 246.2204909895292 246.22013137238648 246.2200318775872 246.22000987203964 246.2200448691238 246.22018490550425 246.22069105741758 246.2223423988605 246.2272010279611 246.24007780210957 246.27077221970336 246.33644598600173 246.46222073099779 246.67696877207644 247.00189810800111 247.43339508212375 247.9278224870441 248.40007610176218 248.7439980208683 248.87029852777303 248.7439980208683 248.40007610176218 247.9278224870441 247.43339508212375 247.00189810800111 246.67696877207644 246.46222073099779 246.33644598600173 246.27077221970336 246.24007780210957 246.2272010279611 246.2223423988605 246.22069105741758 246.22018490550425 246.2200448691238 246.22001260343615 246.22005727804802 246.2202360378246 246.22088215280306 246.22299012950478 246.22919228532817 246.24562979436973 246.28481194984647 246.36864607746858 246.52920053654643 246.8033315282212 247.2181115682844 247.76892773789277 248.40007610200377 249.0029190945559 249.44194361960692 249.6031692262896 249.44194361960692 249.0029190945559 248.40007610200377 247.76892773789277 247.2181115682844 246.8033315282212 246.52920053654643 246.36864607746858 246.28481194984647 246.24562979436973 246.22919228532817 246.22299012950478 246.22088215280306 246.2202360378246 246.22005727804802 246.22001459267415 246.22006631501165 246.22027327536586 246.22102131940204 246.22346184384858 246.23064243218033 246.24967307070352 246.2950364792411 246.39209601398196 246.57797903728846 246.89535606815505 247.37557049693729 248.0132816852864 248.74399802135147 249.4419436198627 249.9502272669895 250.13688731602662 249.9502272669895 249.4419436198627 248.74399802135147 248.0132816852864 247.37557049693729 246.89535606815505 246.57797903728846 246.39209601398196 246.2950364792411 246.24967307070352 246.23064243218033 246.22346184384858 246.22102131940204 246.22027327536586 246.22006631501165 246.22001532334158 246.2200696338576 246.22028695047888 246.22107242653362 246.22363507448088 246.2311749784448 246.25115790746327 246.29879129459636 246.40070767483124 246.59589225853136 246.92915079145766 247.43339508286272 248.10301724956116 248.870298528512 249.60316922678697 250.1368873162682 250.33288780795743 250.1368873162682 249.60316922678697 248.870298528512 248.10301724956116 247.43339508286272 246.92915079145766 246.59589225853136 246.40070767483124 246.29879129459636 246.25115790746327 246.2311749784448 246.22363507448088 246.22107242653362 246.22028695047888 246.2200696338576 246.22001459315732 246.22006631549482 246.22027327584902 246.2210213198852 246.22346184433175 246.2306424326635 246.2496730712009 246.29503647973849 246.39209601447934 246.57797903778584 246.89535606865243 247.37557049743467 248.01328168578377 248.74399802186306 249.4419436203601 249.95022726748687 250.136887316524 249.95022726748687 249.4419436203601 248.74399802186306 248.01328168578377 247.37557049743467 246.89535606865243 246.57797903778584 246.39209601447934 246.29503647973849 246.2496730712009 246.2306424326635 246.22346184433175 246.2210213198852 246.22027327584902 246.22006631549482 246.2200126044309 246.22005727904278 246.22023603881937 246.22088215379782 246.22299013049954 246.22919228632293 246.2456297953645 246.28481195084123 246.36864607844913 246.52920053752698 246.80333152920176 247.21811156927916 247.76892773888753 248.40007610299853 249.00291909555065 249.44194362060168 249.60316922728435 249.44194362060168 249.00291909555065 248.40007610299853 247.76892773888753 247.21811156927916 246.80333152920176 246.52920053752698 246.36864607844913 246.28481195084123 246.2456297953645 246.22919228632293 246.22299013049954 246.22088215379782 246.22023603881937 246.22005727904278 246.22000987351757 246.22004487060173 246.22018490698218 246.2206910588955 246.22234240033842 246.22720102943902 246.2400778035875 246.2707722211813 246.33644598747966 246.4622207324615 246.67696877354015 247.00189810947904 247.43339508360168 247.92782248852203 248.40007610325432 248.74399802234623 248.87029852925096 248.74399802234623 248.40007610325432 247.92782248852203 247.43339508360168 247.00189810947904 246.67696877354015 246.4622207324615 246.33644598747966 246.2707722211813 246.2400778035875 246.22720102943902 246.22234240033842 246.2206910588955 246.22018490698218 246.22004487060173 246.22000701435374 246.22003187951987 246.22013137431915 246.22049099146187 246.2216642571866 246.22511627676585 246.2342651283364 246.25607328210012 246.30273400108265 246.3920960152041 246.5446728896793 246.77553274876743 247.08210811647027 247.43339508382905 247.7689277393707 248.01328168652273 248.1030172505417 248.01328168652273 247.7689277393707 247.43339508382905 247.08210811647027 246.77553274876743 246.5446728896793 246.3920960152041 246.30273400108265 246.25607328210012 246.2342651283364 246.22511627676585 246.2216642571866 246.22049099146187 246.22013137431915 246.22003187951987 246.22000451914573 246.22002054197844 246.22008465530527 246.2203163885373 246.22107242774155 246.22329687023628 246.22919228703347 246.24324521542806 246.27331285663263 246.33089673094594 246.42921554852683 246.57797903873796 246.7755327489948 247.001898109948 247.2181115699897 247.375570498401 247.43339508407064 247.375570498401 247.2181115699897 247.001898109948 246.7755327489948 246.57797903873796 246.42921554852683 246.33089673094594 246.27331285663263 246.24324521542806 246.22919228703347 246.22329687023628 246.22107242774155 246.2203163885373 246.22008465530527 246.22002054197844 246.2200026402153 246.2200120045227 246.22004947460744 246.2201849076643 246.22062676358485 246.22192680607031 246.22537229514182 246.23358532110288 246.25115790888435 246.28481195176494 246.342272929191 246.4292155487542 246.54467289013405 246.67696877423649 246.80333153013967 246.89535606983193 246.92915079289295 246.89535606983193 246.80333153013967 246.67696877423649 246.54467289013405 246.4292155487542 246.342272929191 246.28481195176494 246.25115790888435 246.23358532110288 246.22537229514182 246.22192680607031 246.22062676358485 246.2201849076643 246.22004947460744 246.2200120045227 246.2200013984895 246.22000636213153 246.22002622351366 246.22009801112003 246.22033222113959 246.22102132127787 246.22284763620388 246.2272010303343 246.23651555105627 246.25435420314824 246.2848119519781 246.33089673138647 246.392096015872 246.462220733371 246.52920053867805 246.5779790391785 246.5958922601656 246.5779790391785 246.52920053867805 246.462220733371 246.392096015872 246.33089673138647 246.2848119519781 246.25435420314824 246.23651555105627 246.2272010303343 246.22284763620388 246.22102132127787 246.22033222113959 246.22009801112003 246.22002622351366 246.22000636213153 246.22000067131742 246.22000305755498 246.22001260578094 246.2200471171902 246.22015971208296 246.22049099234295 246.22136898096883 246.22346184593758 246.2279397391711 246.23651555126943 246.25115790931068 246.27331285727212 246.30273400196373 246.3364459885881 246.36864607981337 246.39209601608516 246.40070767667865 246.39209601608516 246.36864607981337 246.3364459885881 246.30273400196373 246.27331285727212 246.25115790931068 246.23651555126943 246.2279397391711 246.22346184593758 246.22136898096883 246.22049099234295 246.22015971208296 246.2200471171902 246.22001260578094 246.22000305755498 246.22000029169516 246.22000133213106 246.2200054953029 246.22002054280267 246.22006963588976 246.2202140791256 246.22059689553063 246.22150941651313 246.22346184612232 246.2272010307322 246.23358532171395 246.2432452162523 246.25607328316593 246.27077222247448 246.284811952376 246.29503648152905 246.2987912966285 246.29503648152905 246.284811952376 246.27077222247448 246.25607328316593 246.2432452162523 246.23358532171395 246.2272010307322 246.22346184612232 246.22150941651313 246.22059689553063 246.2202140791256 246.22006963588976 246.22002054280267 246.2200054953029 246.22000133213106 246.2200001143668 246.22000052580574 246.22000217212636 246.2200081226396 246.22002753643386 246.22008465631424 246.22023604053888 246.22059689571537 246.22136898133832 246.22284763678653 246.22537229593763 246.22919228804244 246.23426512958696 246.24007780506543 246.245629797084 246.2496730731762 246.25115790968016 246.2496730731762 246.245629797084 246.24007780506543 246.23426512958696 246.22919228804244 246.22537229593763 246.22284763678653 246.22136898133832 246.22059689571537 246.22023604053888 246.22008465631424 246.22002753643386 246.2200081226396 246.22000217212636 246.22000052580574 246.22000004006787 246.22000018763308 246.2200007780964 246.22000291228568 246.22000987516603 246.22003036157315 246.22008465648477 246.22021407948088 246.22049099288296 246.22102132203105 246.22192680703665 246.22329687141578 246.22511627818693 246.22720103108747 246.22919228821297 246.23064243480934 246.23117498083224 246.23064243480934 246.22919228821297 246.22720103108747 246.22511627818693 246.22329687141578 246.22192680703665 246.22102132203105 246.22049099288296 246.22021407948088 246.22008465648477 246.22003036157315 246.22000987516603 246.22000291228568 246.2200007780964 246.22000018763308 246.22000001212558 246.22000006012667 246.2200002521968 246.2200009464212 246.22000321135687 246.22000987532235 246.2200275367607 246.22006963640135 246.2201597127793 246.22033222204908 246.2206267647075 246.22107242907737 246.221664258764 246.2223424021432 246.2229901325459 246.2234618466339 246.22363507702462 246.2234618466339 246.2229901325459 246.2223424021432 246.221664258764 246.22107242907737 246.2206267647075 246.22033222204908 246.2201597127793 246.22006963640135 246.2200275367607 246.22000987532235 246.22000321135687 246.2200009464212 246.2200002521968 246.22000006012667 246.2200000027318 246.2200000168932 246.22000007355825 246.22000027837018 246.22000094657753 246.22000291259832 246.22000812312277 246.22002054347058 246.22004711804286 246.22009801218584 246.22018490894328 246.22031639002944 246.2204909931956 246.2206910608566 246.2208821560005 246.2210213223437 246.2210724292337 246.2210213223437 246.2208821560005 246.2206910608566 246.2204909931956 246.22031639002944 246.22018490894328 246.22009801218584 246.22004711804286 246.22002054347058 246.22000812312277 246.22000291259832 246.22000094657753 246.22000027837018 246.22000007355825 246.2200000168932 246.2199999999467 246.22000000373595 246.22000001889802 246.22000007370036 246.22000025249523 246.22000077855114 246.22000217275163 246.22000549611292 246.2200126067757 246.22002622472158 246.22004947602852 246.22008465693952 246.22013137619498 246.2201849090854 246.22023604116416 246.2202732784496 246.22028695332105 246.2202732784496 246.22023604116416 246.2201849090854 246.22013137619498 246.22008465693952 246.22004947602852 246.22002622472158 246.2200126067757 246.22000549611292 246.22000217275163 246.22000077855114 246.22000025249523 246.22000007370036 246.22000001889802 246.22000000373595 246.21999999926476 246.2200000001843 246.22000000386384 246.22000001716322 246.220000060553 246.22000018821572 246.22000052655892 246.22000133306898 246.22000305867763 246.22000636346735 246.22001200607167 246.2200205437406 246.2200318815236 246.22004487283283 246.22005728151547 246.2200663182233 246.22006963682767 246.2200663182233 246.22005728151547 246.22004487283283 246.2200318815236 246.2200205437406 246.22001200607167 246.22000636346735 246.22000305867763 246.22000133306898 246.22000052655892 246.22000018821572 246.220000060553 246.22000001716322 246.22000000386384 246.2200000001843 246.2199999939625 246.21999999412105 246.21999999475548 246.21999999704857 246.2200000045299 246.22000002654173 246.22000008487942 246.2200002239392 246.22000052147143 246.22000109128865 246.22000206419565 246.2200035362744 246.22000549115333 246.22000773113598 246.2200098706612 246.22001142878503 246.22001200098418 246.22001142878503 246.2200098706612 246.22000773113598 246.22000549115333 246.2200035362744 246.22000206419565 246.22000109128865 246.22000052147143 246.2200002239392 246.22000008487942 246.22000002654173 246.2200000045299 246.21999999704857 246.21999999475548 246.21999999412105 246.21999999413526 246.21999999485564 246.21999999773809 246.22000000815652 246.22000004214706 246.2200001421552 246.22000040720562 246.22000103900743 246.22000239081035 246.22000497970814 246.22000939999722 246.22001608821463 246.22002496997834 246.22003514707723 246.22004486775955 246.22005194691283 246.2200545466327 246.22005194691283 246.22004486775955 246.22003514707723 246.22002496997834 246.22001608821463 246.22000939999722 246.22000497970814 246.22000239081035 246.22000103900743 246.22000040720562 246.2200001421552 246.22000004214706 246.22000000815652 246.21999999773809 246.21999999485564 246.21999999479812 246.2199999977665 246.22000000964414 246.22000005257505 246.22000019263893 246.22000060473925 246.22000169692453 246.22000430037085 246.22000987070382 246.22002053869574 246.2200387532456 246.22006631317845 246.2201029119903 246.22014484845025 246.22018490416843 246.22021407501867 246.2202247876048 246.22021407501867 246.22018490416843 246.22014484845025 246.2201029119903 246.22006631317845 246.2200387532456 246.22002053869574 246.22000987070382 246.22000430037085 246.22000169692453 246.22000060473925 246.22000019263893 246.22000005257505 246.22000000964414 246.2199999977665 246.21999999714805 246.22000000824178 246.2200000526319 246.22000021307696 246.22000073653552 246.2200022766719 246.22000635847934 246.2200160882999 246.22003690622094 246.2200767755456 246.2201448485071 246.22024784782695 246.22038462801245 246.22054135650936 246.2206910561386 246.2208000759156 246.22084011190148 246.2208000759156 246.2206910561386 246.22054135650936 246.22038462801245 246.22024784782695 246.2201448485071 246.2200767755456 246.22003690622094 246.2200160882999 246.22000635847934 246.2200022766719 246.22000073653552 246.22000021307696 246.2200000526319 246.22000000824178 246.22000000471465 246.2200000423176 246.22000019278104 246.2200007366208 246.22000251092035 246.22000773132072 246.2200215668935 246.22005454680323 246.22012511060777 246.22026025048206 246.22049098856286 246.22084011198675 246.22130373802582 246.2218349802665 246.22234239766678 246.22271192785277 246.22284763263696 246.22271192785277 246.22234239766678 246.2218349802665 246.22130373802582 246.22084011198675 246.22049098856286 246.22026025048206 246.22012511060777 246.22005454680323 246.2200215668935 246.22000773132072 246.22000251092035 246.2200007366208 246.22000019278104 246.2200000423176 246.22000002682594 246.2200001424252 246.22000060498084 246.22000227685663 246.2200077314202 246.22002378000985 246.22006631342003 246.22016770047853 246.2203846281972 246.22080007610035 246.22150941264778 246.2225826902067 246.2240079724692 246.22564112090961 246.22720102686685 246.22833703903004 246.22875422358294 246.22833703903004 246.22720102686685 246.22564112090961 246.2240079724692 246.2225826902067 246.22150941264778 246.22080007610035 246.2203846281972 246.22016770047853 246.22006631342003 246.22002378000985 246.2200077314202 246.22000227685663 246.22000060498084 246.2200001424252 246.22000008529153 246.22000040760352 246.220001697294 246.22000635879198 246.22002156712088 246.22006631354793 246.22018490453792 246.22046759035098 246.22107242482832 246.22223077018356 246.22420853126698 246.22720102699475 246.2311749767395 246.23572849571522 246.24007780114323 246.24324521251484 246.24440839996984 246.24324521251484 246.24007780114323 246.23572849571522 246.2311749767395 246.22720102699475 246.22420853126698 246.22223077018356 246.22107242482832 246.22046759035098 246.22018490453792 246.22006631354793 246.22002156712088 246.22000635879198 246.220001697294 246.22000040760352 246.22000022449342 246.22000103954744 246.22000430088244 246.22001608875465 246.2200545471727 246.22016770074853 246.2204675904931 246.22118243886626 246.22271192822225 246.22564112117962 246.23064243085872 246.23820977454525 246.24825899307288 246.2597738108728 246.27077221887913 246.27878188459826 246.2817233221289 246.27878188459826 246.27077221887913 246.2597738108728 246.24825899307288 246.23820977454525 246.23064243085872 246.22564112117962 246.22271192822225 246.22118243886626 246.2204675904931 246.22016770074853 246.2200545471727 246.22001608875465 246.22000430088244 246.22000103954744 246.22000052218198 246.22000239150668 246.22000987137173 246.220036906832 246.22012511113357 246.22038462862352 246.22107242512675 246.22271192837857 246.22621980902417 246.23293790695806 246.24440840026827 246.2617640872187 246.28481194893698 246.31122115952724 246.33644598533382 246.3548161369428 246.36156231777989 246.3548161369428 246.33644598533382 246.31122115952724 246.28481194893698 246.2617640872187 246.24440840026827 246.23293790695806 246.22621980902417 246.22271192837857 246.22107242512675 246.22038462862352 246.22012511113357 246.220036906832 246.22000987137173 246.22000239150668 246.22000109218394 246.2200049805892 246.2200205395484 246.22007677634141 246.2202602511926 246.2208000767114 246.22223077066673 246.22564112152068 246.2329379071428 246.24691230518084 246.2707722192202 246.30687399683072 246.35481613711332 246.40975026047568 246.4622207305004 246.50043270852314 246.51446552215316 246.50043270852314 246.4622207305004 246.40975026047568 246.35481613711332 246.30687399683072 246.2707722192202 246.24691230518084 246.2329379071428 246.22564112152068 246.22223077066673 246.2208000767114 246.2202602511926 246.22007677634141 246.2200205395484 246.2200049805892 246.22000206527568 246.22000940106304 246.220038754283 246.22014484948764 246.22049098945814 246.22150941344358 246.2242085319349 246.23064243138452 246.24440840063775 246.27077221940493 246.31578585418342 246.38389474301565 246.47434142231302 246.57797903649265 246.6769687717638 246.7490587222993 246.7755327467495 246.7490587222993 246.6769687717638 246.57797903649265 246.47434142231302 246.38389474301565 246.31578585418342 246.27077221940493 246.24440840063775 246.23064243138452 246.2242085319349 246.22150941344358 246.22049098945814 246.22014484948764 246.220038754283 246.22000940106304 246.22000353755337 246.2200160894794 246.2200663144148 246.22024784900645 246.22084011308098 246.22258269120147 246.2272010278616 246.23820977527 246.26176408778713 246.30687399722862 246.3838947432146 246.50043270892104 246.65519183346365 246.83252135587836 247.00189810790164 247.1252478839342 247.17054636121648 247.1252478839342 247.00189810790164 246.83252135587836 246.65519183346365 246.50043270892104 246.3838947432146 246.30687399722862 246.26176408778713 246.23820977527 246.2272010278616 246.22258269120147 246.22084011308098 246.22024784900645 246.2200663144148 246.2200160894794 246.22000549264547 246.22002497145627 246.2201029134398 246.22038462940512 246.22130373933322 246.22400797367712 246.23117497781953 246.2482589940108 246.28481194971857 246.35481613772438 246.47434142272513 246.6551918336768 246.89535606777136 247.17054636142964 247.43339508222323 247.62481645767645 247.6951132762537 247.62481645767645 247.43339508222323 247.17054636142964 246.89535606777136 246.6551918336768 246.47434142272513 246.35481613772438 246.28481194971857 246.2482589940108 246.23117497781953 246.22400797367712 246.22130373933322 246.22038462940512 246.2201029134398 246.22002497145627 246.22000773284128 246.22003514876832 246.22014485011292 246.22054135811518 246.22183498178705 246.2256411223307 246.2357284970084 246.25977381202387 246.311221160522 246.4097502612999 246.57797903713214 246.8325213563189 247.1705463616428 247.5578696482826 247.92782248737095 248.1972431681952 248.29618413900383 248.1972431681952 247.92782248737095 247.5578696482826 247.1705463616428 246.8325213563189 246.57797903713214 246.4097502612999 246.311221160522 246.25977381202387 246.2357284970084 246.2256411223307 246.22183498178705 246.22054135811518 246.22014485011292 246.22003514876832 246.22000987259386 246.22004486967802 246.22018490605848 246.2206910579718 246.2223423994147 246.2272010285153 246.2400778026638 246.27077222025758 246.33644598655596 246.462220731552 246.67696877263066 247.00189810855534 247.43339508267798 247.92782248759832 248.40007610233062 248.74399802142253 248.87029852832725 248.74399802142253 248.40007610233062 247.92782248759832 247.43339508267798 247.00189810855534 246.67696877263066 246.462220731552 246.33644598655596 246.27077222025758 246.2400778026638 246.2272010285153 246.2223423994147 246.2206910579718 246.22018490605848 246.22004486967802 246.22001143094508 246.22005194905867 246.2202140771361 246.22080007797618 246.22271192982808 246.22833704090587 246.24324521426277 246.2787818862041 246.3548161383923 246.5004327098021 246.74905872339355 247.12524788481528 247.62481645835857 248.19724316864995 248.7439980216499 249.1421759761708 249.28840125202697 249.1421759761708 248.7439980216499 248.19724316864995 247.62481645835857 247.12524788481528 246.74905872339355 246.5004327098021 246.3548161383923 246.2787818862041 246.24324521426277 246.22833704090587 246.22271192982808 246.22080007797618 246.2202140771361 246.22005194905867 246.2200120033716 246.2200545490059 246.22022478994958 246.22084011418943 246.22284763483964 246.22875422568615 246.24440840194515 246.2817233239621 246.36156231945677 246.5144655236595 246.7755327480711 247.17054636232493 247.6951132771632 248.29618413968595 248.8702985287962 249.28840125225435 249.4419436203885 249.28840125225435 248.8702985287962 248.29618413968595 247.6951132771632 247.17054636232493 246.7755327480711 246.5144655236595 246.36156231945677 246.2817233239621 246.24440840194515 246.22875422568615 246.22284763483964 246.22084011418943 246.22022478994958 246.2200545490059 246.22001143141404 246.22005194952763 246.22021407760505 246.22080007844514 246.22271193029704 246.22833704137483 246.24324521473173 246.27878188667304 246.35481613884704 246.50043271025686 246.7490587238483 247.12524788528424 247.6248164588133 248.1972431691189 248.74399802211886 249.14217597663975 249.28840125249593 249.14217597663975 248.74399802211886 248.1972431691189 247.6248164588133 247.12524788528424 246.7490587238483 246.50043271025686 246.35481613884704 246.27878188667304 246.24324521473173 246.22833704137483 246.22271193029704 246.22080007844514 246.22021407760505 246.22005194952763 246.22000987351757 246.22004487060173 246.22018490698218 246.2206910588955 246.22234240033842 246.22720102943902 246.2400778035875 246.2707722211813 246.33644598747966 246.4622207324615 246.67696877354015 247.00189810947904 247.43339508360168 247.92782248852203 248.40007610325432 248.74399802234623 248.87029852925096 248.74399802234623 248.40007610325432 247.92782248852203 247.43339508360168 247.00189810947904 246.67696877354015 246.4622207324615 246.33644598747966 246.2707722211813 246.2400778035875 246.22720102943902 246.22234240033842 246.2206910588955 246.22018490698218 246.22004487060173 246.22000773421973 246.22003515014677 246.22014485149137 246.22054135949364 246.2218349831655 246.22564112370915 246.23572849838686 246.2597738133881 246.31122116188624 246.40975026266415 246.57797903849638 246.83252135768313 247.17054636302126 247.55786964964685 247.9278224887494 248.19724316957365 248.29618414038228 248.19724316957365 247.9278224887494 247.55786964964685 247.17054636302126 246.83252135768313 246.57797903849638 246.40975026266415 246.31122116188624 246.2597738133881 246.23572849838686 246.22564112370915 246.2218349831655 246.22054135949364 246.22014485149137 246.22003515014677 246.22000549445025 246.22002497326105 246.22010291524458 246.2203846312099 246.221303741138 246.2240079754819 246.2311749796243 246.24825899581558 246.28481195152335 246.35481613952916 246.4743414245299 246.6551918354958 246.89535606959035 247.17054636323442 247.43339508404222 247.62481645949543 247.69511327807268 247.62481645949543 247.43339508404222 247.17054636323442 246.89535606959035 246.6551918354958 246.4743414245299 246.35481613952916 246.28481195152335 246.24825899581558 246.2311749796243 246.2240079754819 246.221303741138 246.2203846312099 246.22010291524458 246.22002497326105 246.22000353978447 246.2200160917105 246.2200663166459 246.22024785123756 246.2208401153121 246.22258269343257 246.22720103009271 246.2382097775011 246.26176409001823 246.30687399945973 246.3838947454457 246.50043271115214 246.65519183570896 246.83252135812367 247.00189811014695 247.1252478861653 247.17054636344758 247.1252478861653 247.00189811014695 246.83252135812367 246.65519183570896 246.50043271115214 246.3838947454457 246.30687399945973 246.26176409001823 246.2382097775011 246.22720103009271 246.22258269343257 246.2208401153121 246.22024785123756 246.2200663166459 246.2200160917105 246.2200020679189 246.22000940370626 246.22003875692621 246.22014485213086 246.22049099210136 246.2215094160868 246.2242085345781 246.23064243402774 246.24440840328097 246.27077222204815 246.31578585682664 246.38389474565886 246.47434142495624 246.57797903913587 246.67696877440702 246.74905872494253 246.7755327493927 246.74905872494253 246.67696877440702 246.57797903913587 246.47434142495624 246.38389474565886 246.31578585682664 246.27077222204815 246.24440840328097 246.23064243402774 246.2242085345781 246.2215094160868 246.22049099210136 246.22014485213086 246.22003875692621 246.22000940370626 246.22000109521085 246.22000498361612 246.2200205425753 246.22007677936833 246.2202602542195 246.22080007973832 246.22223077369364 246.2256411245476 246.2329379101697 246.24691230820775 246.2707722222471 246.30687399987184 246.35481614015444 246.4097502635168 246.46222073354153 246.50043271156426 246.51446552519428 246.50043271156426 246.46222073354153 246.4097502635168 246.35481614015444 246.30687399987184 246.2707722222471 246.24691230820775 246.2329379101697 246.2256411245476 246.22223077369364 246.22080007973832 246.2202602542195 246.22007677936833 246.2200205425753 246.22000498361612 246.22000052557837 246.22000239490308 246.22000987476812 246.2200369102284 246.22012511452996 246.22038463201991 246.22107242852314 246.22271193177497 246.22621981242057 246.23293791035445 246.24440840366466 246.2617640906151 246.28481195233337 246.31122116292363 246.33644598873022 246.35481614033918 246.36156232117628 246.35481614033918 246.33644598873022 246.31122116292363 246.28481195233337 246.2617640906151 246.24440840366466 246.23293791035445 246.22621981242057 246.22271193177497 246.22107242852314 246.22038463201991 246.22012511452996 246.2200369102284 246.22000987476812 246.22000239490308 246.22000022823087 246.2200010432849 246.2200043046199 246.2200160924921 246.22005455091016 246.220167704486 246.22046759423054 246.22118244260372 246.2227119319597 246.22564112491708 246.23064243459618 246.2382097782827 246.24825899681034 246.25977381461024 246.27077222261659 246.27878188833571 246.28172332586635 246.27878188833571 246.27077222261659 246.25977381461024 246.24825899681034 246.2382097782827 246.23064243459618 246.22564112491708 246.2227119319597 246.22118244260372 246.22046759423054 246.220167704486 246.22005455091016 246.2200160924921 246.2200043046199 246.2200010432849 246.22000008934162 246.22000041165361 246.2200017013441 246.22000636284207 246.22002157117097 246.22006631759803 246.220184908588 246.22046759440107 246.22107242887841 246.22223077423365 246.22420853531708 246.22720103104484 246.2311749807896 246.23572849976532 246.24007780519332 246.24324521656493 246.24440840401994 246.24324521656493 246.24007780519332 246.23572849976532 246.2311749807896 246.22720103104484 246.22420853531708 246.22223077423365 246.22107242887841 246.22046759440107 246.220184908588 246.22006631759803 246.22002157117097 246.22000636284207 246.2200017013441 246.22000041165361 246.22000003116025 246.2200001467595 246.22000060931515 246.22000228119094 246.2200077357545 246.22002378434416 246.22006631775434 246.22016770481284 246.2203846325315 246.22080008043466 246.2215094169821 246.22258269454102 246.2240079768035 246.22564112524392 246.22720103120116 246.22833704336435 246.22875422791725 246.22833704336435 246.22720103120116 246.22564112524392 246.2240079768035 246.22258269454102 246.2215094169821 246.22080008043466 246.2203846325315 246.22016770481284 246.22006631775434 246.22002378434416 246.2200077357545 246.22000228119094 246.22000060931515 246.2200001467595 246.22000000929054 246.2200000468935 246.22000019735694 246.22000074119669 246.22000251549625 246.22000773589662 246.2200215714694 246.22005455137912 246.22012511518366 246.22026025505795 246.22049099313875 246.22084011656264 246.22130374260172 246.2218349848424 246.22234240224267 246.22271193242867 246.22284763721285 246.22271193242867 246.22234240224267 246.2218349848424 246.22130374260172 246.22084011656264 246.22049099313875 246.22026025505795 246.22012511518366 246.22005455137912 246.2200215714694 246.22000773589662 246.22000251549625 246.22000074119669 246.22000019735694 246.2200000468935 246.22000000195132 246.22000001304505 246.22000005743516 246.22000021788023 246.2200007413388 246.22000228147516 246.2200063632826 246.22001609310317 246.2200369110242 246.22007678034888 246.22014485331036 246.22024785263022 246.22038463281572 246.22054136131263 246.22069106094187 246.22080008071887 246.22084011670475 246.22080008071887 246.22069106094187 246.22054136131263 246.22038463281572 246.22024785263022 246.22014485331036 246.22007678034888 246.2200369110242 246.22001609310317 246.2200063632826 246.22000228147516 246.2200007413388 246.22000021788023 246.22000005743516 246.22000001304505 246.21999999978613 246.22000000275452 246.22000001463215 246.22000005756306 246.22000019762694 246.22000060972726 246.22000170191254 246.22000430535886 246.22000987569183 246.22002054368375 246.2200387582336 246.22006631816646 246.2201029169783 246.22014485343826 246.22018490915644 246.22021408000668 246.2202247925928 246.22021408000668 246.22018490915644 246.22014485343826 246.2201029169783 246.22006631816646 246.2200387582336 246.22002054368375 246.22000987569183 246.22000430535886 246.22000170191254 246.22000060972726 246.22000019762694 246.22000005756306 246.22000001463215 246.22000000275452 246.21999999926538 246.21999999998576 246.2200000028682 246.22000001328664 246.22000004727718 246.2200001472853 246.22000041233574 246.22000104413755 246.22000239594047 246.22000498483825 246.22000940512734 246.22001609334475 246.22002497510846 246.22003515220734 246.22004487288967 246.22005195204295 246.22005455176281 246.22005195204295 246.22004487288967 246.22003515220734 246.22002497510846 246.22001609334475 246.22000940512734 246.22000498483825 246.22000239594047 246.22000104413755 246.22000041233574 246.2200001472853 246.22000004727718 246.22000001328664 246.2200000028682 246.21999999998576 246.2199999943901 246.21999999450273 246.2199999949535 246.21999999658271 246.22000000189814 246.2200000175374 246.22000005898587 246.22000015778679 246.22000036918124 246.2200007740321 246.22000146527523 246.22000251117615 246.220003900103 246.22000549159387 246.22000701171052 246.22000811874582 246.22000852528905 246.22000811874582 246.22000701171052 246.22000549159387 246.220003900103 246.22000251117615 246.22000146527523 246.2200007740321 246.22000036918124 246.22000015778679 246.22000005898587 246.2200000175374 246.22000000189814 246.21999999658271 246.2199999949535 246.21999999450273 246.21999999451694 246.21999999502876 246.2199999970767 246.22000000447895 246.220000028629 246.220000099684 246.22000028800034 246.2200007368908 246.22000169733664 246.22000353672914 246.2200066773114 246.22001142923978 246.22001773966636 246.22002497041888 246.22003187689086 246.2200369065762 246.22003875365772 246.2200369065762 246.22003187689086 246.22002497041888 246.22001773966636 246.22001142923978 246.2200066773114 246.22000353672914 246.22000169733664 246.2200007368908 246.22000028800034 246.220000099684 246.220000028629 246.22000000447895 246.2199999970767 246.21999999502876 246.21999999499613 246.21999999710513 246.2200000055441 246.2200000360462 246.22000013556053 246.22000042835475 246.2200012043442 246.22000305407332 246.22000701175315 246.22001459128148 246.22002753258272 246.22004711370855 246.2200731168902 246.22010291243083 246.22013137171857 246.22015209738913 246.2201597086013 246.22015209738913 246.22013137171857 246.22010291243083 246.2200731168902 246.22004711370855 246.22002753258272 246.22001459128148 246.22000701175315 246.22000305407332 246.2200012043442 246.22000042835475 246.22000013556053 246.2200000360462 246.2200000055441 246.21999999710513 246.2199999966822 246.2200000045642 246.22000003610304 246.22000015009806 246.22000052201145 246.2200016162668 246.2200045163604 246.22001142932504 246.220026220302 246.2200545471585 246.22010291248768 246.22017609273286 246.22027327403003 246.220384628453 246.22049098891813 246.22056844665303 246.22059689192108 246.22056844665303 246.22049098891813 246.220384628453 246.22027327403003 246.22017609273286 246.22010291248768 246.2200545471585 246.220026220302 246.22001142932504 246.2200045163604 246.2200016162668 246.22000052201145 246.22000015009806 246.22000003610304 246.2200000045642 246.22000000208288 246.22000002879952 246.22000013570263 246.2200005220967 246.22000178272327 246.2200054917786 246.22001532184944 246.22003875382825 246.22008888888277 246.22018490475108 246.22034884242902 246.22059689200634 246.22092629483402 246.22130373846636 246.22166425472813 246.2219268031571 246.22202322038967 246.2219268031571 246.22166425472813 246.22130373846636 246.22092629483402 246.22059689200634 246.22034884242902 246.22018490475108 246.22008888888277 246.22003875382825 246.22001532184944 246.2200054917786 246.22000178272327 246.2200005220967 246.22000013570263 246.22000002879952 246.2200000178074 246.2200000999398 246.22000042858213 246.22000161643734 246.22000549186387 246.22001689426662 246.22004711393592 246.22011914868148 246.22027327420057 246.22056844682356 246.22107242512675 246.2218349807923 246.22284763316276 246.22400797289552 246.22511627439263 246.22592340252453 246.22621980902417 246.22592340252453 246.22511627439263 246.22400797289552 246.22284763316276 246.2218349807923 246.22107242512675 246.22056844682356 246.22027327420057 246.22011914868148 246.22004711393592 246.22001689426662 246.22000549186387 246.22000161643734 246.22000042858213 246.2200000999398 246.22000005936957 246.22000028836982 246.22000120468525 246.22000451664462 246.2200153220484 246.2200471140496 246.22013137205963 246.22033221821215 246.2207619485774 246.22158494427495 246.22299012870897 246.22511627450632 246.2279397360305 246.23117497715162 246.23426512607688 246.23651554812884 246.237341984102 246.23651554812884 246.23426512607688 246.23117497715162 246.2279397360305 246.22511627450632 246.22299012870897 246.22158494427495 246.2207619485774 246.22033221821215 246.22013137205963 246.2200471140496 246.2200153220484 246.22000451664462 246.22000120468525 246.22000028836982 246.2200001583126 246.2200007374024 246.22000305455649 246.22001142975137 246.2200387541693 246.22011914893727 246.22033221835426 246.22084011276834 246.22192680349815 246.22400797315132 246.2275613662127 246.23293790721385 246.24007780169745 246.248258993485 246.2560732799827 246.2617640874745 246.26385395680524 246.2617640874745 246.2560732799827 246.248258993485 246.24007780169745 246.23293790721385 246.2275613662127 246.22400797315132 246.22192680349815 246.22084011276834 246.22033221835426 246.22011914893727 246.2200387541693 246.22001142975137 246.22000305455649 246.2200007374024 246.22000036984915 246.22000169799034 246.22000701237843 246.22002622087044 246.22008888936594 246.22027327459847 246.22076194886162 246.22192680364026 246.2244191265609 246.22919228481658 246.2373419843862 246.24967306995035 246.26604840304603 246.28481194933488 246.30273399910735 246.31578585421184 246.3205789651599 246.31578585421184 246.30273399910735 246.28481194933488 246.26604840304603 246.24967306995035 246.2373419843862 246.22919228481658 246.2244191265609 246.22192680364026 246.22076194886162 246.22027327459847 246.22008888936594 246.22002622087044 246.22000701237843 246.22000169799034 246.22000077485632 246.22000353753916 246.22001459206308 246.22005454788325 246.22018490539057 246.2205684473778 246.2215849447155 246.22400797344974 246.2291922849729 246.23912099009453 246.25607328028113 246.28172332283944 246.31578585436816 246.354816137497 246.3920960133851 246.41924533751833 246.42921554648046 246.41924533751833 246.3920960133851 246.354816137497 246.31578585436816 246.28172332283944 246.25607328028113 246.23912099009453 246.2291922849729 246.22400797344974 246.2215849447155 246.2205684473778 246.22018490539057 246.22005454788325 246.22001459206308 246.22000353753916 246.2200014662842 246.22000667830616 246.22002753354906 246.22010291339717 246.22034884325325 246.2210724258657 246.22299012933425 246.22756136669588 246.23734198472727 246.25607328046587 246.28805513077182 246.3364459860728 246.40070767416333 246.4743414226683 246.54467288803085 246.59589225784924 246.61470185390004 246.59589225784924 246.54467288803085 246.4743414226683 246.40070767416333 246.3364459860728 246.28805513077182 246.25607328046587 246.23734198472727 246.22756136669588 246.22299012933425 246.2210724258657 246.22034884325325 246.22010291339717 246.22002753354906 246.22000667830616 246.22000251236986 246.22001143041928 246.22004711485963 246.2201760938271 246.2205968930153 246.221834981716 246.22511627531634 246.23293790788176 246.24967307047615 246.28172332320892 246.33644598625753 246.41924533788782 246.52920053654643 246.65519183381892 246.7755327473037 246.8631718391424 246.89535606791347 246.8631718391424 246.7755327473037 246.65519183381892 246.52920053654643 246.41924533788782 246.33644598625753 246.28172332320892 246.24967307047615 246.23293790788176 246.22511627531634 246.221834981716 246.2205968930153 246.2201760938271 246.22004711485963 246.22001143041928 246.22000390149566 246.2200177410448 246.22007311824024 246.22027327532322 246.22092629604194 246.22284763428542 246.22793973703946 246.24007780256431 246.26604840377078 246.31578585492238 246.4007076745328 246.52920053674538 246.69983542596174 246.89535606811242 247.0821081152055 247.21811156848335 247.26805693147801 247.21811156848335 247.0821081152055 246.89535606811242 246.69983542596174 246.52920053674538 246.4007076745328 246.31578585492238 246.26604840377078 246.24007780256431 246.22793973703946 246.22284763428542 246.22092629604194 246.22027327532322 246.22007311824024 246.2200177410448 246.22000549318548 246.22002497199628 246.22010291397982 246.22038462994513 246.22130373987324 246.22400797421713 246.23117497835955 246.2482589945508 246.2848119502586 246.3548161382644 246.47434142326514 246.65519183421682 246.89535606831137 247.17054636196966 247.43339508276324 247.62481645821646 247.6951132767937 247.62481645821646 247.43339508276324 247.17054636196966 246.89535606831137 246.65519183421682 246.47434142326514 246.3548161382644 246.2848119502586 246.2482589945508 246.23117497835955 246.22400797421713 246.22130373987324 246.22038462994513 246.22010291397982 246.22002497199628 246.2200070135153 246.22003187868143 246.2201313734807 246.22049099062343 246.22166425634816 246.2251162759274 246.23426512749796 246.25607328124747 246.30273400023 246.39209601435144 246.54467288882665 246.77553274791478 247.08210811561761 247.4333950829764 247.76892773851804 248.01328168567008 248.10301724967485 248.01328168567008 247.76892773851804 247.4333950829764 247.08210811561761 246.77553274791478 246.54467288882665 246.39209601435144 246.30273400023 246.25607328124747 246.23426512749796 246.2251162759274 246.22166425634816 246.22049099062343 246.2201313734807 246.22003187868143 246.22000812074955 246.22003690856573 246.22015209935023 246.2205684485573 246.22192680497608 246.22592340425825 246.23651554974887 246.26176408895242 246.31578585554766 246.41924533869783 246.5958922588582 246.86317183996664 247.21811156910863 247.62481645864278 248.01328168588324 248.2961841397428 248.4000761028422 248.2961841397428 248.01328168588324 247.62481645864278 247.21811156910863 246.86317183996664 246.5958922588582 246.41924533869783 246.31578585554766 246.26176408895242 246.23651554974887 246.22592340425825 246.22192680497608 246.2205684485573 246.22015209935023 246.22003690856573 246.22000852750594 246.2200387558604 246.22015971077556 246.2205968940385 246.22202322242183 246.22621981097106 246.2373419859352 246.26385395849633 246.3205789667089 246.42921554787313 246.61470185512218 246.89535606895086 247.26805693231645 247.6951132774332 248.10301725011539 248.40007610305537 248.50916680540485 248.40007610305537 248.10301725011539 247.6951132774332 247.26805693231645 246.89535606895086 246.61470185512218 246.42921554787313 246.3205789667089 246.26385395849633 246.2373419859352 246.22621981097106 246.22202322242183 246.2205968940385 246.22015971077556 246.2200387558604 246.22000812117588 246.22003690899206 246.22015209977656 246.2205684489836 246.2219268054024 246.22592340468458 246.2365155501752 246.26176408937874 246.31578585597399 246.41924533912416 246.59589225928454 246.86317184039297 247.21811156954917 247.6248164590691 248.01328168630957 248.29618414018333 248.40007610326853 248.29618414018333 248.01328168630957 247.6248164590691 247.21811156954917 246.86317184039297 246.59589225928454 246.41924533912416 246.31578585597399 246.26176408937874 246.2365155501752 246.22592340468458 246.2219268054024 246.2205684489836 246.22015209977656 246.22003690899206 246.22000701435374 246.22003187951987 246.22013137431915 246.22049099146187 246.2216642571866 246.22511627676585 246.2342651283364 246.25607328210012 246.30273400108265 246.3920960152041 246.5446728896793 246.77553274876743 247.08210811647027 247.43339508382905 247.7689277393707 248.01328168652273 248.1030172505417 248.01328168652273 247.7689277393707 247.43339508382905 247.08210811647027 246.77553274876743 246.5446728896793 246.3920960152041 246.30273400108265 246.25607328210012 246.2342651283364 246.22511627676585 246.2216642571866 246.22049099146187 246.22013137431915 246.22003187951987 246.22000549445025 246.22002497326105 246.22010291524458 246.2203846312099 246.221303741138 246.2240079754819 246.2311749796243 246.24825899581558 246.28481195152335 246.35481613952916 246.4743414245299 246.6551918354958 246.89535606959035 247.17054636323442 247.43339508404222 247.62481645949543 247.69511327807268 247.62481645949543 247.43339508404222 247.17054636323442 246.89535606959035 246.6551918354958 246.4743414245299 246.35481613952916 246.28481195152335 246.24825899581558 246.2311749796243 246.2240079754819 246.221303741138 246.2203846312099 246.22010291524458 246.22002497326105 246.22000390315833 246.22001774270748 246.2200731199029 246.2202732769859 246.2209262977046 246.22284763594809 246.22793973870213 246.24007780422698 246.26604840543345 246.31578585659926 246.4007076762097 246.52920053842226 246.69983542763862 246.8953560697893 247.08210811688238 247.21811157017444 247.2680569331691 247.21811157017444 247.08210811688238 246.8953560697893 246.69983542763862 246.52920053842226 246.4007076762097 246.31578585659926 246.26604840543345 246.24007780422698 246.22793973870213 246.22284763594809 246.2209262977046 246.2202732769859 246.2200731199029 246.22001774270748 246.22000251443043 246.22001143247985 246.2200471169202 246.22017609588767 246.2205968950759 246.22183498377657 246.2251162773769 246.23293790994234 246.24967307253672 246.2817233252695 246.3364459883181 246.4192453399484 246.5292005386212 246.6551918358937 246.7755327493785 246.8631718412172 246.89535606998825 246.8631718412172 246.7755327493785 246.6551918358937 246.5292005386212 246.4192453399484 246.3364459883181 246.2817233252695 246.24967307253672 246.23293790994234 246.2251162773769 246.22183498377657 246.2205968950759 246.22017609588767 246.2200471169202 246.22001143247985 246.22000146872847 246.22000668075043 246.22002753599332 246.22010291584144 246.22034884569752 246.22107242830998 246.22299013177852 246.22756136914015 246.23734198717153 246.25607328291014 246.2880551332161 246.33644598851706 246.4007076766076 246.47434142512677 246.54467289048932 246.59589226030772 246.61470185635852 246.59589226030772 246.54467289048932 246.47434142512677 246.4007076766076 246.33644598851706 246.2880551332161 246.25607328291014 246.23734198717153 246.22756136914015 246.22299013177852 246.22107242830998 246.22034884569752 246.22010291584144 246.22002753599332 246.22000668075043 246.22000077767007 246.2200035403529 246.22001459487683 246.220054550697 246.22018490820432 246.22056845019154 246.22158494752924 246.2240079762635 246.22919228778665 246.23912099290828 246.25607328309488 246.2817233256532 246.3157858571819 246.35481614031076 246.39209601619885 246.41924534033208 246.4292155492942 246.41924534033208 246.39209601619885 246.35481614031076 246.3157858571819 246.2817233256532 246.25607328309488 246.23912099290828 246.22919228778665 246.2240079762635 246.22158494752924 246.22056845019154 246.22018490820432 246.220054550697 246.22001459487683 246.2200035403529 246.22000037298974 246.22000170113094 246.22000701551903 246.22002622401104 246.22008889250654 246.22027327773907 246.22076195200222 246.22192680678086 246.2244191297015 246.22919228795718 246.2373419875268 246.24967307309095 246.26604840618663 246.28481195247548 246.30273400224794 246.31578585735244 246.3205789683005 246.31578585735244 246.30273400224794 246.28481195247548 246.26604840618663 246.24967307309095 246.2373419875268 246.22919228795718 246.2244191297015 246.22192680678086 246.22076195200222 246.22027327773907 246.22008889250654 246.22002622401104 246.22000701551903 246.22000170113094 246.22000016176582 246.22000074085562 246.22000305800972 246.2200114332046 246.22003875762255 246.2201191523905 246.2203322218075 246.22084011622158 246.2219268069514 246.22400797660455 246.22756136966595 246.2329379106671 246.2400778051507 246.24825899693823 246.25607328343594 246.26176409092773 246.26385396025847 246.26176409092773 246.25607328343594 246.24825899693823 246.2400778051507 246.2329379106671 246.22756136966595 246.22400797660455 246.2219268069514 246.22084011622158 246.2203322218075 246.2201191523905 246.22003875762255 246.2200114332046 246.22000305800972 246.22000074085562 246.22000006312123 246.22000029212148 246.2200012084369 246.2200045203963 246.22001532580006 246.22004711780127 246.2201313758113 246.22033222196382 246.22076195232907 246.22158494802662 246.22299013246064 246.22511627825799 246.22793973978216 246.2311749809033 246.23426512982854 246.2365155518805 246.23734198785365 246.2365155518805 246.23426512982854 246.2311749809033 246.22793973978216 246.22511627825799 246.22299013246064 246.22158494802662 246.22076195232907 246.22033222196382 246.2201313758113 246.22004711780127 246.22001532580006 246.2200045203963 246.2200012084369 246.22000029212148 246.22000002181485 246.22000010394726 246.2200004325896 246.2200016204448 246.22000549587133 246.22001689827408 246.22004711794338 246.22011915268894 246.22027327820803 246.22056845083102 246.2210724291342 246.22183498479976 246.22284763717022 246.22400797690298 246.2251162784001 246.225923406532 246.22621981303163 246.225923406532 246.2251162784001 246.22400797690298 246.22284763717022 246.22183498479976 246.2210724291342 246.22056845083102 246.22027327820803 246.22011915268894 246.22004711794338 246.22001689827408 246.22000549587133 246.2200016204448 246.2200004325896 246.22000010394726 246.22000000631772 246.22000003303435 246.22000013993747 246.22000052633155 246.2200017869581 246.22000549601344 246.22001532608428 246.22003875806308 246.2200888931176 246.2201849089859 246.22034884666385 246.22059689624118 246.22092629906885 246.2213037427012 246.22166425896296 246.22192680739192 246.2220232246245 246.22192680739192 246.22166425896296 246.2213037427012 246.22092629906885 246.22059689624118 246.22034884666385 246.2201849089859 246.2200888931176 246.22003875806308 246.22001532608428 246.22000549601344 246.2200017869581 246.22000052633155 246.22000013993747 246.22000003303435 246.2200000011302 246.2200000090122 246.22000004055104 246.22000015454606 246.22000052645944 246.2200016207148 246.2200045208084 246.22001143377304 246.22002622475 246.2200545516065 246.22010291693567 246.22017609718085 246.22027327847803 246.220384632901 246.22049099336613 246.22056845110103 246.22059689636907 246.22056845110103 246.22049099336613 246.220384632901 246.22027327847803 246.22017609718085 246.22010291693567 246.2200545516065 246.22002622475 246.22001143377304 246.2200045208084 246.2200016207148 246.22000052645944 246.22000015454606 246.22000004055104 246.2200000090122 246.21999999962887 246.22000000173787 246.22000001017685 246.22000004067894 246.22000014019326 246.2200004329875 246.22000120897692 246.22000305870606 246.2200070163859 246.22001459591422 246.22002753721546 246.22004711834128 246.22007312152294 246.22010291706357 246.2201313763513 246.22015210202187 246.22015971323404 246.22015210202187 246.2201313763513 246.22010291706357 246.22007312152294 246.22004711834128 246.22002753721546 246.22001459591422 246.2200070163859 246.22000305870606 246.22000120897692 246.2200004329875 246.22000014019326 246.22000004067894 246.22000001017685 246.22000000173787 246.21999999927758 246.2199999997894 246.22000000183735 246.22000000923958 246.22000003338962 246.22000010444464 246.22000029276097 246.22000074165143 246.22000170209728 246.22000354148977 246.22000668207204 246.2200114340004 246.220017744427 246.2200249751795 246.2200318816515 246.22003691133685 246.22003875841835 246.22003691133685 246.2200318816515 246.2200249751795 246.220017744427 246.2200114340004 246.22000668207204 246.22000354148977 246.22000170209728 246.22000074165143 246.22000029276097 246.22000010444464 246.22000003338962 246.22000000923958 246.22000000183735 246.2199999997894 246.21999999481932 246.2199999948919 246.21999999518238 246.21999999623222 246.21999999965743 246.22000000973517 246.2200000364441 246.22000010011033 246.2200002363305 246.22000049721183 246.22000094264112 246.22000161660787 246.22000251161668 246.22000353715546 246.22000451670147 246.22000523006255 246.2200054920344 246.22000523006255 246.22000451670147 246.22000353715546 246.22000251161668 246.22000161660787 246.22000094264112 246.22000049721183 246.2200002363305 246.22000010011033 246.2200000364441 246.22000000973517 246.21999999965743 246.21999999623222 246.21999999518238 246.2199999948919 246.21999999490612 246.21999999523592 246.2199999965556 246.2200000013255 246.22000001688752 246.22000006267456 246.22000018402352 246.22000047328345 246.22000109218394 246.2200022774677 246.2200043012235 246.2200073633126 246.2200114296803 246.2200160890957 246.2200205395484 246.22002378062092 246.2200249708594 246.22002378062092 246.2200205395484 246.2200160890957 246.2200114296803 246.2200073633126 246.2200043012235 246.2200022774677 246.22000109218394 246.22000047328345 246.22000018402352 246.22000006267456 246.22000001688752 246.2200000013255 246.2199999965556 246.21999999523592 246.219999995225 246.21999999658402 246.220000002022 246.2200000216772 246.22000008580312 246.2200002744764 246.22000077451526 246.22000196645985 246.2200045167441 246.22000940090672 246.22001774013532 246.22003035799202 246.22004711414908 246.22006631405952 246.22008465290364 246.22009800829207 246.22010291287137 246.22009800829207 246.22008465290364 246.22006631405952 246.22004711414908 246.22003035799202 246.22001774013532 246.22000940090672 246.2200045167441 246.22000196645985 246.22000077451526 246.2200002744764 246.22000008580312 246.2200000216772 246.220000002022 246.21999999658402 246.21999999631748 246.22000000139656 246.22000002171984 246.22000009517694 246.22000033483374 246.22000103995956 246.22000290874718 246.22000736338364 246.22001689452242 246.22003514802935 246.22006631410216 246.220113470627 246.22017609315918 246.22024784869382 246.2203163861783 246.22036629906933 246.22038462887932 246.22036629906933 246.2203163861783 246.22024784869382 246.22017609315918 246.220113470627 246.22006631410216 246.22003514802935 246.22001689452242 246.22000736338364 246.22000290874718 246.22000103995956 246.22000033483374 246.22000009517694 246.22000002171984 246.22000000139656 246.21999999981375 246.22000001702963 246.2200000859168 246.2200003349048 246.22000114723832 246.22000353731178 246.22000987169858 246.22002497100152 246.22005727746537 246.22011914900833 246.22022478859955 246.22038462895037 246.22059689241846 246.2208401128394 246.2210724254536 246.22124160870095 246.22130373887848 246.22124160870095 246.2210724254536 246.2208401128394 246.22059689241846 246.22038462895037 246.22022478859955 246.22011914900833 246.22005727746537 246.22002497100152 246.22000987169858 246.22000353731178 246.22000114723832 246.2200003349048 246.2200000859168 246.22000001702963 246.22000000997676 246.22000006290193 246.22000027467536 246.22000104011587 246.22000353739705 246.2200108849768 246.22003035819097 246.2200767765688 246.2201760933155 246.22036629922565 246.2206910571618 246.2211824394347 246.2218349812044 246.22258269104515 246.2232968680336 246.22381697230128 246.22400797330764 246.22381697230128 246.2232968680336 246.22258269104515 246.2218349812044 246.2211824394347 246.2206910571618 246.22036629922565 246.2201760933155 246.2200767765688 246.22003035819097 246.2200108849768 246.22000353739705 246.22000104011587 246.22000027467536 246.22000006290193 246.22000003679938 246.22000018436458 246.2200007748279 246.22000290901718 246.22000987189753 246.22003035830465 246.22008465321628 246.2202140762124 246.22049098961446 246.22102131876255 246.22192680376816 246.2232968681473 246.22511627491843 246.22720102781898 246.22919228494447 246.23064243154084 246.23117497756374 246.23064243154084 246.22919228494447 246.22720102781898 246.22511627491843 246.2232968681473 246.22192680376816 246.22102131876255 246.22049098961446 246.2202140762124 246.22008465321628 246.22003035830465 246.22000987189753 246.22000290901718 246.2200007748279 246.22000018436458 246.22000010057928 246.2200004737382 246.22000196688617 246.22000736376734 246.22002497131416 246.22007677679616 246.22021407632607 246.2205413577599 246.2212416090136 246.22258269127252 246.22487245769616 246.22833704009585 246.23293790759755 246.23820977534106 246.24324521345275 246.2469123056356 246.2482589938687 246.2469123056356 246.24324521345275 246.23820977534106 246.23293790759755 246.22833704009585 246.22487245769616 246.22258269127252 246.2212416090136 246.2205413577599 246.22021407632607 246.22007677679616 246.22002497131416 246.22000736376734 246.22000196688617 246.2200004737382 246.22000023694156 246.2200010927808 246.22000451731253 246.22001689504822 246.22005727792012 246.22017609368498 246.22049098987026 246.2212416091557 246.22284763394435 246.22592340330613 246.23117497781953 246.2391209903219 246.24967307033404 246.2617640880003 246.27331285479943 246.2817233230668 246.28481194971857 246.2817233230668 246.27331285479943 246.2617640880003 246.24967307033404 246.2391209903219 246.23117497781953 246.22592340330613 246.22284763394435 246.2212416091557 246.22049098987026 246.22017609368498 246.22005727792012 246.22001689504822 246.22000451731253 246.2200010927808 246.220000497965 246.22000227820666 246.22000940161726 246.22003514869726 246.22011914960518 246.22036629973724 246.22102131916046 246.22258269155674 246.22592340344823 246.23232134908073 246.24324521373697 246.2597738119528 246.28172332320892 246.3068739975839 246.33089672926906 246.34839144762714 246.3548161378665 246.34839144762714 246.33089672926906 246.3068739975839 246.28172332320892 246.2597738119528 246.24324521373697 246.23232134908073 246.22592340344823 246.22258269155674 246.22102131916046 246.22036629973724 246.22011914960518 246.22003514869726 246.22000940161726 246.22000227820666 246.22000094356483 246.220004302133 246.2200177410164 246.2200663149406 246.22022478936694 246.2206910578439 246.2219268043366 246.2248724581509 246.23117497813217 246.2432452139075 246.26385395764368 246.29503647918426 246.33644598642806 246.3838947437404 246.42921554702048 246.4622207314241 246.47434142303777 246.4622207314241 246.42921554702048 246.3838947437404 246.33644598642806 246.29503647918426 246.26385395764368 246.2432452139075 246.23117497813217 246.2248724581509 246.2219268043366 246.2206910578439 246.22022478936694 246.2200663149406 246.2200177410164 246.220004302133 246.2200016177021 246.22000736439261 246.22003035904362 246.22011347163598 246.2203846298883 246.22118244028735 246.22329686888625 246.22833704072113 246.23912099080508 246.25977381229387 246.2950364793548 246.3483914479682 246.41924533822888 246.50043270961737 246.57797903740214 246.6344526800227 246.65519183415998 246.6344526800227 246.57797903740214 246.50043270961737 246.41924533822888 246.3483914479682 246.2950364793548 246.25977381229387 246.23912099080508 246.22833704072113 246.22329686888625 246.22118244028735 246.2203846298883 246.22011347163598 246.22003035904362 246.22000736439261 246.22000251289566 246.22001143094508 246.22004711538543 246.2201760943529 246.2205968935411 246.2218349822418 246.22511627584214 246.23293790840756 246.24967307100195 246.28172332373472 246.33644598678333 246.4192453383994 246.52920053707223 246.65519183434472 246.77553274782952 246.8631718396682 246.89535606843927 246.8631718396682 246.77553274782952 246.65519183434472 246.52920053707223 246.4192453383994 246.33644598678333 246.28172332373472 246.24967307100195 246.23293790840756 246.22511627584214 246.2218349822418 246.2205968935411 246.2201760943529 246.22004711538543 246.22001143094508 246.22000353861918 246.22001609054522 246.2200663154806 246.22024785007227 246.2208401141468 246.22258269226728 246.22720102892742 246.23820977633582 246.26176408885294 246.30687399829444 246.3838947442804 246.50043270998685 246.65519183452946 246.83252135694417 247.00189810896745 247.12524788500002 247.1705463622823 247.12524788500002 247.00189810896745 246.83252135694417 246.65519183452946 246.50043270998685 246.3838947442804 246.30687399829444 246.26176408885294 246.23820977633582 246.22720102892742 246.22258269226728 246.2208401141468 246.22024785007227 246.2200663154806 246.22001609054522 246.22000451834992 246.22002054118263 246.22008465450946 246.2203163877415 246.22107242694574 246.22329686944047 246.22919228623766 246.24324521463225 246.27331285583682 246.33089673016434 246.42921554774523 246.57797903795637 246.7755327482132 247.0018981091664 247.2181115691939 247.3755704976052 247.43339508327483 247.3755704976052 247.2181115691939 247.0018981091664 246.7755327482132 246.57797903795637 246.42921554774523 246.33089673016434 246.27331285583682 246.24324521463225 246.22919228623766 246.22329686944047 246.22107242694574 246.2203163877415 246.22008465450946 246.22002054118263 246.22000523190997 246.22002378245412 246.22009801009685 246.22036630083147 246.22124161039204 246.2238169739071 246.23064243303298 246.24691230701404 246.28172332430316 246.34839144872137 246.46222073234782 246.63445268079008 246.86317184023665 247.12524788538371 247.37557049780415 247.5578696493058 247.624816458927 247.5578696493058 247.37557049780415 247.12524788538371 246.86317184023665 246.63445268079008 246.46222073234782 246.34839144872137 246.28172332430316 246.24691230701404 246.23064243303298 246.2238169739071 246.22124161039204 246.22036630083147 246.22009801009685 246.22002378245412 246.22000549408077 246.22002497289157 246.2201029148751 246.2203846308404 246.22130374076852 246.22400797511241 246.23117497925483 246.2482589954461 246.28481195115387 246.35481613915968 246.47434142416043 246.65519183512632 246.89535606920666 247.17054636286494 247.43339508367274 247.62481645912595 247.6951132777032 247.62481645912595 247.43339508367274 247.17054636286494 246.89535606920666 246.65519183512632 246.47434142416043 246.35481613915968 246.28481195115387 246.2482589954461 246.23117497925483 246.22400797511241 246.22130374076852 246.2203846308404 246.2201029148751 246.22002497289157 246.22000523230787 246.22002378285202 246.22009801049475 246.22036630122938 246.22124161078995 246.223816974305 246.2306424334309 246.24691230741195 246.28172332470106 246.34839144911928 246.46222073274572 246.63445268117377 246.86317184063455 247.12524788578162 247.37557049820205 247.5578696497037 247.6248164593249 247.5578696497037 247.37557049820205 247.12524788578162 246.86317184063455 246.63445268117377 246.46222073274572 246.34839144911928 246.28172332470106 246.24691230741195 246.2306424334309 246.223816974305 246.22124161078995 246.22036630122938 246.22009801049475 246.22002378285202 246.22000451914573 246.22002054197844 246.22008465530527 246.2203163885373 246.22107242774155 246.22329687023628 246.22919228703347 246.24324521542806 246.27331285663263 246.33089673094594 246.42921554852683 246.57797903873796 246.7755327489948 247.001898109948 247.2181115699897 247.375570498401 247.43339508407064 247.375570498401 247.2181115699897 247.001898109948 246.7755327489948 246.57797903873796 246.42921554852683 246.33089673094594 246.27331285663263 246.24324521542806 246.22919228703347 246.22329687023628 246.22107242774155 246.2203163885373 246.22008465530527 246.22002054197844 246.22000353978447 246.2200160917105 246.2200663166459 246.22024785123756 246.2208401153121 246.22258269343257 246.22720103009271 246.2382097775011 246.26176409001823 246.30687399945973 246.3838947454457 246.50043271115214 246.65519183570896 246.83252135812367 247.00189811014695 247.1252478861653 247.17054636344758 247.1252478861653 247.00189811014695 246.83252135812367 246.65519183570896 246.50043271115214 246.3838947454457 246.30687399945973 246.26176409001823 246.2382097775011 246.22720103009271 246.22258269343257 246.2208401153121 246.22024785123756 246.2200663166459 246.2200160917105 246.22000251443043 246.22001143247985 246.2200471169202 246.22017609588767 246.2205968950759 246.22183498377657 246.2251162773769 246.23293790994234 246.24967307253672 246.2817233252695 246.3364459883181 246.4192453399484 246.5292005386212 246.6551918358937 246.7755327493785 246.8631718412172 246.89535606998825 246.8631718412172 246.7755327493785 246.6551918358937 246.5292005386212 246.4192453399484 246.3364459883181 246.2817233252695 246.24967307253672 246.23293790994234 246.2251162773769 246.22183498377657 246.2205968950759 246.22017609588767 246.2200471169202 246.22001143247985 246.22000161960636 246.22000736629687 246.22003036094787 246.22011347354024 246.22038463179254 246.2211824421916 246.2232968707905 246.22833704262538 246.23912099270933 246.25977381419813 246.29503648125905 246.34839144987245 246.41924534013313 246.50043271152163 246.5779790393064 246.63445268194116 246.65519183607844 246.63445268194116 246.5779790393064 246.50043271152163 246.41924534013313 246.34839144987245 246.29503648125905 246.25977381419813 246.23912099270933 246.22833704262538 246.2232968707905 246.2211824421916 246.22038463179254 246.22011347354024 246.22003036094787 246.22000736629687 246.22000094582435 246.22000430439252 246.22001774327592 246.22006631720012 246.22022479162646 246.22069106010343 246.22192680659612 246.22487246041044 246.2311749803917 246.24324521616703 246.2638539599032 246.2950364814438 246.3364459886876 246.38389474599992 246.42921554928 246.46222073368364 246.4743414252973 246.46222073368364 246.42921554928 246.38389474599992 246.3364459886876 246.2950364814438 246.2638539599032 246.24324521616703 246.2311749803917 246.22487246041044 246.22192680659612 246.22069106010343 246.22022479162646 246.22006631720012 246.22001774327592 246.22000430439252 246.2200005005656 246.22000228080725 246.22000940421785 246.22003515129785 246.22011915220577 246.22036630233782 246.22102132176104 246.22258269415732 246.22592340604882 246.23232135168132 246.24324521633756 246.2597738145534 246.2817233258095 246.30687400018448 246.33089673186964 246.34839145022772 246.35481614046708 246.34839145022772 246.33089673186964 246.30687400018448 246.2817233258095 246.2597738145534 246.24324521633756 246.23232135168132 246.22592340604882 246.22258269415732 246.22102132176104 246.22036630233782 246.22011915220577 246.22003515129785 246.22000940421785 246.22000228080725 246.22000023984057 246.2200010956798 246.22000452021155 246.22001689794723 246.22005728081913 246.220176096584 246.22049099276927 246.2212416120547 246.22284763684337 246.22592340620514 246.23117498071855 246.23912099322092 246.24967307323305 246.2617640908993 246.27331285769844 246.28172332596583 246.2848119526176 246.28172332596583 246.27331285769844 246.2617640908993 246.24967307323305 246.23912099322092 246.23117498071855 246.22592340620514 246.22284763684337 246.2212416120547 246.22049099276927 246.220176096584 246.22005728081913 246.22001689794723 246.22000452021155 246.2200010956798 246.22000010377673 246.22000047693564 246.22000197008362 246.22000736696478 246.2200249745116 246.2200767799936 246.22021407952352 246.22054136095736 246.22124161221103 246.22258269446996 246.2248724608936 246.2283370432933 246.232937910795 246.2382097785385 246.2432452166502 246.24691230883303 246.24825899706613 246.24691230883303 246.2432452166502 246.2382097785385 246.232937910795 246.2283370432933 246.2248724608936 246.22258269446996 246.22124161221103 246.22054136095736 246.22021407952352 246.2200767799936 246.2200249745116 246.22000736696478 246.22000197008362 246.22000047693564 246.22000004025261 246.22000018781782 246.22000077828113 246.22000291247042 246.22000987535077 246.2200303617579 246.2200846566695 246.22021407966562 246.2204909930677 246.2210213222158 246.2219268072214 246.22329687160052 246.22511627837167 246.22720103127222 246.2291922883977 246.23064243499408 246.23117498101698 246.23064243499408 246.2291922883977 246.22720103127222 246.22511627837167 246.22329687160052 246.2219268072214 246.2210213222158 246.2204909930677 246.22021407966562 246.2200846566695 246.2200303617579 246.22000987535077 246.22000291247042 246.22000077828113 246.22000018781782 246.2200000136858 246.22000006661096 246.2200002783844 246.2200010438249 246.22000354110608 246.22001088868583 246.2200303619 246.22007678027782 246.22017609702453 246.22036630293468 246.22069106087082 246.22118244314373 246.22183498491344 246.22258269475418 246.22329687174263 246.2238169760103 246.22400797701667 246.2238169760103 246.22329687174263 246.22258269475418 246.22183498491344 246.22118244314373 246.22069106087082 246.22036630293468 246.22017609702453 246.22007678027782 246.2200303619 246.22001088868583 246.22000354110608 246.2200010438249 246.2200002783844 246.22000006661096 246.22000000373595 246.22000002095183 246.220000089839 246.220000338827 246.22000115116052 246.22000354123398 246.22000987562078 246.22002497492372 246.22005728138757 246.22011915293052 246.22022479252175 246.22038463287257 246.22059689634065 246.2208401167616 246.2210724293758 246.22124161262315 246.22130374280067 246.22124161262315 246.2210724293758 246.2208401167616 246.22059689634065 246.22038463287257 246.22022479252175 246.22011915293052 246.22005728138757 246.22002497492372 246.22000987562078 246.22000354123398 246.22000115116052 246.220000338827 246.220000089839 246.22000002095183 246.22000000042442 246.2200000055035 246.22000002582678 246.22000009928388 246.22000033894068 246.2200010440665 246.2200029128541 246.22000736749058 246.22001689862935 246.2200351521363 246.2200663182091 246.22011347473395 246.22017609726612 246.22024785280075 246.22031639028523 246.22036630317626 246.22038463298625 246.22036630317626 246.22031639028523 246.22024785280075 246.22017609726612 246.22011347473395 246.2200663182091 246.2200351521363 246.22001689862935 246.22000736749058 246.2200029128541 246.2200010440665 246.22000033894068 246.22000009928388 246.22000002582678 246.2200000055035 246.21999999948827 246.22000000084728 246.22000000628526 246.22000002594046 246.22000009006638 246.22000027873966 246.2200007787785 246.2200019707231 246.22000452100735 246.22000940516998 246.22001774439858 246.22003036225527 246.22004711841234 246.22006631832278 246.2200846571669 246.22009801255533 246.22010291713462 246.22009801255533 246.2200846571669 246.22006631832278 246.22004711841234 246.22003036225527 246.22001774439858 246.22000940516998 246.22000452100735 246.2200019707231 246.2200007787785 246.22000027873966 246.22000009006638 246.22000002594046 246.22000000628526 246.22000000084728 246.21999999929727 246.21999999962708 246.22000000094675 246.22000000571666 246.22000002127868 246.2200000670657 246.22000018841467 246.2200004776746 246.2200010965751 246.22000228185885 246.22000430561465 246.22000736770374 246.22001143407147 246.22001609348686 246.22002054393954 246.22002378501207 246.22002497525057 246.22002378501207 246.22002054393954 246.22001609348686 246.22001143407147 246.22000736770374 246.22000430561465 246.22000228185885 246.2200010965751 246.2200004776746 246.22000018841467 246.2200000670657 246.22000002127868 246.22000000571666 246.22000000094675 246.21999999962708 246.2199999952229 246.21999999526534 246.2199999954351 246.21999999604867 246.21999999805047 246.22000000394027 246.2200000195499 246.2200000567587 246.22000013637054 246.22000028883878 246.22000054916333 246.22000094305324 246.22000146612788 246.22000206548884 246.22000263797 246.22000305488334 246.2200032079889 246.22000305488334 246.22000263797 246.22000206548884 246.22000146612788 246.22000094305324 246.22000054916333 246.22000028883878 246.22000013637054 246.2200000567587 246.2200000195499 246.22000000394027 246.21999999805047 246.21999999604867 246.2199999954351 246.21999999526534 246.21999999527955 246.2199999954723 246.21999999624356 246.21999999903127 246.22000000812625 246.22000003488583 246.2200001058064 246.2200002748601 246.22000063656733 246.2200013292889 246.220002512043 246.2200043016356 246.22000667816405 246.2200094012904 246.22001200229158 246.22001389648844 246.2200145921057 246.22001389648844 246.22001200229158 246.2200094012904 246.22000667816405 246.2200043016356 246.220002512043 246.2200013292889 246.22000063656733 246.2200002748601 246.2200001058064 246.22000003488583 246.22000000812625 246.21999999903127 246.21999999624356 246.2199999954723 246.21999999547774 246.21999999627198 246.21999999945012 246.22000001093733 246.22000004841476 246.22000015868207 246.22000045092238 246.22000114753675 246.22000263801263 246.22000549248915 246.22001036622785 246.22001774054743 246.22002753343537 246.2200387545388 246.22004947240475 246.2200572777638 246.22006014417258 246.2200572777638 246.22004947240475 246.2200387545388 246.22002753343537 246.22001774054743 246.22001036622785 246.22000549248915 246.22000263801263 246.22000114753675 246.22000045092238 246.22000015868207 246.22000004841476 246.22000001093733 246.21999999945012 246.21999999627198 246.21999999613394 246.21999999910233 246.22000001097996 246.22000005391087 246.22000019397476 246.22000060607508 246.22000169826035 246.22000430170667 246.22000987203964 246.22002054003156 246.22003875458142 246.22006631451427 246.22010291332612 246.22014484978607 246.22018490550425 246.2202140763545 246.2202247889406 246.2202140763545 246.22018490550425 246.22014484978607 246.22010291332612 246.22006631451427 246.22003875458142 246.22002054003156 246.22000987203964 246.22000430170667 246.22000169826035 246.22000060607508 246.22000019397476 246.22000005391087 246.22000001097996 246.21999999910233 246.2199999982068 246.22000000826836 246.22000004852845 246.2200001940458 246.2200006688021 246.22000206564516 246.22000576768374 246.22001459224782 246.22003347328234 246.2200696331897 246.2201313726849 246.22022478901167 246.22034884325325 246.22049098982762 246.22062676149585 246.22072563814018 246.22076194920268 246.22072563814018 246.22062676149585 246.22049098982762 246.22034884325325 246.22022478901167 246.2201313726849 246.2200696331897 246.22003347328234 246.22001459224782 246.22000576768374 246.22000206564516 246.2200006688021 246.2200001940458 246.22000004852845 246.22000000826836 246.22000000416764 246.220000035099 246.2200001588668 246.22000060621718 246.22000206571622 246.22000635990042 246.22001774073217 246.2200448692659 246.22010291346822 246.2202140764966 246.22040387646467 246.2206910575597 246.22107242593677 246.22150941388412 246.22192680405237 246.222230771292 246.2223423990026 246.222230771292 246.22192680405237 246.22150941388412 246.22107242593677 246.2206910575597 246.22040387646467 246.2202140764966 246.22010291346822 246.2200448692659 246.22001774073217 246.22000635990042 246.22000206571622 246.22000060621718 246.2200001588668 246.220000035099 246.22000001987675 246.22000010611904 246.2200004512066 246.22000169850193 246.22000576785427 246.22001774083165 246.22004947268897 246.22012511204306 246.2202869499815 246.2205968930011 246.22112609030785 246.22192680415185 246.22299012950478 246.2242085324749 246.22537229322336 246.22621980993367 246.22653104857295 246.22621980993367 246.22537229322336 246.2242085324749 246.22299012950478 246.22192680415185 246.22112609030785 246.2205968930011 246.2202869499815 246.22012511204306 246.22004947268897 246.22001774083165 246.22000576785427 246.22000169850193 246.2200004512066 246.22000010611904 246.22000005719923 246.22000027528642 246.22000114793465 246.22000430206194 246.22001459253204 246.22004486947907 246.22012511215675 246.22031638694568 246.2207256384244 246.22150941409728 246.22284763418594 246.22487245807986 246.2275613669801 246.23064243203822 246.2335853192981 246.23572849703683 246.23651554903833 246.23572849703683 246.2335853192981 246.23064243203822 246.2275613669801 246.22487245807986 246.22284763418594 246.22150941409728 246.2207256384244 246.22031638694568 246.22012511215675 246.22004486947907 246.22001459253204 246.22000430206194 246.22000114793465 246.22000027528642 246.22000013693898 246.22000063712156 246.22000263853843 246.2200098725228 246.22003347369446 246.22010291380928 246.22028695022308 246.2207256385523 246.22166425596447 246.22346184383437 246.22653104881454 246.23117497818902 246.23734198513938 246.24440840141935 246.25115790720747 246.25607328087798 246.25787838300067 246.25607328087798 246.25115790720747 246.24440840141935 246.23734198513938 246.23117497818902 246.22653104881454 246.22346184383437 246.22166425596447 246.2207256385523 246.22028695022308 246.22010291380928 246.22003347369446 246.2200098725228 246.22000263853843 246.22000063712156 246.22000028954932 246.22000132998522 246.22000549315706 246.22002054065683 246.22006963374392 246.22021407697977 246.2205968933848 246.2215094143673 246.22346184397648 246.22720102858636 246.2335853195681 246.24324521410645 246.2560732810201 246.27077222032864 246.28481195023016 246.2950364793832 246.29879129448267 246.2950364793832 246.28481195023016 246.27077222032864 246.2560732810201 246.24324521410645 246.2335853195681 246.22720102858636 246.22346184397648 246.2215094143673 246.2205968933848 246.22021407697977 246.22006963374392 246.22002054065683 246.22000549315706 246.22000132998522 246.22000055001598 246.22000251288145 246.22001036703787 246.2200387553488 246.22013137338124 246.22040387708995 246.22112609083365 246.22284763459805 246.22653104909875 246.23358531971022 246.24562979489554 246.26385395798474 246.28805513146816 246.31578585524923 246.34227292779835 246.36156231921518 246.36864607799438 246.36156231921518 246.34227292779835 246.31578585524923 246.28805513146816 246.26385395798474 246.24562979489554 246.23358531971022 246.22653104909875 246.22284763459805 246.22112609083365 246.22040387708995 246.22013137338124 246.2200387553488 246.22001036703787 246.22000251288145 246.2200009440622 246.22000430263037 246.22001774151377 246.22006631543798 246.22022478986432 246.2206910583413 246.22192680483397 246.2248724586483 246.23117497862955 246.24324521440488 246.26385395814106 246.29503647968164 246.33644598692544 246.38389474423778 246.42921554751786 246.4622207319215 246.47434142353515 246.4622207319215 246.42921554751786 246.38389474423778 246.33644598692544 246.29503647968164 246.26385395814106 246.24324521440488 246.23117497862955 246.2248724586483 246.22192680483397 246.2206910583413 246.22022478986432 246.22006631543798 246.22001774151377 246.22000430263037 246.22000146730738 246.22000667932934 246.22002753457224 246.22010291442035 246.22034884427643 246.2210724268889 246.22299013035743 246.22756136771906 246.23734198575045 246.25607328148905 246.288055131795 246.33644598709597 246.4007076751865 246.47434142370568 246.54467288906824 246.59589225888664 246.61470185493744 246.59589225888664 246.54467288906824 246.47434142370568 246.4007076751865 246.33644598709597 246.288055131795 246.25607328148905 246.23734198575045 246.22756136771906 246.22299013035743 246.2210724268889 246.22034884427643 246.22010291442035 246.22002753457224 246.22000667932934 246.22000206683887 246.22000940262623 246.2200387558462 246.22014485105083 246.22049099102134 246.22150941500678 246.22420853349809 246.23064243294772 246.24440840220095 246.27077222096813 246.3157858557466 246.38389474457884 246.4743414238762 246.57797903807005 246.6769687733412 246.74905872387671 246.77553274831268 246.74905872387671 246.6769687733412 246.57797903807005 246.4743414238762 246.38389474457884 246.3157858557466 246.27077222096813 246.24440840220095 246.23064243294772 246.22420853349809 246.22150941500678 246.22049099102134 246.22014485105083 246.2200387558462 246.22000940262623 246.22000263949056 246.22001200379793 246.22004947388268 246.22018490693955 246.2206267628601 246.22192680534556 246.22537229441707 246.23358532037813 246.2511579081596 246.28481195104018 246.34227292846626 246.42921554802945 246.5446728894093 246.67696877351173 246.80333152941492 246.89535606910718 246.9291507921682 246.89535606910718 246.80333152941492 246.67696877351173 246.5446728894093 246.42921554802945 246.34227292846626 246.28481195104018 246.2511579081596 246.23358532037813 246.22537229441707 246.22192680534556 246.2206267628601 246.22018490693955 246.22004947388268 246.22001200379793 246.22000305658864 246.22001389817953 246.22005727942647 246.22021407797453 246.22072563968916 246.22223077276993 246.22621981131212 246.2357284983016 246.25607328201485 246.29503648037797 246.36156232006783 246.46222073261782 246.59589225941244 246.749058724232 246.8953560692777 247.00189810962115 247.0410241814255 247.00189810962115 246.8953560692777 246.749058724232 246.59589225941244 246.46222073261782 246.36156232006783 246.29503648037797 246.25607328201485 246.2357284983016 246.22621981131212 246.22223077276993 246.22072563968916 246.22021407797453 246.22005727942647 246.22001389817953 246.22000320987894 246.22001459398155 246.22006014602 246.2202247907454 246.2207619509364 246.22234240066527 246.22653105013615 246.23651555048784 246.25787838432228 246.29879129566217 246.36864607903178 246.47434142441622 246.61470185564798 246.7755327488527 246.92915079252347 247.04102418161025 247.08210811655553 247.04102418161025 246.92915079252347 246.7755327488527 246.61470185564798 246.47434142441622 246.36864607903178 246.29879129566217 246.25787838432228 246.23651555048784 246.22653105013615 246.22234240066527 246.2207619509364 246.2202247907454 246.22006014602 246.22001459398155 246.22000305695812 246.220013898549 246.22005727979595 246.22021407834401 246.22072564005865 246.22223077313942 246.2262198116816 246.23572849867108 246.25607328238434 246.29503648074746 246.3615623204231 246.4622207329731 246.5958922597677 246.74905872458726 246.8953560696472 247.00189810999063 247.041024181795 247.00189810999063 246.8953560696472 246.74905872458726 246.5958922597677 246.4622207329731 246.3615623204231 246.29503648074746 246.25607328238434 246.23572849867108 246.2262198116816 246.22223077313942 246.22072564005865 246.22021407834401 246.22005727979595 246.220013898549 246.2200026402153 246.2200120045227 246.22004947460744 246.2201849076643 246.22062676358485 246.22192680607031 246.22537229514182 246.23358532110288 246.25115790888435 246.28481195176494 246.342272929191 246.4292155487542 246.54467289013405 246.67696877423649 246.80333153013967 246.89535606983193 246.92915079289295 246.89535606983193 246.80333153013967 246.67696877423649 246.54467289013405 246.4292155487542 246.342272929191 246.28481195176494 246.25115790888435 246.23358532110288 246.22537229514182 246.22192680607031 246.22062676358485 246.2201849076643 246.22004947460744 246.2200120045227 246.2200020679189 246.22000940370626 246.22003875692621 246.22014485213086 246.22049099210136 246.2215094160868 246.2242085345781 246.23064243402774 246.24440840328097 246.27077222204815 246.31578585682664 246.38389474565886 246.47434142495624 246.57797903913587 246.67696877440702 246.74905872494253 246.7755327493927 246.74905872494253 246.67696877440702 246.57797903913587 246.47434142495624 246.38389474565886 246.31578585682664 246.27077222204815 246.24440840328097 246.23064243402774 246.2242085345781 246.2215094160868 246.22049099210136 246.22014485213086 246.22003875692621 246.22000940370626 246.22000146872847 246.22000668075043 246.22002753599332 246.22010291584144 246.22034884569752 246.22107242830998 246.22299013177852 246.22756136914015 246.23734198717153 246.25607328291014 246.2880551332161 246.33644598851706 246.4007076766076 246.47434142512677 246.54467289048932 246.59589226030772 246.61470185635852 246.59589226030772 246.54467289048932 246.47434142512677 246.4007076766076 246.33644598851706 246.2880551332161 246.25607328291014 246.23734198717153 246.22756136914015 246.22299013177852 246.22107242830998 246.22034884569752 246.22010291584144 246.22002753599332 246.22000668075043 246.22000094582435 246.22000430439252 246.22001774327592 246.22006631720012 246.22022479162646 246.22069106010343 246.22192680659612 246.22487246041044 246.2311749803917 246.24324521616703 246.2638539599032 246.2950364814438 246.3364459886876 246.38389474599992 246.42921554928 246.46222073368364 246.4743414252973 246.46222073368364 246.42921554928 246.38389474599992 246.3364459886876 246.2950364814438 246.2638539599032 246.24324521616703 246.2311749803917 246.22487246041044 246.22192680659612 246.22069106010343 246.22022479162646 246.22006631720012 246.22001774327592 246.22000430439252 246.22000055209077 246.22000251495624 246.22001036911266 246.2200387574236 246.22013137545602 246.22040387916473 246.22112609290843 246.22284763667284 246.22653105117354 246.233585321785 246.24562979697032 246.26385396005952 246.28805513354294 246.31578585732402 246.34227292987313 246.36156232128997 246.36864608006917 246.36156232128997 246.34227292987313 246.31578585732402 246.28805513354294 246.26385396005952 246.24562979697032 246.233585321785 246.22653105117354 246.22284763667284 246.22112609290843 246.22040387916473 246.22013137545602 246.2200387574236 246.22001036911266 246.22000251495624 246.22000029192253 246.22000133235844 246.22000549553027 246.22002054303005 246.22006963611713 246.22021407935298 246.220596895758 246.2215094167405 246.2234618463497 246.22720103095958 246.23358532194132 246.24324521647966 246.2560732833933 246.27077222270185 246.28481195260338 246.29503648175643 246.29879129685588 246.29503648175643 246.28481195260338 246.27077222270185 246.2560732833933 246.24324521647966 246.23358532194132 246.22720103095958 246.2234618463497 246.2215094167405 246.220596895758 246.22021407935298 246.22006963611713 246.22002054303005 246.22000549553027 246.22000133235844 246.22000013961062 246.2200006397932 246.22000264121007 246.22000987519445 246.2200334763661 246.22010291648093 246.22028695289472 246.22072564122394 246.2216642586361 246.223461846506 246.22653105148618 246.23117498086066 246.23734198781102 246.244408404091 246.2511579098791 246.25607328354963 246.2578783856723 246.25607328354963 246.2511579098791 246.244408404091 246.23734198781102 246.23117498086066 246.22653105148618 246.223461846506 246.2216642586361 246.22072564122394 246.22028695289472 246.22010291648093 246.2200334763661 246.22000987519445 246.22000264121007 246.2200006397932 246.22000006014088 246.22000027822807 246.2200011508763 246.22000430500358 246.22001459547369 246.22004487242071 246.2201251150984 246.22031638988733 246.22072564136604 246.22150941703893 246.2228476371276 246.2248724610215 246.22756136992174 246.23064243497987 246.23358532223975 246.23572849997848 246.23651555197998 246.23572849997848 246.23358532223975 246.23064243497987 246.22756136992174 246.2248724610215 246.2228476371276 246.22150941703893 246.22072564136604 246.22031638988733 246.2201251150984 246.22004487242071 246.22001459547369 246.22000430500358 246.2200011508763 246.22000027822807 246.22000002305998 246.22000010930228 246.22000045438983 246.22000170168516 246.2200057710375 246.22001774401488 246.2200494758722 246.2201251152263 246.22028695316473 246.22059689618433 246.22112609349108 246.22192680733508 246.222990132688 246.22420853565814 246.2253722964066 246.2262198131169 246.22653105175618 246.2262198131169 246.2253722964066 246.22420853565814 246.222990132688 246.22192680733508 246.22112609349108 246.22059689618433 246.22028695316473 246.2201251152263 246.2200494758722 246.22001774401488 246.2200057710375 246.22000170168516 246.22000045438983 246.22000010930228 246.22000000757825 246.2200000385096 246.22000016227742 246.2200006096278 246.22000206912682 246.22000636331103 246.22001774414278 246.2200448726765 246.22010291687883 246.2202140799072 246.22040387987528 246.2206910609703 246.22107242934737 246.22150941729473 246.22192680746298 246.2222307747026 246.2223424024132 246.2222307747026 246.22192680746298 246.22150941729473 246.22107242934737 246.2206910609703 246.22040387987528 246.2202140799072 246.22010291687883 246.2200448726765 246.22001774414278 246.22000636331103 246.22000206912682 246.2200006096278 246.22000016227742 246.2200000385096 246.22000000180213 246.2200000118637 246.2200000521238 246.22000019764116 246.22000067239745 246.2200020692405 246.2200057712791 246.22001459584317 246.2200334768777 246.22006963678504 246.22013137628025 246.220224792607 246.2203488468486 246.22049099342297 246.2206267650912 246.22072564173553 246.22076195279803 246.22072564173553 246.2206267650912 246.22049099342297 246.2203488468486 246.220224792607 246.22013137628025 246.22006963678504 246.2200334768777 246.22001459584317 246.2200057712791 246.2200020692405 246.22000067239745 246.22000019764116 246.2200000521238 246.2200000118637 246.21999999991402 246.22000000288241 246.22000001476005 246.22000005769095 246.22000019775484 246.22000060985516 246.22000170204043 246.22000430548675 246.22000987581973 246.22002054381164 246.2200387583615 246.22006631829436 246.2201029171062 246.22014485356615 246.22018490928434 246.22021408013458 246.2202247927207 246.22021408013458 246.22018490928434 246.22014485356615 246.2201029171062 246.22006631829436 246.2200387583615 246.22002054381164 246.22000987581973 246.22000430548675 246.22000170204043 246.22000060985516 246.22000019775484 246.22000005769095 246.22000001476005 246.22000000288241 246.21999999939993 246.22000000019418 246.22000000337232 246.22000001485952 246.22000005233696 246.22000016260426 246.22000045484458 246.22000115145894 246.22000264193483 246.22000549641135 246.22001037015005 246.22001774446963 246.22002753735757 246.220038758461 246.22004947632695 246.220057281686 246.22006014809477 246.220057281686 246.22004947632695 246.220038758461 246.22002753735757 246.22001774446963 246.22001037015005 246.22000549641135 246.22000264193483 246.22000115145894 246.22000045484458 246.22000016260426 246.22000005233696 246.22000001485952 246.22000000337232 246.22000000019418 246.21999999931543 246.2199999995082 246.22000000027944 246.22000000306716 246.22000001216213 246.2200000389217 246.2200001098423 246.22000027889598 246.22000064060322 246.22000133332477 246.2200025160789 246.2200043056715 246.22000668219994 246.2200094053263 246.22001200632747 246.22001390052432 246.2200145961416 246.22001390052432 246.22001200632747 246.2200094053263 246.22000668219994 246.2200043056715 246.2200025160789 246.22000133332477 246.22000064060322 246.22000027889598 246.2200001098423 246.2200000389217 246.22000001216213 246.22000000306716 246.22000000027944 246.2199999995082 246.2199999956294 246.2199999956519 246.21999999574186 246.2199999960671 246.21999999712818 246.2200000002501 246.22000000852415 246.22000002824703 246.22000007044608 246.22000015126335 246.2200002892509 246.22000049803606 246.22000077529685 246.22000109299395 246.22000139644314 246.2200016174321 246.2200016985872 246.2200016174321 246.22000139644314 246.22000109299395 246.22000077529685 246.22000049803606 246.2200002892509 246.22000015126335 246.22000007044608 246.22000002824703 246.22000000852415 246.2200000002501 246.21999999712818 246.2199999960671 246.21999999574186 246.2199999956519 246.2199999956519 246.21999999575405 246.21999999616287 246.2199999976405 246.2200000024614 246.22000001664557 246.22000005423772 246.22000014384628 246.2200003355727 246.2200007027565 246.2200013296868 246.22000227827772 246.2200035379797 246.22000498139923 246.22000636008516 246.2200073641226 246.22000773284128 246.2200073641226 246.22000636008516 246.22000498139923 246.2200035379797 246.22000227827772 246.2200013296868 246.2200007027565 246.2200003355727 246.22000014384628 246.22000005423772 246.22000001664557 246.2200000024614 246.2199999976405 246.21999999616287 246.21999999575405 246.21999999577028 246.2199999961913 246.2199999978759 246.2200000039648 246.2200000238301 246.22000008227835 246.22000023718314 246.22000060643035 246.22000139647156 246.22000290951456 246.22000549288705 246.22000940171674 246.22001459253204 246.22002054038683 246.22002622149571 246.22003035880203 246.22003187816983 246.22003035880203 246.22002622149571 246.22002054038683 246.22001459253204 246.22000940171674 246.22000549288705 246.22000290951456 246.22000139647156 246.22000060643035 246.22000023718314 246.22000008227835 246.2200000238301 246.2200000039648 246.2199999978759 246.2199999961913 246.21999999613814 246.21999999771157 246.22000000400743 246.2200000267634 246.2200001010056 246.2200003194434 246.22000089836678 246.22000227834877 246.22000523095784 246.2200108856305 246.22002054042946 246.22003514883937 246.22005454839484 246.2200767772225 246.22009800914472 246.22011347143703 246.2201191497473 246.22011347143703 246.22009800914472 246.2200767772225 246.22005454839484 246.22003514883937 246.22002054042946 246.2200108856305 246.22000523095784 246.22000227834877 246.22000089836678 246.2200003194434 246.2200001010056 246.2200000267634 246.22000000400743 246.21999999771157 246.21999999725608 246.2200000025893 246.22000002392957 246.22000010106245 246.22000035271162 246.22000109312185 246.22000305542335 246.22000773296918 246.2200177410448 246.22003690795466 246.2200696335734 246.22011914980413 246.220184905959 246.22026025213052 246.22033221922112 246.22038462974618 246.2204038767773 246.22038462974618 246.22033221922112 246.22026025213052 246.220184905959 246.22011914980413 246.2200696335734 246.22003690795466 246.2200177410448 246.22000773296918 246.22000305542335 246.22000109312185 246.22000035271162 246.22000010106245 246.22000002392957 246.2200000025893 246.22000000044906 246.22000001684452 246.22000008244888 246.22000031957128 246.2200010931929 246.22000336936694 246.22000940188727 246.2200237816299 246.22005454852274 246.22011347156493 246.2202140768803 246.22036630000724 246.22056844801727 246.22080007772038 246.22102131943046 246.2211824402163 246.2212416095678 246.2211824402163 246.22102131943046 246.22080007772038 246.22056844801727 246.22036630000724 246.2202140768803 246.22011347156493 246.22005454852274 246.2200237816299 246.22000940188727 246.22000336936694 246.2200010931929 246.22000031957128 246.22000008244888 246.22000001684452 246.22000000882258 246.22000005453614 246.22000023745315 246.22000089859415 246.22000305559388 246.22000940198674 246.22002622176572 246.22006631513955 246.2201520989097 246.2203163872157 246.2205968933848 246.22102131952994 246.22158494545445 246.22223077177517 246.22284763445595 246.22329686891467 246.22346184397648 246.22329686891467 246.22284763445595 246.22223077177517 246.22158494545445 246.22102131952994 246.2205968933848 246.2203163872157 246.2201520989097 246.22006631513955 246.22002622176572 246.22000940198674 246.22000305559388 246.22000089859415 246.22000023745315 246.22000005453614 246.22000002864493 246.22000014424418 246.22000060679983 246.22000227867562 246.22000773323919 246.22002378182884 246.22006631523902 246.22016770229752 246.22038463001618 246.22080007791934 246.22150941446677 246.2225826920257 246.22400797428818 246.2256411227286 246.22720102868584 246.22833704084903 246.22875422540193 246.22833704084903 246.22720102868584 246.2256411227286 246.22400797428818 246.2225826920257 246.22150941446677 246.22080007791934 246.22038463001618 246.22016770229752 246.22006631523902 246.22002378182884 246.22000773323919 246.22000227867562 246.22000060679983 246.22000014424418 246.22000007095767 246.2200003360843 246.22000139695473 246.22000523139837 246.2200177414285 246.22005454883538 246.22015209912286 246.22038463012987 246.2208821533999 246.22183498229865 246.22346184418964 246.22592340403088 246.22919228592502 246.2329379084644 246.2365155495215 246.23912099104666 246.240077802948 246.23912099104666 246.2365155495215 246.2329379084644 246.22919228592502 246.22592340403088 246.22346184418964 246.22183498229865 246.2208821533999 246.22038463012987 246.22015209912286 246.22005454883538 246.2200177414285 246.22000523139837 246.22000139695473 246.2200003360843 246.22000015190284 246.22000070339598 246.22000291012563 246.22001088619893 246.22003690846626 246.22011347200547 246.22031638755675 246.22080007816092 246.22183498242654 246.2238169735234 246.22720102892742 246.23232134979128 246.23912099117456 246.24691230663035 246.25435420174136 246.25977381266335 246.26176408885294 246.25977381266335 246.25435420174136 246.24691230663035 246.23912099117456 246.23232134979128 246.22720102892742 246.2238169735234 246.22183498242654 246.22080007816092 246.22031638755675 246.22011347200547 246.22003690846626 246.22001088619893 246.22000291012563 246.22000070339598 246.22000029001828 246.22000133045418 246.22000549362602 246.2200205411258 246.22006963421288 246.22021407744873 246.22059689385375 246.22150941483625 246.22346184444544 246.22720102905532 246.23358532003707 246.2432452145754 246.25607328148905 246.2707722207976 246.28481195069912 246.29503647985217 246.29879129495163 246.29503647985217 246.28481195069912 246.2707722207976 246.25607328148905 246.2432452145754 246.23358532003707 246.22720102905532 246.22346184444544 246.22150941483625 246.22059689385375 246.22021407744873 246.22006963421288 246.2200205411258 246.22000549362602 246.22000133045418 246.22000049895976 246.22000227920142 246.22000940261202 246.22003514969202 246.22011915059994 246.220366300732 246.22102132015522 246.2225826925515 246.225923404443 246.2323213500755 246.24324521473173 246.25977381294757 246.28172332420368 246.30687399857865 246.3308967302496 246.34839144860769 246.35481613884704 246.34839144860769 246.3308967302496 246.30687399857865 246.28172332420368 246.25977381294757 246.24324521473173 246.2323213500755 246.225923404443 246.2225826925515 246.22102132015522 246.220366300732 246.22011915059994 246.22003514969202 246.22000940261202 246.22000227920142 246.22000077636267 246.2200035390455 246.22001459356943 246.2200545493896 246.22018490689692 246.22056844888414 246.22158494622184 246.2240079749561 246.22919228647925 246.23912099160088 246.25607328178748 246.2817233243458 246.3157858558745 246.35481613900336 246.39209601489145 246.41924533902468 246.42921554798681 246.41924533902468 246.39209601489145 246.35481613900336 246.3157858558745 246.2817233243458 246.25607328178748 246.23912099160088 246.22919228647925 246.2240079749561 246.22158494622184 246.22056844888414 246.22018490689692 246.2200545493896 246.22001459356943 246.2200035390455 246.2200010942161 246.22000498262136 246.22002054158054 246.22007677837357 246.22026025322475 246.22080007874357 246.22223077269888 246.22564112355283 246.23293790917495 246.246912307213 246.27077222125234 246.30687399887708 246.35481613915968 246.40975026252204 246.46222073254677 246.5004327105695 246.51446552419952 246.5004327105695 246.46222073254677 246.40975026252204 246.35481613915968 246.30687399887708 246.27077222125234 246.246912307213 246.23293790917495 246.22564112355283 246.22223077269888 246.22080007874357 246.22026025322475 246.22007677837357 246.22002054158054 246.22000498262136 246.2200013978358 246.22000636147783 246.22002622285996 246.22009801046633 246.2203322204859 246.22102132062417 246.22284763555018 246.2272010296806 246.23651555040257 246.25435420249454 246.2848119513244 246.33089673073277 246.3920960152183 246.4622207327173 246.52920053802436 246.5779790385106 246.5958922594977 246.5779790385106 246.52920053802436 246.4622207327173 246.3920960152183 246.33089673073277 246.2848119513244 246.25435420249454 246.23651555040257 246.2272010296806 246.22284763555018 246.22102132062417 246.2203322204859 246.22009801046633 246.22002622285996 246.22000636147783 246.2200016189811 246.2200073656716 246.2200303603226 246.22011347291496 246.22038463116726 246.22118244156633 246.22329687016523 246.2283370420001 246.23912099208405 246.25977381357285 246.29503648063377 246.34839144924717 246.41924533950785 246.50043271089635 246.57797903868112 246.63445268131588 246.65519183545317 246.63445268131588 246.57797903868112 246.50043271089635 246.41924533950785 246.34839144924717 246.29503648063377 246.25977381357285 246.23912099208405 246.2283370420001 246.22329687016523 246.22118244156633 246.22038463116726 246.22011347291496 246.2200303603226 246.2200073656716 246.2200017003067 246.2200077345608 246.22003187986093 246.22011915139575 246.22040387836893 246.22124161108837 246.22346184539757 246.22875422672354 246.24007780415593 246.26176408993297 246.29879129590375 246.35481613965706 246.4292155486405 246.5144655246969 246.59589225983876 246.6551918356237 246.6769687741228 246.6551918356237 246.59589225983876 246.5144655246969 246.4292155486405 246.35481613965706 246.29879129590375 246.26176408993297 246.24007780415593 246.22875422672354 246.22346184539757 246.22124161108837 246.22040387836893 246.22011915139575 246.22003187986093 246.2200077345608 246.22000161932215 246.22000736601265 246.22003036066366 246.22011347325602 246.22038463150832 246.2211824419074 246.2232968705063 246.22833704234117 246.23912099242511 246.2597738139139 246.29503648097483 246.34839144958823 246.4192453398489 246.5004327112232 246.57797903900797 246.63445268164273 246.65519183578002 246.63445268164273 246.57797903900797 246.5004327112232 246.4192453398489 246.34839144958823 246.29503648097483 246.2597738139139 246.23912099242511 246.22833704234117 246.2232968705063 246.2211824419074 246.22038463150832 246.22011347325602 246.22003036066366 246.22000736601265 246.2200013984895 246.22000636213153 246.22002622351366 246.22009801112003 246.22033222113959 246.22102132127787 246.22284763620388 246.2272010303343 246.23651555105627 246.25435420314824 246.2848119519781 246.33089673138647 246.392096015872 246.462220733371 246.52920053867805 246.5779790391785 246.5958922601656 246.5779790391785 246.52920053867805 246.462220733371 246.392096015872 246.33089673138647 246.2848119519781 246.25435420314824 246.23651555105627 246.2272010303343 246.22284763620388 246.22102132127787 246.22033222113959 246.22009801112003 246.22002622351366 246.22000636213153 246.22000109521085 246.22000498361612 246.2200205425753 246.22007677936833 246.2202602542195 246.22080007973832 246.22223077369364 246.2256411245476 246.2329379101697 246.24691230820775 246.2707722222471 246.30687399987184 246.35481614015444 246.4097502635168 246.46222073354153 246.50043271156426 246.51446552519428 246.50043271156426 246.46222073354153 246.4097502635168 246.35481614015444 246.30687399987184 246.2707722222471 246.24691230820775 246.2329379101697 246.2256411245476 246.22223077369364 246.22080007973832 246.2202602542195 246.22007677936833 246.2200205425753 246.22000498361612 246.22000077767007 246.2200035403529 246.22001459487683 246.220054550697 246.22018490820432 246.22056845019154 246.22158494752924 246.2240079762635 246.22919228778665 246.23912099290828 246.25607328309488 246.2817233256532 246.3157858571819 246.35481614031076 246.39209601619885 246.41924534033208 246.4292155492942 246.41924534033208 246.39209601619885 246.35481614031076 246.3157858571819 246.2817233256532 246.25607328309488 246.23912099290828 246.22919228778665 246.2240079762635 246.22158494752924 246.22056845019154 246.22018490820432 246.220054550697 246.22001459487683 246.2200035403529 246.2200005005656 246.22000228080725 246.22000940421785 246.22003515129785 246.22011915220577 246.22036630233782 246.22102132176104 246.22258269415732 246.22592340604882 246.23232135168132 246.24324521633756 246.2597738145534 246.2817233258095 246.30687400018448 246.33089673186964 246.34839145022772 246.35481614046708 246.34839145022772 246.33089673186964 246.30687400018448 246.2817233258095 246.2597738145534 246.24324521633756 246.23232135168132 246.22592340604882 246.22258269415732 246.22102132176104 246.22036630233782 246.22011915220577 246.22003515129785 246.22000940421785 246.22000228080725 246.22000029192253 246.22000133235844 246.22000549553027 246.22002054303005 246.22006963611713 246.22021407935298 246.220596895758 246.2215094167405 246.2234618463497 246.22720103095958 246.23358532194132 246.24324521647966 246.2560732833933 246.27077222270185 246.28481195260338 246.29503648175643 246.29879129685588 246.29503648175643 246.28481195260338 246.27077222270185 246.2560732833933 246.24324521647966 246.23358532194132 246.22720103095958 246.2234618463497 246.2215094167405 246.220596895758 246.22021407935298 246.22006963611713 246.22002054303005 246.22000549553027 246.22000133235844 246.2200001540771 246.22000070557024 246.2200029122999 246.2200108883732 246.22003691064052 246.22011347417973 246.220316389731 246.22080008033518 246.2218349846008 246.22381697569767 246.22720103110169 246.23232135196554 246.23912099334882 246.2469123088046 246.25435420391563 246.25977381483762 246.2617640910272 246.25977381483762 246.25435420391563 246.2469123088046 246.23912099334882 246.23232135196554 246.22720103110169 246.22381697569767 246.2218349846008 246.22080008033518 246.220316389731 246.22011347417973 246.22003691064052 246.2200108883732 246.2200029122999 246.22000070557024 246.22000007340193 246.22000033852856 246.220001399399 246.22000523384264 246.22001774387277 246.22005455127965 246.22015210156712 246.22038463257414 246.22088215584418 246.2218349847429 246.2234618466339 246.22592340647515 246.2291922883693 246.23293791090867 246.23651555196577 246.23912099349093 246.24007780539227 246.23912099349093 246.23651555196577 246.23293791090867 246.2291922883693 246.22592340647515 246.2234618466339 246.2218349847429 246.22088215584418 246.22038463257414 246.22015210156712 246.22005455127965 246.22001774387277 246.22000523384264 246.220001399399 246.22000033852856 246.22000003133078 246.22000014693003 246.22000060948568 246.22000228136147 246.22000773592504 246.2200237845147 246.22006631792487 246.22016770498337 246.22038463270204 246.2208000806052 246.22150941715262 246.22258269471155 246.22400797697404 246.22564112541446 246.2272010313717 246.22833704353488 246.22875422808778 246.22833704353488 246.2272010313717 246.22564112541446 246.22400797697404 246.22258269471155 246.22150941715262 246.2208000806052 246.22038463270204 246.22016770498337 246.22006631792487 246.2200237845147 246.22000773592504 246.22000228136147 246.22000060948568 246.22000014693003 246.2200000117358 246.22000005744937 246.22000024036637 246.22000090150738 246.2200030585071 246.22000940489997 246.22002622467895 246.22006631805277 246.22015210182292 246.22031639012891 246.22059689629802 246.22102132244316 246.22158494836768 246.2222307746884 246.22284763736917 246.2232968718279 246.2234618468897 246.2232968718279 246.22284763736917 246.2222307746884 246.22158494836768 246.22102132244316 246.22059689629802 246.22031639012891 246.22015210182292 246.22006631805277 246.22002622467895 246.22000940489997 246.2200030585071 246.22000090150738 246.22000024036637 246.22000005744937 246.22000000357545 246.2200000199709 246.22000008557526 246.22000032269767 246.2200010963193 246.22000337249332 246.22000940501366 246.22002378475628 246.22005455164913 246.22011347469132 246.22021408000668 246.22036630313363 246.22056845114366 246.22080008084677 246.22102132255685 246.22118244334268 246.2212416126942 246.22118244334268 246.22102132255685 246.22080008084677 246.22056845114366 246.22036630313363 246.22021408000668 246.22011347469132 246.22005455164913 246.22002378475628 246.22000940501366 246.22000337249332 246.2200010963193 246.22000032269767 246.22000008557526 246.2200000199709 246.220000000553 246.22000000588622 246.2200000272265 246.22000010435937 246.22000035600854 246.22000109641877 246.22000305872027 246.2200077362661 246.22001774434173 246.22003691125158 246.2200696368703 246.22011915310105 246.22018490925592 246.22026025542743 246.22033222251804 246.2203846330431 246.22040388007423 246.2203846330431 246.22033222251804 246.22026025542743 246.22018490925592 246.22011915310105 246.2200696368703 246.22003691125158 246.22001774434173 246.2200077362661 246.22000305872027 246.22000109641877 246.22000035600854 246.22000010435937 246.2200000272265 246.22000000588622 246.21999999959138 246.2200000011648 246.22000000746067 246.22000003021662 246.22000010445885 246.22000032289662 246.22000090182001 246.220002281802 246.22000523441108 246.22001088908374 246.2200205438827 246.2200351522926 246.22005455184808 246.22007678067573 246.22009801259796 246.22011347489027 246.22011915320053 246.22011347489027 246.22009801259796 246.22007678067573 246.22005455184808 246.2200351522926 246.2200205438827 246.22001088908374 246.22000523441108 246.220002281802 246.22000090182001 246.22000032289662 246.22000010445885 246.22000003021662 246.22000000746067 246.2200000011648 246.21999999936563 246.21999999978664 246.22000000147125 246.22000000756015 246.22000002742544 246.2200000858737 246.2200002407785 246.2200006100257 246.2200014000669 246.2200029131099 246.2200054964824 246.22000940531208 246.22001459612738 246.22002054398217 246.22002622509106 246.22003036239738 246.22003188176518 246.22003036239738 246.22002622509106 246.22002054398217 246.22001459612738 246.22000940531208 246.2200054964824 246.2200029131099 246.2200014000669 246.2200006100257 246.2200002407785 246.2200000858737 246.22000002742544 246.22000000756015 246.22000000147125 246.21999999978664 246.21999999936094 246.21999999946308 246.2199999998719 246.22000000134955 246.22000000617044 246.2200000203546 246.22000005794675 246.2200001475553 246.22000033928174 246.22000070646553 246.22000133339583 246.22000228198675 246.22000354168873 246.22000498510826 246.2200063637942 246.22000736783164 246.22000773655031 246.22000736783164 246.2200063637942 246.22000498510826 246.22000354168873 246.22000228198675 246.22000133339583 246.22000070646553 246.22000033928174 246.2200001475553 246.22000005794675 246.2200000203546 246.22000000617044 246.22000000134955 246.2199999998719 246.21999999946308 246.2199999960098 246.21999999602062 246.21999999606388 246.21999999622022 246.21999999673034 246.21999999823117 246.22000000220888 246.2200000116905 246.2200000319774 246.22000007082977 246.22000013716635 246.22000023753841 246.2200003708297 246.22000052356043 246.2200006694416 246.22000077568055 246.2200008146953 246.22000077568055 246.2200006694416 246.22000052356043 246.2200003708297 246.22000023753841 246.22000013716635 246.22000007082977 246.2200000319774 246.2200000116905 246.22000000220888 246.21999999823117 246.21999999673034 246.21999999622022 246.21999999606388 246.21999999602062 246.21999999602062 246.21999999606973 246.21999999626627 246.21999999697664 246.21999999929423 246.2200000061132 246.22000002418537 246.22000006726407 246.22000015943524 246.2200003359564 246.22000063734893 246.22000109337765 246.2200016989709 246.22000239288514 246.22000305567914 246.2200035383634 246.2200037156224 246.2200035383634 246.22000305567914 246.22000239288514 246.2200016989709 246.22000109337765 246.22000063734893 246.2200003359564 246.22000015943524 246.22000006726407 246.22000002418537 246.2200000061132 246.21999999929423 246.21999999697664 246.21999999626627 246.21999999606973 246.2199999960923 246.2199999962947 246.21999999710454 246.22000000003175 246.22000000958184 246.22000003768045 246.2200001121499 246.220000289663 246.22000066947 246.22000139685525 246.22000263879423 246.2200045179378 246.2200070133874 246.2200098727786 246.22001260393353 246.22001459291573 246.22001532334158 246.22001459291573 246.22001260393353 246.2200098727786 246.2200070133874 246.2200045179378 246.22000263879423 246.22000139685525 246.22000066947 246.220000289663 246.2200001121499 246.22000003768045 246.22000000958184 246.22000000003175 246.21999999710454 246.2199999962947 246.21999999629128 246.2199999970477 246.22000000007438 246.22000001101415 246.2200000467056 246.2200001517181 246.22000043003163 246.2200010934487 246.22000251289566 246.22000523134153 246.22000987282124 246.22001689571613 246.22002622192204 246.22003690828151 246.22004711538543 246.22005454877853 246.22005727858803 246.22005454877853 246.22004711538543 246.22003690828151 246.22002622192204 246.22001689571613 246.22000987282124 246.22000523134153 246.22000251289566 246.2200010934487 246.22000043003163 246.2200001517181 246.2200000467056 246.22000001101415 246.22000000007438 246.2199999970477 246.21999999684402 246.21999999940792 246.2200000096671 246.22000004674823 246.22000016772688 246.22000052367412 246.22000146703738 246.22000371573608 246.2200085270512 246.2200177414143 246.22003347403552 246.22005727863066 246.22008889046018 246.2201251126257 246.22015971032081 246.22018490632848 246.22019415920934 246.22018490632848 246.22015971032081 246.2201251126257 246.22008889046018 246.22005727863066 246.22003347403552 246.2200177414143 246.2200085270512 246.22000371573608 246.22000146703738 246.22000052367412 246.22000016772688 246.22000004674823 246.2200000096671 246.21999999940792 246.21999999841591 246.22000000629794 246.22000003783677 246.22000015183178 246.22000052374517 246.22000161800054 246.22000451809413 246.22001143105877 246.22002622203573 246.22005454889222 246.2201029142214 246.22017609446658 246.22027327576376 246.22038463018671 246.22049099065185 246.22056844838676 246.2205968936548 246.22056844838676 246.22049099065185 246.22038463018671 246.22027327576376 246.22017609446658 246.2201029142214 246.22005454889222 246.22002622203573 246.22001143105877 246.22000451809413 246.22000161800054 246.22000052374517 246.22000015183178 246.22000003783677 246.22000000629794 246.22000000247888 246.22000002445537 246.2200001123915 246.22000043023058 246.2200014671937 246.2200045181794 246.2200126041751 246.2200318787951 246.22007311876604 246.22015209926496 246.22028695072046 246.22049099073712 246.22076195011218 246.2210724267752 246.221368979363 246.22158494580972 246.22166425646185 246.22158494580972 246.221368979363 246.2210724267752 246.22076195011218 246.22049099073712 246.22028695072046 246.22015209926496 246.22007311876604 246.2200318787951 246.2200126041751 246.2200045181794 246.2200014671937 246.22000043023058 246.2200001123915 246.22000002445537 246.22000001204577 246.22000006761934 246.22000028998985 246.22000109373292 246.22000371597767 246.2200114312293 246.22003187888038 246.22008062002732 246.22018490657007 246.22038463035724 246.22072563913494 246.22124161010782 246.22192680497608 246.2227119301123 246.22346184441702 246.22400797462925 246.22420853329913 246.22400797462925 246.22346184441702 246.2227119301123 246.22192680497608 246.22124161010782 246.22072563913494 246.22038463035724 246.22018490657007 246.22008062002732 246.22003187888038 246.2200114312293 246.22000371597767 246.22000109373292 246.22000028998985 246.22000006761934 246.22000003244636 246.2200001599042 246.22000066991055 246.22000251329357 246.22000852740646 246.22002622231994 246.220073118965 246.22018490668376 246.22042408765193 246.22088215374097 246.2216642566608 246.22284763501017 246.2244191280104 246.22621981087158 246.22793973776422 246.22919228626608 246.22965226715684 246.22919228626608 246.22793973776422 246.22621981087158 246.2244191280104 246.22284763501017 246.2216642566608 246.22088215374097 246.22042408765193 246.22018490668376 246.220073118965 246.22002622231994 246.22000852740646 246.22000251329357 246.22000066991055 246.2200001599042 246.22000007141241 246.22000033653904 246.22000139740948 246.22000523185312 246.22001774188325 246.22005454929013 246.2201520995776 246.22038463058462 246.22088215385466 246.2218349827534 246.2234618446444 246.22592340448563 246.22919228637977 246.23293790891915 246.23651554997625 246.2391209915014 246.24007780340276 246.2391209915014 246.23651554997625 246.23293790891915 246.22919228637977 246.22592340448563 246.2234618446444 246.2218349827534 246.22088215385466 246.22038463058462 246.2201520995776 246.22005454929013 246.22001774188325 246.22000523185312 246.22000139740948 246.22000033653904 246.2200001378769 246.22000063805947 246.22000263947635 246.22000987346073 246.22003347463237 246.2201029147472 246.220286951161 246.2207256394902 246.2216642569024 246.2234618447723 246.22653104975245 246.23117497912693 246.2373419860773 246.24440840235727 246.2511579081454 246.2560732818159 246.2578783839386 246.2560732818159 246.2511579081454 246.24440840235727 246.2373419860773 246.23117497912693 246.22653104975245 246.2234618447723 246.2216642569024 246.2207256394902 246.220286951161 246.2201029147472 246.22003347463237 246.22000987346073 246.22000263947635 246.22000063805947 246.22000023837685 246.2200010942161 246.22000451874783 246.22001689648351 246.22005727935542 246.22017609512028 246.22049099130555 246.221241610591 246.22284763537965 246.22592340474142 246.23117497925483 246.2391209917572 246.24967307176934 246.2617640894356 246.27331285623472 246.2817233245021 246.28481195115387 246.2817233245021 246.27331285623472 246.2617640894356 246.24967307176934 246.2391209917572 246.23117497925483 246.22592340474142 246.22284763537965 246.221241610591 246.22049099130555 246.22017609512028 246.22005727935542 246.22001689648351 246.22000451874783 246.2200010942161 246.22000037181024 246.22000169995144 246.22000701433953 246.22002622283154 246.22008889132704 246.22027327655957 246.22076195082272 246.22192680560136 246.224419128522 246.22919228677767 246.2373419863473 246.24967307191145 246.26604840500713 246.28481195129598 246.30273400106844 246.31578585617294 246.320578967121 246.31578585617294 246.30273400106844 246.28481195129598 246.26604840500713 246.24967307191145 246.2373419863473 246.22919228677767 246.224419128522 246.22192680560136 246.22076195082272 246.22027327655957 246.22008889132704 246.22002622283154 246.22000701433953 246.22000169995144 246.2200005246831 246.2200023940078 246.22000987387284 246.22003690933312 246.22012511363468 246.22038463112463 246.22107242762786 246.22271193087968 246.22621981152528 246.23293790945917 246.24440840276938 246.2617640897198 246.2848119514381 246.31122116202835 246.33644598783494 246.3548161394439 246.361562320281 246.3548161394439 246.33644598783494 246.31122116202835 246.2848119514381 246.2617640897198 246.24440840276938 246.23293790945917 246.22621981152528 246.22271193087968 246.22107242762786 246.22038463112463 246.22012511363468 246.22003690933312 246.22000987387284 246.2200023940078 246.22000067070636 246.2200030569439 246.22001260516987 246.22004711657914 246.2201597114719 246.22049099173188 246.22136898035777 246.2234618453265 246.22793973856002 246.23651555065837 246.2511579086996 246.27331285666105 246.30273400135266 246.33644598797704 246.3686460792023 246.3920960154741 246.40070767606758 246.3920960154741 246.3686460792023 246.33644598797704 246.30273400135266 246.27331285666105 246.2511579086996 246.23651555065837 246.22793973856002 246.2234618453265 246.22136898035777 246.22049099173188 246.2201597114719 246.22004711657914 246.22001260516987 246.2200030569439 246.22000077710163 246.22000353978447 246.2200145943084 246.22005455012857 246.22018490763588 246.2205684496231 246.2215849469608 246.22400797569506 246.2291922872182 246.23912099233985 246.25607328252644 246.28172332508476 246.31578585661347 246.35481613974233 246.39209601563041 246.41924533976365 246.42921554872578 246.41924533976365 246.39209601563041 246.35481613974233 246.31578585661347 246.28172332508476 246.25607328252644 246.23912099233985 246.2291922872182 246.22400797569506 246.2215849469608 246.2205684496231 246.22018490763588 246.22005455012857 246.2200145943084 246.22000353978447 246.2200008162585 246.2200037171856 246.22001532487636 246.22005728008017 246.22019416065885 246.22059689503325 246.22166425775504 246.22420853450706 246.22965226825107 246.2400778043833 246.25787838479124 246.28481195187862 246.32057896770365 246.36156232072153 246.400707676366 246.4292155488679 246.43968466568697 246.4292155488679 246.400707676366 246.36156232072153 246.32057896770365 246.28481195187862 246.25787838479124 246.2400778043833 246.22965226825107 246.22420853450706 246.22166425775504 246.22059689503325 246.22019416065885 246.22005728008017 246.22001532487636 246.2200037171856 246.22000077740006 246.2200035400829 246.22001459460682 246.220054550427 246.2201849079343 246.22056844992153 246.22158494725923 246.2240079759935 246.22919228751664 246.23912099263828 246.25607328282487 246.28172332538318 246.3157858569119 246.35481614004075 246.39209601592884 246.41924534006208 246.4292155490242 246.41924534006208 246.39209601592884 246.35481614004075 246.3157858569119 246.28172332538318 246.25607328282487 246.23912099263828 246.22919228751664 246.2240079759935 246.22158494725923 246.22056844992153 246.2201849079343 246.220054550427 246.22001459460682 246.2200035400829 246.22000067131742 246.22000305755498 246.22001260578094 246.2200471171902 246.22015971208296 246.22049099234295 246.22136898096883 246.22346184593758 246.2279397391711 246.23651555126943 246.25115790931068 246.27331285727212 246.30273400196373 246.3364459885881 246.36864607981337 246.39209601608516 246.40070767667865 246.39209601608516 246.36864607981337 246.3364459885881 246.30273400196373 246.27331285727212 246.25115790931068 246.23651555126943 246.2279397391711 246.22346184593758 246.22136898096883 246.22049099234295 246.22015971208296 246.2200471171902 246.22001260578094 246.22000305755498 246.22000052557837 246.22000239490308 246.22000987476812 246.2200369102284 246.22012511452996 246.22038463201991 246.22107242852314 246.22271193177497 246.22621981242057 246.23293791035445 246.24440840366466 246.2617640906151 246.28481195233337 246.31122116292363 246.33644598873022 246.35481614033918 246.36156232117628 246.35481614033918 246.33644598873022 246.31122116292363 246.28481195233337 246.2617640906151 246.24440840366466 246.23293791035445 246.22621981242057 246.22271193177497 246.22107242852314 246.22038463201991 246.22012511452996 246.2200369102284 246.22000987476812 246.22000239490308 246.22000037298974 246.22000170113094 246.22000701551903 246.22002622401104 246.22008889250654 246.22027327773907 246.22076195200222 246.22192680678086 246.2244191297015 246.22919228795718 246.2373419875268 246.24967307309095 246.26604840618663 246.28481195247548 246.30273400224794 246.31578585735244 246.3205789683005 246.31578585735244 246.30273400224794 246.28481195247548 246.26604840618663 246.24967307309095 246.2373419875268 246.22919228795718 246.2244191297015 246.22192680678086 246.22076195200222 246.22027327773907 246.22008889250654 246.22002622401104 246.22000701551903 246.22000170113094 246.22000023984057 246.2200010956798 246.22000452021155 246.22001689794723 246.22005728081913 246.220176096584 246.22049099276927 246.2212416120547 246.22284763684337 246.22592340620514 246.23117498071855 246.23912099322092 246.24967307323305 246.2617640908993 246.27331285769844 246.28172332596583 246.2848119526176 246.28172332596583 246.27331285769844 246.2617640908993 246.24967307323305 246.23912099322092 246.23117498071855 246.22592340620514 246.22284763684337 246.2212416120547 246.22049099276927 246.220176096584 246.22005728081913 246.22001689794723 246.22000452021155 246.2200010956798 246.22000013961062 246.2200006397932 246.22000264121007 246.22000987519445 246.2200334763661 246.22010291648093 246.22028695289472 246.22072564122394 246.2216642586361 246.223461846506 246.22653105148618 246.23117498086066 246.23734198781102 246.244408404091 246.2511579098791 246.25607328354963 246.2578783856723 246.25607328354963 246.2511579098791 246.244408404091 246.23734198781102 246.23117498086066 246.22653105148618 246.223461846506 246.2216642586361 246.22072564122394 246.22028695289472 246.22010291648093 246.2200334763661 246.22000987519445 246.22000264121007 246.2200006397932 246.22000007340193 246.22000033852856 246.220001399399 246.22000523384264 246.22001774387277 246.22005455127965 246.22015210156712 246.22038463257414 246.22088215584418 246.2218349847429 246.2234618466339 246.22592340647515 246.2291922883693 246.23293791090867 246.23651555196577 246.23912099349093 246.24007780539227 246.23912099349093 246.23651555196577 246.23293791090867 246.2291922883693 246.22592340647515 246.2234618466339 246.2218349847429 246.22088215584418 246.22038463257414 246.22015210156712 246.22005455127965 246.22001774387277 246.22000523384264 246.220001399399 246.22000033852856 246.22000003467747 246.2200001621353 246.22000067214165 246.22000251552467 246.22000852963757 246.22002622455105 246.2200731211961 246.22018490891486 246.22042408988304 246.22088215597208 246.2216642588919 246.22284763724127 246.2244191302415 246.2262198131027 246.22793973999532 246.2291922884972 246.22965226938794 246.2291922884972 246.22793973999532 246.2262198131027 246.2244191302415 246.22284763724127 246.2216642588919 246.22088215597208 246.22042408988304 246.22018490891486 246.2200731211961 246.22002622455105 246.22000852963757 246.22000251552467 246.22000067214165 246.2200001621353 246.22000001450425 246.22000007007782 246.22000029244833 246.2200010961914 246.22000371843615 246.22001143368777 246.22003188133885 246.2200806224858 246.22018490902855 246.22038463281572 246.22072564159342 246.2212416125663 246.22192680743456 246.22271193257077 246.2234618468755 246.22400797708772 246.2242085357576 246.22400797708772 246.2234618468755 246.22271193257077 246.22192680743456 246.2212416125663 246.22072564159342 246.22038463281572 246.22018490902855 246.2200806224858 246.22003188133885 246.22001143368777 246.22000371843615 246.2200010961914 246.22000029244833 246.22000007007782 246.2200000051363 246.2200000271128 246.22000011504892 246.220000432888 246.22000146985113 246.22000452083682 246.22001260683254 246.22003188145254 246.22007312142347 246.2201521019224 246.2202869533779 246.22049099339455 246.2207619527696 246.22107242943264 246.22136898202044 246.22158494846715 246.22166425911928 246.22158494846715 246.22136898202044 246.22107242943264 246.2207619527696 246.22049099339455 246.2202869533779 246.2201521019224 246.22007312142347 246.22003188145254 246.22001260683254 246.22000452083682 246.22000146985113 246.220000432888 246.22000011504892 246.2200000271128 246.2200000012581 246.2200000091401 246.22000004067894 246.22000015467395 246.22000052658734 246.2200016208427 246.2200045209363 246.22001143390094 246.2200262248779 246.2200545517344 246.22010291706357 246.22017609730875 246.22027327860593 246.22038463302889 246.22049099349402 246.22056845122893 246.22059689649697 246.22056845122893 246.22049099349402 246.22038463302889 246.22027327860593 246.22017609730875 246.22010291706357 246.2200545517344 246.2200262248779 246.22001143390094 246.2200045209363 246.2200016208427 246.22000052658734 246.22000015467395 246.22000004067894 246.2200000091401 246.21999999985673 246.22000000242062 246.2200000126798 246.22000004976093 246.22000017073958 246.22000052668682 246.22000147005008 246.22000371874879 246.2200085300639 246.220017744427 246.22003347704822 246.22005728164336 246.22008889347288 246.2201251156384 246.22015971333352 246.22018490934119 246.22019416222204 246.22018490934119 246.22015971333352 246.2201251156384 246.22008889347288 246.22005728164336 246.22003347704822 246.220017744427 246.2200085300639 246.22000371874879 246.22000147005008 246.22000052668682 246.22000017073958 246.22000004976093 246.2200000126798 246.22000000242062 246.2199999994461 246.2200000002025 246.2200000032292 246.22000001416896 246.2200000498604 246.2200001548729 246.22000043318644 246.2200010966035 246.22000251605047 246.22000523449634 246.22000987597605 246.22001689887094 246.22002622507685 246.22003691143632 246.22004711854024 246.22005455193334 246.22005728174284 246.22005455193334 246.22004711854024 246.22003691143632 246.22002622507685 246.22001689887094 246.22000987597605 246.22000523449634 246.22000251605047 246.2200010966035 246.22000043318644 246.2200001548729 246.2200000498604 246.22000001416896 246.2200000032292 246.2200000002025 246.219999999375 246.2199999995774 246.22000000038724 246.22000000331445 246.22000001286455 246.22000004096316 246.2200001154326 246.2200002929457 246.22000067275272 246.22000140013796 246.22000264207693 246.22000452122052 246.2200070166701 246.2200098760613 246.22001260721623 246.22001459619844 246.2200153266243 246.22001459619844 246.22001260721623 246.2200098760613 246.2200070166701 246.22000452122052 246.22000264207693 246.22000140013796 246.22000067275272 246.2200002929457 246.2200001154326 246.22000004096316 246.22000001286455 246.22000000331445 246.22000000038724 246.2199999995774 246.2199999994028 246.21999999945191 246.21999999964845 246.22000000035882 246.22000000267641 246.22000000949538 246.22000002756755 246.22000007064625 246.22000016281743 246.22000033933858 246.22000064073112 246.22000109675983 246.22000170235307 246.22000239626732 246.22000305906133 246.22000354174557 246.22000371900458 246.22000354174557 246.22000305906133 246.22000239626732 246.22000170235307 246.22000109675983 246.22000064073112 246.22000033933858 246.22000016281743 246.22000007064625 246.22000002756755 246.22000000949538 246.22000000267641 246.22000000035882 246.21999999964845 246.21999999945191 246.21999999636336 246.21999999636807 246.21999999638692 246.2199999964551 246.2199999966775 246.2199999973319 246.21999999906623 246.22000000320037 246.22000001204577 246.220000028986 246.22000005790977 246.22000010167352 246.22000015979052 246.22000022638346 246.22000028998985 246.22000033631167 246.2200003533227 246.22000033631167 246.22000028998985 246.22000022638346 246.22000015979052 246.22000010167352 246.22000005790977 246.220000028986 246.22000001204577 246.22000000320037 246.21999999906623 246.2199999973319 246.2199999966775 246.2199999964551 246.21999999638692 246.21999999636807 246.21999999638228 246.2199999964037 246.21999999648938 246.21999999679912 246.21999999780962 246.2200000007828 246.22000000866254 246.2200000274455 246.22000006763355 246.22000014459945 246.22000027601118 246.22000047484664 246.22000073889453 246.2200010414517 246.22000133043997 246.22000154089764 246.22000161818528 246.22000154089764 246.22000133043997 246.2200010414517 246.22000073889453 246.22000047484664 246.22000027601118 246.22000014459945 246.22000006763355 246.2200000274455 246.22000000866254 246.2200000007828 246.21999999780962 246.21999999679912 246.21999999648938 246.2199999964037 246.21999999641534 246.2199999965036 246.2199999968567 246.219999998133 246.220000002297 246.22000001454842 246.22000004701823 246.22000012441666 246.22000029001828 246.2200006071693 246.22000114867362 246.22000196800883 246.22000305606284 246.2200043028009 246.22000549362602 246.22000636085255 246.22000667932934 246.22000636085255 246.22000549362602 246.2200043028009 246.22000305606284 246.22000196800883 246.22000114867362 246.2200006071693 246.22000029001828 246.22000012441666 246.22000004701823 246.22000001454842 246.220000002297 246.219999998133 246.2199999968567 246.2199999965036 246.21999999652616 246.21999999685596 246.21999999817564 246.22000000294554 246.22000001850756 246.2200000642946 246.22000018564356 246.2200004749035 246.22000109380397 246.22000227908774 246.22000430284353 246.22000736493263 246.22001143130035 246.22001609071575 246.22002054116842 246.22002378224096 246.22002497247945 246.22002378224096 246.22002054116842 246.22001609071575 246.22001143130035 246.22000736493263 246.22000430284353 246.22000227908774 246.22000109380397 246.2200004749035 246.22000018564356 246.2200000642946 246.22000001850756 246.22000000294554 246.21999999817564 246.21999999685596 246.2199999967912 246.2199999979091 246.22000000238228 246.2200000185502 246.22000007129873 246.22000022649715 246.2200006378179 246.22000161828475 246.22000371609136 246.22000773369393 246.22001459335627 246.22002497252208 246.22003875576092 246.22005454917644 246.22006963429814 246.220080620141 246.22008465453789 246.220080620141 246.22006963429814 246.22005454917644 246.22003875576092 246.22002497252208 246.22001459335627 246.22000773369393 246.22000371609136 246.22000161828475 246.2200006378179 246.22000022649715 246.22000007129873 246.2200000185502 246.22000000238228 246.2199999979091 246.21999999751665 246.22000000095332 246.22000001470474 246.22000006440828 246.2200002265682 246.2200007036802 246.22000196816515 246.22000498232293 246.22001143141404 246.22002378235464 246.22004487037435 246.22007677807514 246.22011915059994 246.22016770282332 246.22021407760505 246.2202478503565 246.22026025292632 246.2202478503565 246.22021407760505 246.22016770282332 246.22011915059994 246.22007677807514 246.22004487037435 246.22002378235464 246.22001143141404 246.22000498232293 246.22000196816515 246.2200007036802 246.2200002265682 246.22000006440828 246.22000001470474 246.22000000095332 246.21999999932203 246.22000000890412 246.2200000472456 246.2200001858283 246.22000063796 246.2200019682362 246.2200054938534 246.2200138978811 246.22003187913617 246.22006631583588 246.2201251131231 246.2202140776761 246.22033222008798 246.22046759263893 246.22059689408113 246.2206910587392 246.22072563939074 246.2206910587392 246.22059689408113 246.22046759263893 246.22033222008798 246.2202140776761 246.2201251131231 246.22006631583588 246.22003187913617 246.2200138978811 246.2200054938534 246.2200019682362 246.22000063796 246.2200001858283 246.2200000472456 246.22000000890412 246.22000000354143 246.22000002777236 246.2200001247293 246.2200004751735 246.22000161851213 246.22000498247925 246.22001389796637 246.22003514984834 246.22008062036838 246.22016770297964 246.2203163879973 246.2205413591952 246.22084011458733 246.22118244109737 246.2215094151489 246.22174753623423 246.22183498286708 246.22174753623423 246.2215094151489 246.22118244109737 246.22084011458733 246.2205413591952 246.2203163879973 246.22016770297964 246.22008062036838 246.22003514984834 246.22001389796637 246.22000498247925 246.22000161851213 246.2200004751735 246.2200001247293 246.22000002777236 246.2200000124721 246.22000006804566 246.22000029041618 246.22000109415924 246.220003716404 246.22001143165562 246.2200318793067 246.22008062045364 246.2201849069964 246.22038463078357 246.22072563956127 246.22124161053415 246.2219268054024 246.22271193053862 246.22346184484334 246.22400797505557 246.22420853372546 246.22400797505557 246.22346184484334 246.22271193053862 246.2219268054024 246.22124161053415 246.22072563956127 246.22038463078357 246.2201849069964 246.22008062045364 246.2200318793067 246.22001143165562 246.220003716404 246.22000109415924 246.22000029041618 246.22000006804566 246.220000029526 246.22000014512525 246.2200006076809 246.2200022795567 246.22000773412026 246.22002378270992 246.2200663161201 246.2201677031786 246.22038463089726 246.2208000788004 246.22150941534784 246.22258269290677 246.22400797516926 246.22564112360968 246.2272010295669 246.2283370417301 246.228754226283 246.2283370417301 246.2272010295669 246.22564112360968 246.22400797516926 246.22258269290677 246.22150941534784 246.2208000788004 246.22038463089726 246.2201677031786 246.2200663161201 246.22002378270992 246.22000773412026 246.2200022795567 246.2200006076809 246.22000014512525 246.22000005856347 246.22000027665067 246.2200011492989 246.22000430342618 246.22001459389628 246.2200448708433 246.220125113521 246.22031638830993 246.22072563978864 246.22150941546153 246.22284763555018 246.2248724594441 246.22756136834434 246.23064243340247 246.23358532066234 246.23572849840107 246.23651555040257 246.23572849840107 246.23358532066234 246.23064243340247 246.22756136834434 246.2248724594441 246.22284763555018 246.22150941546153 246.22072563978864 246.22031638830993 246.220125113521 246.2200448708433 246.22001459389628 246.22000430342618 246.2200011492989 246.22000027665067 246.2200001024409 246.22000047559982 246.2200019687478 246.22000736562896 246.22002497317578 246.22007677865778 246.2202140781877 246.22054135962154 246.2212416108752 246.22258269313414 246.2248724595578 246.22833704195747 246.23293790945917 246.23820977720268 246.24324521531437 246.2469123074972 246.2482589957303 246.2469123074972 246.24324521531437 246.23820977720268 246.23293790945917 246.22833704195747 246.2248724595578 246.22258269313414 246.2212416108752 246.22054135962154 246.2202140781877 246.22007677865778 246.22002497317578 246.22000736562896 246.2200019687478 246.22000047559982 246.2200001606858 246.2200007397756 246.2200030569297 246.22001143212458 246.22003875654252 246.22011915131048 246.22033222072747 246.22084011514156 246.22192680587136 246.22400797552453 246.22756136858592 246.23293790958706 246.24007780407067 246.2482589958582 246.2560732823559 246.2617640898477 246.26385395917845 246.2617640898477 246.2560732823559 246.2482589958582 246.24007780407067 246.23293790958706 246.22756136858592 246.22400797552453 246.22192680587136 246.22084011514156 246.22033222072747 246.22011915131048 246.22003875654252 246.22001143212458 246.2200030569297 246.2200007397756 246.22000022740664 246.22000104246067 246.22000430379566 246.22001609166787 246.22005455008593 246.22016770366176 246.2204675934063 246.2211824417795 246.22271193113548 246.22564112409285 246.23064243377195 246.23820977745848 246.2482589959861 246.259773813786 246.27077222179236 246.27878188751149 246.28172332504212 246.27878188751149 246.27077222179236 246.259773813786 246.2482589959861 246.23820977745848 246.23064243377195 246.22564112409285 246.22271193113548 246.2211824417795 246.2204675934063 246.22016770366176 246.22005455008593 246.22001609166787 246.22000430379566 246.22000104246067 246.22000029115515 246.22000133159105 246.2200054947629 246.22002054226266 246.22006963534974 246.2202140785856 246.22059689499062 246.22150941597312 246.2234618455823 246.2272010301922 246.23358532117393 246.24324521571228 246.25607328262592 246.27077222193446 246.284811951836 246.29503648098904 246.2987912960885 246.29503648098904 246.284811951836 246.27077222193446 246.25607328262592 246.24324521571228 246.23358532117393 246.2272010301922 246.2234618455823 246.22150941597312 246.22059689499062 246.2202140785856 246.22006963534974 246.22002054226266 246.2200054947629 246.22000133159105 246.22000033760486 246.22000154217662 246.22000636211732 246.2200237834631 246.2200806213205 246.22024785146493 246.22069105977658 246.22174753718636 246.22400797592243 246.22833704248328 246.23572849904056 246.246912308023 246.2617640902456 246.2787818877815 246.29503648111694 246.3068739996871 246.31122116255415 246.3068739996871 246.29503648111694 246.2787818877815 246.2617640902456 246.246912308023 246.23572849904056 246.22833704248328 246.22400797592243 246.22174753718636 246.22069105977658 246.22024785146493 246.2200806213205 246.2200237834631 246.22000636211732 246.22000154217662 246.22000035475799 246.22000161960636 246.22000668073622 246.2200249738437 246.2200846558595 246.22026025417688 246.22072564057024 246.22183498396132 246.22420853473443 246.22875422717829 246.23651555118417 246.24825899639822 246.26385395971846 246.28172332545424 246.2987912963585 246.31122116269626 246.31578585698296 246.31122116269626 246.2987912963585 246.28172332545424 246.26385395971846 246.24825899639822 246.23651555118417 246.22875422717829 246.22420853473443 246.22183498396132 246.22072564057024 246.22026025417688 246.2200846558595 246.2200249738437 246.22000668073622 246.22000161960636 246.22000033788908 246.22000154246084 246.22000636240153 246.2200237837473 246.22008062160472 246.22024785174915 246.2206910600608 246.22174753747058 246.22400797620665 246.2283370427675 246.23572849932478 246.24691230830723 246.26176409052982 246.2787818880657 246.29503648140116 246.30687399997132 246.31122116283836 246.30687399997132 246.29503648140116 246.2787818880657 246.26176409052982 246.24691230830723 246.23572849932478 246.2283370427675 246.22400797620665 246.22174753747058 246.2206910600608 246.22024785174915 246.22008062160472 246.2200237837473 246.22000636240153 246.22000154246084 246.22000029169516 246.22000133213106 246.2200054953029 246.22002054280267 246.22006963588976 246.2202140791256 246.22059689553063 246.22150941651313 246.22346184612232 246.2272010307322 246.23358532171395 246.2432452162523 246.25607328316593 246.27077222247448 246.284811952376 246.29503648152905 246.2987912966285 246.29503648152905 246.284811952376 246.27077222247448 246.25607328316593 246.2432452162523 246.23358532171395 246.2272010307322 246.22346184612232 246.22150941651313 246.22059689553063 246.2202140791256 246.22006963588976 246.22002054280267 246.2200054953029 246.22000133213106 246.22000022823087 246.2200010432849 246.2200043046199 246.2200160924921 246.22005455091016 246.220167704486 246.22046759423054 246.22118244260372 246.2227119319597 246.22564112491708 246.23064243459618 246.2382097782827 246.24825899681034 246.25977381461024 246.27077222261659 246.27878188833571 246.28172332586635 246.27878188833571 246.27077222261659 246.25977381461024 246.24825899681034 246.2382097782827 246.23064243459618 246.22564112491708 246.2227119319597 246.22118244260372 246.22046759423054 246.220167704486 246.22005455091016 246.2200160924921 246.2200043046199 246.2200010432849 246.22000016176582 246.22000074085562 246.22000305800972 246.2200114332046 246.22003875762255 246.2201191523905 246.2203322218075 246.22084011622158 246.2219268069514 246.22400797660455 246.22756136966595 246.2329379106671 246.2400778051507 246.24825899693823 246.25607328343594 246.26176409092773 246.26385396025847 246.26176409092773 246.25607328343594 246.24825899693823 246.2400778051507 246.2329379106671 246.22756136966595 246.22400797660455 246.2219268069514 246.22084011622158 246.2203322218075 246.2201191523905 246.22003875762255 246.2200114332046 246.22000305800972 246.22000074085562 246.22000010377673 246.22000047693564 246.22000197008362 246.22000736696478 246.2200249745116 246.2200767799936 246.22021407952352 246.22054136095736 246.22124161221103 246.22258269446996 246.2248724608936 246.2283370432933 246.232937910795 246.2382097785385 246.2432452166502 246.24691230883303 246.24825899706613 246.24691230883303 246.2432452166502 246.2382097785385 246.232937910795 246.2283370432933 246.2248724608936 246.22258269446996 246.22124161221103 246.22054136095736 246.22021407952352 246.2200767799936 246.2200249745116 246.22000736696478 246.22000197008362 246.22000047693564 246.22000006014088 246.22000027822807 246.2200011508763 246.22000430500358 246.22001459547369 246.22004487242071 246.2201251150984 246.22031638988733 246.22072564136604 246.22150941703893 246.2228476371276 246.2248724610215 246.22756136992174 246.23064243497987 246.23358532223975 246.23572849997848 246.23651555197998 246.23572849997848 246.23358532223975 246.23064243497987 246.22756136992174 246.2248724610215 246.2228476371276 246.22150941703893 246.22072564136604 246.22031638988733 246.2201251150984 246.22004487242071 246.22001459547369 246.22000430500358 246.2200011508763 246.22000027822807 246.22000003133078 246.22000014693003 246.22000060948568 246.22000228136147 246.22000773592504 246.2200237845147 246.22006631792487 246.22016770498337 246.22038463270204 246.2208000806052 246.22150941715262 246.22258269471155 246.22400797697404 246.22564112541446 246.2272010313717 246.22833704353488 246.22875422808778 246.22833704353488 246.2272010313717 246.22564112541446 246.22400797697404 246.22258269471155 246.22150941715262 246.2208000806052 246.22038463270204 246.22016770498337 246.22006631792487 246.2200237845147 246.22000773592504 246.22000228136147 246.22000060948568 246.22000014693003 246.22000001450425 246.22000007007782 246.22000029244833 246.2200010961914 246.22000371843615 246.22001143368777 246.22003188133885 246.2200806224858 246.22018490902855 246.22038463281572 246.22072564159342 246.2212416125663 246.22192680743456 246.22271193257077 246.2234618468755 246.22400797708772 246.2242085357576 246.22400797708772 246.2234618468755 246.22271193257077 246.22192680743456 246.2212416125663 246.22072564159342 246.22038463281572 246.22018490902855 246.2200806224858 246.22003188133885 246.22001143368777 246.22000371843615 246.2200010961914 246.22000029244833 246.22000007007782 246.22000000577253 246.22000003000346 246.2200001269604 246.2200004774046 246.22000162074323 246.22000498471036 246.22001390019747 246.22003515207945 246.22008062259948 246.22016770521074 246.2203163902284 246.2205413614263 246.22084011681844 246.22118244332847 246.22150941738 246.22174753846534 246.22183498509818 246.22174753846534 246.22150941738 246.22118244332847 246.22084011681844 246.2205413614263 246.2203163902284 246.22016770521074 246.22008062259948 246.22003515207945 246.22001390019747 246.22000498471036 246.22000162074323 246.2200004774046 246.2200001269604 246.22000003000346 246.22000000173787 246.22000001131997 246.22000004966145 246.22000018824414 246.22000064037584 246.22000197065205 246.22000549626924 246.22001390029695 246.22003188155202 246.22006631825172 246.22012511553893 246.22021408009195 246.22033222250383 246.22046759505477 246.22059689649697 246.22069106115504 246.22072564180658 246.22069106115504 246.22059689649697 246.22046759505477 246.22033222250383 246.22021408009195 246.22012511553893 246.22006631825172 246.22003188155202 246.22001390029695 246.22000549626924 246.22000197065205 246.22000064037584 246.22000018824414 246.22000004966145 246.22000001131997 246.22000000008882 246.22000000352548 246.2200000172769 246.22000006698045 246.22000022914037 246.22000070625236 246.22000197073731 246.2200049848951 246.2200114339862 246.2200237849268 246.22004487294652 246.2200767806473 246.2201191531721 246.22016770539548 246.22021408017721 246.22024785292865 246.2202602554985 246.22024785292865 246.22021408017721 246.22016770539548 246.2201191531721 246.2200767806473 246.22004487294652 246.2200237849268 246.2200114339862 246.2200049848951 246.22000197073731 246.22000070625236 246.22000022914037 246.22000006698045 246.2200000172769 246.22000000352548 246.21999999953388 246.2200000006518 246.22000000512497 246.2200000212929 246.22000007404142 246.22000022923984 246.22000064056058 246.22000162102745 246.22000371883405 246.22000773643663 246.22001459609896 246.22002497526478 246.22003875850362 246.22005455191913 246.22006963704084 246.2200806228837 246.22008465728058 246.2200806228837 246.22006963704084 246.22005455191913 246.22003875850362 246.22002497526478 246.22001459609896 246.22000773643663 246.22000371883405 246.22000162102745 246.22000064056058 246.22000022923984 246.22000007404142 246.2200000212929 246.22000000512497 246.2200000006518 246.21999999939675 246.21999999972655 246.22000000104623 246.22000000581613 246.22000002137815 246.2200000671652 246.22000018851415 246.22000047777408 246.22000109667457 246.22000228195833 246.22000430571413 246.22000736780322 246.22001143417094 246.22001609358634 246.22002054403902 246.22002378511155 246.22002497535004 246.22002378511155 246.22002054403902 246.22001609358634 246.22001143417094 246.22000736780322 246.22000430571413 246.22000228195833 246.22000109667457 246.22000047777408 246.22000018851415 246.2200000671652 246.22000002137815 246.22000000581613 246.22000000104623 246.21999999972655 246.21999999939962 246.21999999948787 246.21999999984098 246.22000000111728 246.2200000052813 246.2200000175327 246.2200000500025 246.22000012740094 246.22000029300256 246.2200006101536 246.2200011516579 246.2200019709931 246.22000305904712 246.22000430578518 246.2200054966103 246.22000636383683 246.22000668231362 246.22000636383683 246.2200054966103 246.22000430578518 246.22000305904712 246.2200019709931 246.2200011516579 246.2200006101536 246.22000029300256 246.22000012740094 246.2200000500025 246.2200000175327 246.2200000052813 246.22000000111728 246.21999999984098 246.21999999948787 246.21999999945183 246.21999999947323 246.21999999955892 246.21999999986866 246.22000000087917 246.22000000385233 246.22000001173208 246.22000003051505 246.2200000707031 246.220000147669 246.22000027908072 246.2200004779162 246.22000074196407 246.22000104452124 246.22000133350952 246.2200015439672 246.22000162125482 246.2200015439672 246.22000133350952 246.22000104452124 246.22000074196407 246.2200004779162 246.22000027908072 246.220000147669 246.2200000707031 246.22000003051505 246.22000001173208 246.22000000385233 246.22000000087917 246.21999999986866 246.21999999955892 246.21999999947323 246.21999999671783 246.21999999671968 246.21999999672715 246.2199999967541 246.21999999684206 246.21999999710084 246.21999999778666 246.2199999994215 246.22000000291942 246.2200000096184 246.22000002105625 246.22000003836257 246.22000006134488 246.22000008767895 246.22000011283203 246.2200001311499 246.2200001378769 246.2200001311499 246.22000011283203 246.22000008767895 246.22000006134488 246.22000003836257 246.22000002105625 246.2200000096184 246.22000000291942 246.2199999994215 246.21999999778666 246.21999999710084 246.21999999684206 246.2199999967541 246.21999999672715 246.21999999671968 246.21999999671968 246.21999999672815 246.21999999676203 246.21999999688452 246.21999999728413 246.21999999845985 246.2200000015759 246.2200000090036 246.2200000248959 246.22000005533195 246.22000010729855 246.22000018592777 246.22000029034513 246.22000040999094 246.22000052427097 246.22000060749616 246.22000063805947 246.22000060749616 246.22000052427097 246.22000040999094 246.22000029034513 246.22000018592777 246.22000010729855 246.22000005533195 246.2200000248959 246.2200000090036 246.2200000015759 246.21999999845985 246.21999999728413 246.21999999688452 246.21999999676203 246.21999999672815 246.21999999674136 246.21999999677624 246.21999999691587 246.2199999974206 246.21999999906726 246.22000000391205 246.22000001675218 246.2200000473593 246.22000011284624 246.22000023826317 246.2200004524003 246.2200007764053 246.22000120667477 246.22000169969564 246.2200021706058 246.22000251354936 246.22000263949056 246.22000251354936 246.2200021706058 246.22000169969564 246.22000120667477 246.2200007764053 246.2200004524003 246.22000023826317 246.22000011284624 246.2200000473593 246.22000001675218 246.22000000391205 246.21999999906726 246.2199999974206 246.21999999691587 246.21999999677624 246.21999999681094 246.21999999694137 246.21999999746322 246.21999999934948 246.22000000550346 246.22000002360988 246.22000007159716 246.22000018598462 246.22000043072796 246.2200008994468 246.22000169973828 246.22000291063722 246.22000451867677 246.22000636123624 246.22000812116167 246.2200094028394 246.22000987351757 246.2200094028394 246.22000812116167 246.22000636123624 246.22000451867677 246.22000291063722 246.22000169973828 246.2200008994468 246.22000043072796 246.22000018598462 246.22000007159716 246.22000002360988 246.22000000550346 246.21999999934948 246.21999999746322 246.21999999694137 246.21999999694154 246.2199999973836 246.21999999915252 246.2200000055461 246.22000002640542 246.22000008777843 246.22000025043465 246.22000063815895 246.2200014677337 246.22000305648916 246.22000576913325 246.2200098735602 246.22001532412318 246.22002156960778 246.22002753499856 246.22003187933512 246.22003347473185 246.22003187933512 246.22002753499856 246.22002156960778 246.22001532412318 246.2200098735602 246.22000576913325 246.22000305648916 246.2200014677337 246.22000063815895 246.22000025043465 246.22000008777843 246.22000002640542 246.2200000055461 246.21999999915252 246.2199999973836 246.21999999725716 246.21999999861617 246.22000000405416 246.22000002370936 246.22000008783527 246.22000027650856 246.2200007765474 246.220001968492 246.22000451877625 246.22000940293887 246.22001774216747 246.22003036002417 246.22004711618123 246.22006631609167 246.2200846549358 246.22009801032422 246.22010291490352 246.22009801032422 246.2200846549358 246.22006631609167 246.22004711618123 246.22003036002417 246.22001774216747 246.22000940293887 246.22000451877625 246.220001968492 246.2200007765474 246.22000027650856 246.22000008783527 246.22000002370936 246.22000000405416 246.21999999861617 246.21999999799982 246.22000000178906 246.22000001695113 246.22000007175347 246.22000025054834 246.22000077660425 246.22000217080475 246.22000549416603 246.2200126048288 246.2200262227747 246.22004947408163 246.22008465499263 246.2201313742481 246.2201849071385 246.22023603921727 246.22027327650272 246.22028695137416 246.22027327650272 246.22023603921727 246.2201849071385 246.2201313742481 246.22008465499263 246.22004947408163 246.2200262227747 246.2200126048288 246.22000549416603 246.22000217080475 246.22000077660425 246.22000025054834 246.22000007175347 246.22000001695113 246.22000000178906 246.21999999971993 246.22000000930203 246.2200000476435 246.2200001862262 246.2200006383579 246.2200019686341 246.2200054942513 246.220013898279 246.22003187953408 246.22006631623378 246.220125113521 246.220214078074 246.2203322204859 246.22046759303683 246.22059689447903 246.2206910591371 246.22072563978864 246.2206910591371 246.22059689447903 246.22046759303683 246.2203322204859 246.220214078074 246.220125113521 246.22006631623378 246.22003187953408 246.220013898279 246.2200054942513 246.2200019686341 246.2200006383579 246.2200001862262 246.2200000476435 246.22000000930203 246.2200000033031 246.2200000252796 246.22000011321572 246.2200004310548 246.22000146801793 246.22000451900362 246.22001260499934 246.22003187961934 246.22007311959027 246.2201521000892 246.2202869515447 246.22049099156135 246.2207619509364 246.22107242759944 246.22136898018724 246.22158494663395 246.22166425728608 246.22158494663395 246.22136898018724 246.22107242759944 246.2207619509364 246.22049099156135 246.2202869515447 246.2201521000892 246.22007311959027 246.22003187961934 246.22001260499934 246.22000451900362 246.22000146801793 246.2200004310548 246.22000011321572 246.2200000252796 246.22000001010156 246.22000005581512 246.22000023873213 246.22000089987313 246.22000305687286 246.22000940326572 246.2200262230447 246.22006631641852 246.22015210018867 246.22031638849467 246.22059689466377 246.22102132080892 246.22158494673343 246.22223077305415 246.22284763573492 246.22329687017944 246.22346184524125 246.22329687017944 246.22284763573492 246.22223077305415 246.22158494673343 246.22102132080892 246.22059689466377 246.22031638849467 246.22015210018867 246.22006631641852 246.2200262230447 246.22000940326572 246.22000305687286 246.22000089987313 246.22000023873213 246.22000005581512 246.2200000216389 246.2200001078812 246.22000045296875 246.22000170026408 246.22000576961642 246.2200177425938 246.22004947445112 246.2201251138052 246.22028695174365 246.22059689476325 246.22112609207 246.221926805914 246.22299013126693 246.22420853423705 246.2253722949855 246.2262198116958 246.2265310503351 246.2262198116958 246.2253722949855 246.22420853423705 246.22299013126693 246.221926805914 246.22112609207 246.22059689476325 246.22028695174365 246.2201251138052 246.22004947445112 246.2200177425938 246.22000576961642 246.22000170026408 246.22000045296875 246.2200001078812 246.2200000390447 246.2200001866099 246.2200007770732 246.2200029112625 246.22000987414285 246.22003036054997 246.2200846554616 246.2202140784577 246.22049099185978 246.22102132100787 246.22192680601347 246.2232968703926 246.22511627716375 246.2272010300643 246.2291922871898 246.23064243378616 246.23117497980905 246.23064243378616 246.2291922871898 246.2272010300643 246.22511627716375 246.2232968703926 246.22192680601347 246.22102132100787 246.22049099185978 246.2202140784577 246.2200846554616 246.22003036054997 246.22000987414285 246.2200029112625 246.2200007770732 246.2200001866099 246.22000006214068 246.22000029114093 246.22000120745636 246.22000451941574 246.2200153248195 246.22004711682072 246.22013137483074 246.22033222098327 246.22076195134852 246.22158494704607 246.2229901314801 246.22511627727744 246.2279397388016 246.23117497992274 246.234265128848 246.23651555089995 246.2373419868731 246.23651555089995 246.234265128848 246.23117497992274 246.2279397388016 246.22511627727744 246.2229901314801 246.22158494704607 246.22076195134852 246.22033222098327 246.22013137483074 246.22004711682072 246.2200153248195 246.22000451941574 246.22000120745636 246.22000029114093 246.22000008860266 246.22000041091465 246.22000170060514 246.2200063621031 246.220021570432 246.22006631685906 246.22018490784905 246.2204675936621 246.22107242813945 246.2222307734947 246.2242085345781 246.22720103030588 246.23117498005064 246.23572849902635 246.24007780445436 246.24324521582597 246.24440840328097 246.24324521582597 246.24007780445436 246.23572849902635 246.23117498005064 246.22720103030588 246.2242085345781 246.2222307734947 246.22107242813945 246.2204675936621 246.22018490784905 246.22006631685906 246.220021570432 246.2200063621031 246.22000170060514 246.22000041091465 246.22000011386942 246.22000052530836 246.22000217162898 246.22000812214222 246.22002753593648 246.22008465581686 246.2202360400415 246.220596895218 246.22136898084094 246.22284763628915 246.22537229544025 246.22919228754506 246.23426512908958 246.24007780456805 246.24562979658663 246.24967307267883 246.25115790918278 246.24967307267883 246.24562979658663 246.24007780456805 246.23426512908958 246.22919228754506 246.22537229544025 246.22284763628915 246.22136898084094 246.220596895218 246.2202360400415 246.22008465581686 246.22002753593648 246.22000812214222 246.22000217162898 246.22000052530836 246.2200001323152 246.22000060866145 246.22000251470044 246.22000940394784 246.22003188040094 246.2200980113332 246.22027327745485 246.22069106000396 246.22158494741555 246.22329687087577 246.22621981227846 246.23064243426933 246.23651555126943 246.24324521606755 246.24967307280673 246.2543542033614 246.2560732829812 246.2543542033614 246.24967307280673 246.24324521606755 246.23651555126943 246.23064243426933 246.22621981227846 246.22329687087577 246.22158494741555 246.22069106000396 246.22027327745485 246.2200980113332 246.22003188040094 246.22000940394784 246.22000251470044 246.22000060866145 246.22000013917008 246.22000063935266 246.22000264076954 246.2200098747539 246.22003347592556 246.2201029160404 246.2202869524542 246.2207256407834 246.22166425819557 246.22346184606548 246.22653105104564 246.23117498042012 246.23734198737048 246.24440840365045 246.25115790943858 246.2560732831091 246.25787838523178 246.2560732831091 246.25115790943858 246.24440840365045 246.23734198737048 246.23117498042012 246.22653105104564 246.22346184606548 246.22166425819557 246.2207256407834 246.2202869524542 246.2201029160404 246.22003347592556 246.2200098747539 246.22000264076954 246.22000063935266 246.22000013255678 246.22000060890304 246.22000251494202 246.22000940418943 246.22003188064252 246.22009801157478 246.22027327769644 246.22069106024554 246.22158494765713 246.22329687111736 246.22621981252004 246.2306424345109 246.23651555151102 246.24324521630913 246.2496730730483 246.254354203603 246.25607328322278 246.254354203603 246.2496730730483 246.24324521630913 246.23651555151102 246.2306424345109 246.22621981252004 246.22329687111736 246.22158494765713 246.22069106024554 246.22027327769644 246.22009801157478 246.22003188064252 246.22000940418943 246.22000251494202 246.22000060890304 246.2200001143668 246.22000052580574 246.22000217212636 246.2200081226396 246.22002753643386 246.22008465631424 246.22023604053888 246.22059689571537 246.22136898133832 246.22284763678653 246.22537229593763 246.22919228804244 246.23426512958696 246.24007780506543 246.245629797084 246.2496730731762 246.25115790968016 246.2496730731762 246.245629797084 246.24007780506543 246.23426512958696 246.22919228804244 246.22537229593763 246.22284763678653 246.22136898133832 246.22059689571537 246.22023604053888 246.22008465631424 246.22002753643386 246.2200081226396 246.22000217212636 246.22000052580574 246.22000008934162 246.22000041165361 246.2200017013441 246.22000636284207 246.22002157117097 246.22006631759803 246.220184908588 246.22046759440107 246.22107242887841 246.22223077423365 246.22420853531708 246.22720103104484 246.2311749807896 246.23572849976532 246.24007780519332 246.24324521656493 246.24440840401994 246.24324521656493 246.24007780519332 246.23572849976532 246.2311749807896 246.22720103104484 246.22420853531708 246.22223077423365 246.22107242887841 246.22046759440107 246.220184908588 246.22006631759803 246.22002157117097 246.22000636284207 246.2200017013441 246.22000041165361 246.22000006312123 246.22000029212148 246.2200012084369 246.2200045203963 246.22001532580006 246.22004711780127 246.2201313758113 246.22033222196382 246.22076195232907 246.22158494802662 246.22299013246064 246.22511627825799 246.22793973978216 246.2311749809033 246.23426512982854 246.2365155518805 246.23734198785365 246.2365155518805 246.23426512982854 246.2311749809033 246.22793973978216 246.22511627825799 246.22299013246064 246.22158494802662 246.22076195232907 246.22033222196382 246.2201313758113 246.22004711780127 246.22001532580006 246.2200045203963 246.2200012084369 246.22000029212148 246.22000004025261 246.22000018781782 246.22000077828113 246.22000291247042 246.22000987535077 246.2200303617579 246.2200846566695 246.22021407966562 246.2204909930677 246.2210213222158 246.2219268072214 246.22329687160052 246.22511627837167 246.22720103127222 246.2291922883977 246.23064243499408 246.23117498101698 246.23064243499408 246.2291922883977 246.22720103127222 246.22511627837167 246.22329687160052 246.2219268072214 246.2210213222158 246.2204909930677 246.22021407966562 246.2200846566695 246.2200303617579 246.22000987535077 246.22000291247042 246.22000077828113 246.22000018781782 246.22000002305998 246.22000010930228 246.22000045438983 246.22000170168516 246.2200057710375 246.22001774401488 246.2200494758722 246.2201251152263 246.22028695316473 246.22059689618433 246.22112609349108 246.22192680733508 246.222990132688 246.22420853565814 246.2253722964066 246.2262198131169 246.22653105175618 246.2262198131169 246.2253722964066 246.22420853565814 246.222990132688 246.22192680733508 246.22112609349108 246.22059689618433 246.22028695316473 246.2201251152263 246.2200494758722 246.22001774401488 246.2200057710375 246.22000170168516 246.22000045438983 246.22000010930228 246.2200000117358 246.22000005744937 246.22000024036637 246.22000090150738 246.2200030585071 246.22000940489997 246.22002622467895 246.22006631805277 246.22015210182292 246.22031639012891 246.22059689629802 246.22102132244316 246.22158494836768 246.2222307746884 246.22284763736917 246.2232968718279 246.2234618468897 246.2232968718279 246.22284763736917 246.2222307746884 246.22158494836768 246.22102132244316 246.22059689629802 246.22031639012891 246.22015210182292 246.22006631805277 246.22002622467895 246.22000940489997 246.2200030585071 246.22000090150738 246.22000024036637 246.22000005744937 246.2200000051363 246.2200000271128 246.22000011504892 246.220000432888 246.22000146985113 246.22000452083682 246.22001260683254 246.22003188145254 246.22007312142347 246.2201521019224 246.2202869533779 246.22049099339455 246.2207619527696 246.22107242943264 246.22136898202044 246.22158494846715 246.22166425911928 246.22158494846715 246.22136898202044 246.22107242943264 246.2207619527696 246.22049099339455 246.2202869533779 246.2201521019224 246.22007312142347 246.22003188145254 246.22001260683254 246.22000452083682 246.22000146985113 246.220000432888 246.22000011504892 246.2200000271128 246.22000000173787 246.22000001131997 246.22000004966145 246.22000018824414 246.22000064037584 246.22000197065205 246.22000549626924 246.22001390029695 246.22003188155202 246.22006631825172 246.22012511553893 246.22021408009195 246.22033222250383 246.22046759505477 246.22059689649697 246.22069106115504 246.22072564180658 246.22069106115504 246.22059689649697 246.22046759505477 246.22033222250383 246.22021408009195 246.22012511553893 246.22006631825172 246.22003188155202 246.22001390029695 246.22000549626924 246.22000197065205 246.22000064037584 246.22000018824414 246.22000004966145 246.22000001131997 246.2200000001883 246.22000000397753 246.2200000191396 246.22000007394195 246.2200002527368 246.22000077879272 246.22000217299322 246.2200054963545 246.22001260701728 246.22002622496316 246.2200494762701 246.2200846571811 246.22013137643657 246.22018490932697 246.22023604140574 246.2202732786912 246.22028695356263 246.2202732786912 246.22023604140574 246.22018490932697 246.22013137643657 246.2200846571811 246.2200494762701 246.22002622496316 246.22001260701728 246.2200054963545 246.22000217299322 246.22000077879272 246.2200002527368 246.22000007394195 246.2200000191396 246.22000000397753 246.21999999958774 246.22000000094675 246.22000000638474 246.22000002603994 246.22000009016585 246.22000027883914 246.220000778878 246.22000197082258 246.22000452110683 246.22000940526945 246.22001774449805 246.22003036235475 246.22004711851181 246.22006631842225 246.22008465726637 246.2200980126548 246.2201029172341 246.2200980126548 246.22008465726637 246.22006631842225 246.22004711851181 246.22003036235475 246.22001774449805 246.22000940526945 246.22000452110683 246.22000197082258 246.220000778878 246.22000027883914 246.22000009016585 246.22000002603994 246.22000000638474 246.22000000094675 246.21999999941423 246.2199999998563 246.2200000016252 246.2200000080188 246.2200000288781 246.22000009025112 246.22000025290734 246.22000064063164 246.2200014702064 246.22000305896185 246.22000577160594 246.2200098760329 246.22001532659587 246.22002157208047 246.22002753747125 246.2200318818078 246.22003347720454 246.2200318818078 246.22002753747125 246.22002157208047 246.22001532659587 246.2200098760329 246.22000577160594 246.22000305896185 246.2200014702064 246.22000064063164 246.22000025290734 246.22000009025112 246.2200000288781 246.2200000080188 246.2200000016252 246.2199999998563 246.21999999939732 246.21999999952774 246.2200000000496 246.22000000193586 246.22000000808984 246.22000002619626 246.22000007418353 246.220000188571 246.22000043331434 246.22000090203318 246.22000170232465 246.2200029132236 246.22000452126315 246.22000636382262 246.22000812374804 246.22000940542577 246.22000987610394 246.22000940542577 246.22000812374804 246.22000636382262 246.22000452126315 246.2200029132236 246.22000170232465 246.22000090203318 246.22000043331434 246.220000188571 246.22000007418353 246.22000002619626 246.22000000808984 246.22000000193586 246.2200000000496 246.21999999952774 246.21999999944143 246.2199999994763 246.21999999961594 246.22000000012065 246.22000000176732 246.2200000066121 246.22000001945224 246.22000005005935 246.2200001155463 246.22000024096323 246.22000045510038 246.22000077910536 246.22000120937483 246.2200017023957 246.22000217330586 246.22000251624942 246.22000264219062 246.22000251624942 246.22000217330586 246.2200017023957 246.22000120937483 246.22000077910536 246.22000045510038 246.22000024096323 246.2200001155463 246.22000005005935 246.22000001945224 246.2200000066121 246.22000000176732 246.22000000012065 246.21999999961594 246.2199999994763 246.219999999505 246.21999999951348 246.21999999954735 246.21999999966985 246.22000000006946 246.22000000124518 246.22000000436122 246.22000001178893 246.22000002768124 246.22000005811728 246.22000011008387 246.2200001887131 246.22000029313045 246.22000041277627 246.2200005270563 246.2200006102815 246.2200006408448 246.2200006102815 246.2200005270563 246.22000041277627 246.22000029313045 246.2200001887131 246.22000011008387 246.22000005811728 246.22000002768124 246.22000001178893 246.22000000436122 246.22000000124518 246.22000000006946 246.21999999966985 246.21999999954735 246.21999999951348 246.21999999703013 246.21999999703078 246.21999999703345 246.21999999704312 246.21999999707467 246.2199999971675 246.21999999741348 246.21999999799982 246.21999999925436 246.22000000165698 246.22000000575926 246.22000001196628 246.22000002020903 246.2200000296539 246.2200000386752 246.22000004524503 246.22000004765772 246.22000004524503 246.2200000386752 246.2200000296539 246.22000002020903 246.22000001196628 246.22000000575926 246.22000000165698 246.21999999925436 246.21999999799982 246.21999999741348 246.2199999971675 246.21999999707467 246.21999999704312 246.21999999703345 246.21999999703078 246.219999997045 246.21999999704803 246.2199999970602 246.2199999971041 246.21999999724744 246.21999999766913 246.2199999987867 246.2200000014507 246.2200000071506 246.22000001806666 246.22000003670482 246.22000006490566 246.22000010235564 246.22000014526736 246.22000018625462 246.22000021610387 246.22000022706558 246.22000021610387 246.22000018625462 246.22000014526736 246.22000010235564 246.22000006490566 246.22000003670482 246.22000001806666 246.2200000071506 246.2200000014507 246.2199999987867 246.21999999766913 246.21999999724744 246.2199999971041 246.2199999970602 246.21999999704803 246.21999999706188 246.2199999970744 246.2199999971245 246.2199999973055 246.21999999789608 246.2199999996337 246.2200000042389 246.22000001521633 246.22000003870363 246.22000008368522 246.22000016048685 246.2200002766933 246.22000043101218 246.22000060783722 246.22000077673215 246.22000089973102 246.22000094490065 246.22000089973102 246.22000077673215 246.22000060783722 246.22000043101218 246.2200002766933 246.22000016048685 246.22000008368522 246.22000003870363 246.22000001521633 246.2200000042389 246.2199999996337 246.21999999789608 246.2199999973055 246.2199999971245 246.2199999970744 246.21999999709996 246.21999999714674 246.21999999733393 246.21999999801045 246.2200000002176 246.2200000067116 246.22000002392252 246.2200000649483 246.22000015272707 246.22000032083605 246.22000060786564 246.22000104216224 246.22000161889582 246.22000227974144 246.22000291094986 246.2200033706317 246.2200035394434 246.2200033706317 246.22000291094986 246.22000227974144 246.22000161889582 246.22000104216224 246.22000060786564 246.22000032083605 246.22000015272707 246.2200000649483 246.22000002392252 246.2200000067116 246.2200000002176 246.21999999801045 246.21999999733393 246.21999999714674 246.21999999717414 246.2199999973327 246.21999999796714 246.22000000026023 246.22000000774156 246.22000002975338 246.22000008809107 246.22000022715085 246.2200005246831 246.2200010945003 246.2200020674073 246.22000353948604 246.22000549436498 246.22000773434763 246.22000987387284 246.22001143199668 246.22001200419584 246.22001143199668 246.22000987387284 246.22000773434763 246.22000549436498 246.22000353948604 246.2200020674073 246.2200010945003 246.2200005246831 246.22000022715085 246.22000008809107 246.22000002975338 246.22000000774156 246.22000000026023 246.21999999796714 246.2199999973327 246.2199999973096 246.21999999779703 246.2199999997474 246.22000000679685 246.220000029796 246.2200000974649 246.22000027680699 246.22000070430548 246.2200016189811 246.22000337071697 246.22000636163415 246.22001088710843 246.22001689681036 246.22002378297992 246.2200303603226 246.2200351503173 246.22003690937575 246.2200351503173 246.2200303603226 246.22002378297992 246.22001689681036 246.22001088710843 246.22000636163415 246.22000337071697 246.2200016189811 246.22000070430548 246.22000027680699 246.2200000974649 246.220000029796 246.22000000679685 246.2199999997474 246.21999999779703 246.21999999762664 246.21999999898566 246.22000000442364 246.22000002407884 246.22000008820476 246.22000027687804 246.2200007769169 246.22000196886148 246.22000451914573 246.22000940330835 246.22001774253695 246.22003036039365 246.22004711655072 246.22006631646116 246.22008465530527 246.2200980106937 246.220102915273 246.2200980106937 246.22008465530527 246.22006631646116 246.22004711655072 246.22003036039365 246.22001774253695 246.22000940330835 246.22000451914573 246.22000196886148 246.2200007769169 246.22000027687804 246.22000008820476 246.22000002407884 246.22000000442364 246.21999999898566 246.21999999826983 246.2200000017065 246.2200000154579 246.22000006516146 246.22000022732138 246.22000070443337 246.22000196891833 246.2200049830761 246.2200114321672 246.22002378310782 246.22004487112753 246.22007677882831 246.22011915135312 246.2201677035765 246.22021407835823 246.22024785110966 246.2202602536795 246.22024785110966 246.22021407835823 246.2201677035765 246.22011915135312 246.22007677882831 246.22004487112753 246.22002378310782 246.2200114321672 246.2200049830761 246.22000196891833 246.22000070443337 246.22000022732138 246.22000006516146 246.2200000154579 246.2200000017065 246.21999999960963 246.22000000749165 246.22000003903048 246.2200001530255 246.22000052493888 246.22000161919425 246.22000451928784 246.22001143225248 246.22002622322944 246.22005455008593 246.2201029154151 246.2201760956603 246.22027327695747 246.22038463138043 246.22049099184557 246.22056844958047 246.2205968948485 246.22056844958047 246.22049099184557 246.22038463138043 246.22027327695747 246.2201760956603 246.2201029154151 246.22005455008593 246.22002622322944 246.22001143225248 246.22000451928784 246.22000161919425 246.22000052493888 246.2200001530255 246.22000003903048 246.22000000749165 246.22000000209752 246.22000001849298 246.22000008409734 246.22000032121974 246.22000109484136 246.2200033710154 246.22000940353573 246.22002378327835 246.2200545501712 246.2201134732134 246.22021407852876 246.2203663016557 246.22056844966573 246.22080007936884 246.22102132107892 246.22118244186476 246.22124161121627 246.22118244186476 246.22102132107892 246.22080007936884 246.22056844966573 246.2203663016557 246.22021407852876 246.2201134732134 246.2200545501712 246.22002378327835 246.22000940353573 246.2200033710154 246.22000109484136 246.22000032121974 246.22000008409734 246.22000001849298 246.22000000628506 246.2200000372164 246.22000016098423 246.2200006083346 246.22000206783363 246.22000636201784 246.2200177428496 246.22004487138332 246.22010291558564 246.22021407861402 246.2204038785821 246.2206910596771 246.22107242805419 246.22150941600154 246.2219268061698 246.22223077340942 246.22234240112002 246.22223077340942 246.2219268061698 246.22150941600154 246.22107242805419 246.2206910596771 246.2204038785821 246.22021407861402 246.22010291558564 246.22004487138332 246.2200177428496 246.22000636201784 246.22000206783363 246.2200006083346 246.22000016098423 246.2200000372164 246.22000001259156 246.22000006551673 246.22000027729015 246.22000104273067 246.22000354001185 246.2200108875916 246.22003036080577 246.2200767791836 246.2201760959303 246.22036630184044 246.22069105977658 246.2211824420495 246.2218349838192 246.22258269365994 246.2232968706484 246.22381697491608 246.22400797592243 246.22381697491608 246.2232968706484 246.22258269365994 246.2218349838192 246.2211824420495 246.22069105977658 246.22036630184044 246.2201760959303 246.2200767791836 246.22003036080577 246.2200108875916 246.22000354001185 246.22000104273067 246.22000027729015 246.22000006551673 246.220000020948 246.2200001030804 246.22000043172272 246.22000161957794 246.22000549500447 246.22001689740722 246.22004711707652 246.22011915182208 246.22027327734116 246.22056844996416 246.22107242826735 246.2218349839329 246.22284763630336 246.22400797603612 246.22511627753323 246.22592340566513 246.22621981216477 246.22592340566513 246.22511627753323 246.22400797603612 246.22284763630336 246.2218349839329 246.22107242826735 246.22056844996416 246.22027327734116 246.22011915182208 246.22004711707652 246.22001689740722 246.22000549500447 246.22000161957794 246.22000043172272 246.2200001030804 246.22000003049234 246.2200001460916 246.22000060864724 246.22000228052303 246.2200077350866 246.22002378367625 246.22006631708643 246.22016770414493 246.2203846318636 246.22080007976675 246.22150941631418 246.2225826938731 246.2240079761356 246.22564112457601 246.22720103053325 246.22833704269644 246.22875422724934 246.22833704269644 246.22720103053325 246.22564112457601 246.2240079761356 246.2225826938731 246.22150941631418 246.22080007976675 246.2203846318636 246.22016770414493 246.22006631708643 246.22002378367625 246.2200077350866 246.22000228052303 246.22000060864724 246.2200001460916 246.22000003962734 246.22000018719254 246.22000077765586 246.22000291184514 246.2200098747255 246.22003036113261 246.22008465604424 246.22021407904035 246.22049099244242 246.2210213215905 246.22192680659612 246.22329687097525 246.2251162777464 246.22720103064694 246.22919228777243 246.2306424343688 246.2311749803917 246.2306424343688 246.22919228777243 246.22720103064694 246.2251162777464 246.22329687097525 246.22192680659612 246.2210213215905 246.22049099244242 246.22021407904035 246.22008465604424 246.22003036113261 246.2200098747255 246.22000291184514 246.22000077765586 246.22000018719254 246.22000004631084 246.22000021715547 246.2200009007684 246.22000337164067 246.22001143296302 246.220035151241 246.22009801154636 246.22024785190547 246.220568450291 246.22118244249003 246.22223077394943 246.2238169753566 246.22592340599198 246.2283370429238 246.2306424344825 246.23232135162448 246.2329379104255 246.23232135162448 246.2306424344825 246.2283370429238 246.22592340599198 246.2238169753566 246.22223077394943 246.22118244249003 246.220568450291 246.22024785190547 246.22009801154636 246.220035151241 246.22001143296302 246.22000337164067 246.2200009007684 246.22000021715547 246.220000048823 246.22000022821666 246.22000094603752 246.22000354055186 246.22001200526165 246.22003691039893 246.22010291622513 246.22026025457478 246.22059689565853 246.22124161194102 246.2223424017595 246.22400797646245 246.2262198125911 246.2287542275762 246.23117498060486 246.23293791052498 246.23358532184184 246.23293791052498 246.23117498060486 246.2287542275762 246.2262198125911 246.22400797646245 246.2223424017595 246.22124161194102 246.22059689565853 246.22026025457478 246.22010291622513 246.22003691039893 246.22001200526165 246.22000354055186 246.22000094603752 246.22000022821666 246.220000046524 246.22000021736864 246.22000090098157 246.22000337185384 246.22001143317618 246.22003515145417 246.22009801175952 246.22024785211863 246.22056845050417 246.2211824427032 246.2222307741626 246.22381697556978 246.22592340620514 246.22833704313697 246.23064243469565 246.23232135183764 246.23293791063867 246.23232135183764 246.23064243469565 246.22833704313697 246.22592340620514 246.22381697556978 246.2222307741626 246.2211824427032 246.22056845050417 246.22024785211863 246.22009801175952 246.22003515145417 246.22001143317618 246.22000337185384 246.22000090098157 246.22000021736864 246.22000004006787 246.22000018763308 246.2200007780964 246.22000291228568 246.22000987516603 246.22003036157315 246.22008465648477 246.22021407948088 246.22049099288296 246.22102132203105 246.22192680703665 246.22329687141578 246.22511627818693 246.22720103108747 246.22919228821297 246.23064243480934 246.23117498083224 246.23064243480934 246.22919228821297 246.22720103108747 246.22511627818693 246.22329687141578 246.22192680703665 246.22102132203105 246.22049099288296 246.22021407948088 246.22008465648477 246.22003036157315 246.22000987516603 246.22000291228568 246.2200007780964 246.22000018763308 246.22000003116025 246.2200001467595 246.22000060931515 246.22000228119094 246.2200077357545 246.22002378434416 246.22006631775434 246.22016770481284 246.2203846325315 246.22080008043466 246.2215094169821 246.22258269454102 246.2240079768035 246.22564112524392 246.22720103120116 246.22833704336435 246.22875422791725 246.22833704336435 246.22720103120116 246.22564112524392 246.2240079768035 246.22258269454102 246.2215094169821 246.22080008043466 246.2203846325315 246.22016770481284 246.22006631775434 246.22002378434416 246.2200077357545 246.22000228119094 246.22000060931515 246.2200001467595 246.22000002181485 246.22000010394726 246.2200004325896 246.2200016204448 246.22000549587133 246.22001689827408 246.22004711794338 246.22011915268894 246.22027327820803 246.22056845083102 246.2210724291342 246.22183498479976 246.22284763717022 246.22400797690298 246.2251162784001 246.225923406532 246.22621981303163 246.225923406532 246.2251162784001 246.22400797690298 246.22284763717022 246.22183498479976 246.2210724291342 246.22056845083102 246.22027327820803 246.22011915268894 246.22004711794338 246.22001689827408 246.22000549587133 246.2200016204448 246.2200004325896 246.22000010394726 246.2200000136858 246.22000006661096 246.2200002783844 246.2200010438249 246.22000354110608 246.22001088868583 246.2200303619 246.22007678027782 246.22017609702453 246.22036630293468 246.22069106087082 246.22118244314373 246.22183498491344 246.22258269475418 246.22329687174263 246.2238169760103 246.22400797701667 246.2238169760103 246.22329687174263 246.22258269475418 246.22183498491344 246.22118244314373 246.22069106087082 246.22036630293468 246.22017609702453 246.22007678027782 246.2200303619 246.22001088868583 246.22000354110608 246.2200010438249 246.2200002783844 246.22000006661096 246.22000000757825 246.2200000385096 246.22000016227742 246.2200006096278 246.22000206912682 246.22000636331103 246.22001774414278 246.2200448726765 246.22010291687883 246.2202140799072 246.22040387987528 246.2206910609703 246.22107242934737 246.22150941729473 246.22192680746298 246.2222307747026 246.2223424024132 246.2222307747026 246.22192680746298 246.22150941729473 246.22107242934737 246.2206910609703 246.22040387987528 246.2202140799072 246.22010291687883 246.2200448726765 246.22001774414278 246.22000636331103 246.22000206912682 246.2200006096278 246.22000016227742 246.2200000385096 246.22000000357545 246.2200000199709 246.22000008557526 246.22000032269767 246.2200010963193 246.22000337249332 246.22000940501366 246.22002378475628 246.22005455164913 246.22011347469132 246.22021408000668 246.22036630313363 246.22056845114366 246.22080008084677 246.22102132255685 246.22118244334268 246.2212416126942 246.22118244334268 246.22102132255685 246.22080008084677 246.22056845114366 246.22036630313363 246.22021408000668 246.22011347469132 246.22005455164913 246.22002378475628 246.22000940501366 246.22000337249332 246.2200010963193 246.22000032269767 246.22000008557526 246.2200000199709 246.2200000012581 246.2200000091401 246.22000004067894 246.22000015467395 246.22000052658734 246.2200016208427 246.2200045209363 246.22001143390094 246.2200262248779 246.2200545517344 246.22010291706357 246.22017609730875 246.22027327860593 246.22038463302889 246.22049099349402 246.22056845122893 246.22059689649697 246.22056845122893 246.22049099349402 246.22038463302889 246.22027327860593 246.22017609730875 246.22010291706357 246.2200545517344 246.2200262248779 246.22001143390094 246.2200045209363 246.2200016208427 246.22000052658734 246.22000015467395 246.22000004067894 246.2200000091401 246.22000000008882 246.22000000352548 246.2200000172769 246.22000006698045 246.22000022914037 246.22000070625236 246.22000197073731 246.2200049848951 246.2200114339862 246.2200237849268 246.22004487294652 246.2200767806473 246.2201191531721 246.22016770539548 246.22021408017721 246.22024785292865 246.2202602554985 246.22024785292865 246.22021408017721 246.22016770539548 246.2201191531721 246.2200767806473 246.22004487294652 246.2200237849268 246.2200114339862 246.2200049848951 246.22000197073731 246.22000070625236 246.22000022914037 246.22000006698045 246.2200000172769 246.22000000352548 246.21999999958774 246.22000000094675 246.22000000638474 246.22000002603994 246.22000009016585 246.22000027883914 246.220000778878 246.22000197082258 246.22000452110683 246.22000940526945 246.22001774449805 246.22003036235475 246.22004711851181 246.22006631842225 246.22008465726637 246.2200980126548 246.2201029172341 246.2200980126548 246.22008465726637 246.22006631842225 246.22004711851181 246.22003036235475 246.22001774449805 246.22000940526945 246.22000452110683 246.22000197082258 246.220000778878 246.22000027883914 246.22000009016585 246.22000002603994 246.22000000638474 246.22000000094675 246.21999999942702 246.21999999991445 246.2200000018648 246.22000000891427 246.22000003191343 246.2200000995823 246.2200002789244 246.2200007064229 246.2200016210985 246.22000337283438 246.22000636375157 246.22001088922585 246.22001689892778 246.22002378509734 246.22003036244 246.22003515243472 246.22003691149317 246.22003515243472 246.22003036244 246.22002378509734 246.22001689892778 246.22001088922585 246.22000636375157 246.22000337283438 246.2200016210985 246.2200007064229 246.2200002789244 246.2200000995823 246.22000003191343 246.22000000891427 246.2200000018648 246.21999999991445 246.21999999940525 246.2199999995638 246.22000000019824 246.22000000249133 246.22000000997267 246.22000003198448 246.22000009032217 246.22000022938195 246.2200005269142 246.2200010967314 246.2200020696384 246.22000354171715 246.2200054965961 246.22000773657874 246.22000987610394 246.22001143422779 246.22001200642694 246.22001143422779 246.22000987610394 246.22000773657874 246.2200054965961 246.22000354171715 246.2200020696384 246.2200010967314 246.2200005269142 246.22000022938195 246.22000009032217 246.22000003198448 246.22000000997267 246.22000000249133 246.22000000019824 246.2199999995638 246.21999999944475 246.21999999949153 246.21999999967872 246.22000000035524 246.2200000025624 246.22000000905638 246.22000002626731 246.22000006729309 246.22000015507186 246.22000032318084 246.22000061021043 246.22000104450703 246.2200016212406 246.22000228208623 246.22000291329465 246.2200033729765 246.2200035417882 246.2200033729765 246.22000291329465 246.22000228208623 246.2200016212406 246.22000104450703 246.22000061021043 246.22000032318084 246.22000015507186 246.22000006729309 246.22000002626731 246.22000000905638 246.2200000025624 246.22000000035524 246.21999999967872 246.21999999949153 246.21999999949193 246.21999999950447 246.21999999955455 246.21999999973556 246.22000000032614 246.22000000206376 246.22000000666895 246.22000001764638 246.2200000411337 246.22000008611528 246.2200001629169 246.22000027912335 246.22000043344224 246.22000061026728 246.2200007791622 246.22000090216108 246.2200009473307 246.22000090216108 246.2200007791622 246.22000061026728 246.22000043344224 246.22000027912335 246.2200001629169 246.22000008611528 246.2200000411337 246.22000001764638 246.22000000666895 246.22000000206376 246.22000000032614 246.21999999973556 246.21999999955455 246.21999999950447 246.2199999995461 246.21999999954915 246.2199999995613 246.21999999960522 246.21999999974855 246.22000000017024 246.22000000128781 246.2200000039518 246.2200000096517 246.22000002056777 246.22000003920593 246.22000006740677 246.22000010485675 246.22000014776847 246.22000018875573 246.22000021860498 246.2200002295667 246.22000021860498 246.22000018875573 246.22000014776847 246.22000010485675 246.22000006740677 246.22000003920593 246.22000002056777 246.2200000096517 246.2200000039518 246.22000000128781 246.22000000017024 246.21999999974855 246.21999999960522 246.2199999995613 246.21999999954915 246.21999999734263 246.21999999734285 246.2199999973437 246.21999999734686 246.21999999735712 246.2199999973873 246.21999999746734 246.21999999765805 246.21999999806616 246.2199999988477 246.2200000001821 246.22000000220117 246.22000000488242 246.22000000795472 246.22000001088924 246.22000001302632 246.22000001381113 246.22000001302632 246.22000001088924 246.22000000795472 246.22000000488242 246.22000000220117 246.2200000001821 246.2199999988477 246.21999999806616 246.21999999765805 246.21999999746734 246.2199999973873 246.21999999735712 246.21999999734686 246.2199999973437 246.21999999734285 246.21999999734285 246.21999999734385 246.2199999973478 246.21999999736207 246.2199999974087 246.21999999754587 246.2199999979094 246.21999999877596 246.22000000063005 246.22000000418092 246.22000001024367 246.22000001941706 246.22000003159906 246.22000004555767 246.22000005889032 246.2200000685999 246.2200000721656 246.2200000685999 246.22000005889032 246.22000004555767 246.22000003159906 246.22000001941706 246.22000001024367 246.22000000418092 246.22000000063005 246.21999999877596 246.2199999979094 246.21999999754587 246.2199999974087 246.21999999736207 246.2199999973478 246.21999999734385 246.21999999735792 246.219999997362 246.2199999973783 246.21999999743718 246.2199999976293 246.2199999981945 246.21999999969253 246.22000000326335 246.22000001090345 246.2200000255354 246.22000005051797 246.22000008831844 246.22000013851638 246.22000019603533 246.22000025097466 246.22000029098461 246.22000030567773 246.22000029098461 246.22000025097466 246.22000019603533 246.22000013851638 246.22000008831844 246.22000005051797 246.2200000255354 246.22000001090345 246.22000000326335 246.21999999969253 246.2199999981945 246.2199999976293 246.21999999743718 246.2199999973783 246.219999997362 246.2199999973895 246.2199999974047 246.2199999974656 246.21999999768565 246.2199999984036 246.22000000051602 246.22000000611453 246.2200000194597 246.220000048013 246.2200001026967 246.22000019606375 246.22000033733485 246.22000052493888 246.2200007399035 246.2200009452275 246.2200010947561 246.22000114966838 246.2200010947561 246.2200009452275 246.2200007399035 246.22000052493888 246.22000033733485 246.22000019606375 246.2200001026967 246.220000048013 246.2200000194597 246.22000000611453 246.22000000051602 246.2199999984036 246.21999999768565 246.2199999974656 246.2199999974047 246.21999999742818 246.21999999747976 246.21999999768613 246.21999999843203 246.2200000008656 246.22000000802578 246.22000002700227 246.22000007223664 246.22000016902007 246.2200003543743 246.22000067084846 246.2200011496968 246.22000178559387 246.22000251423148 246.22000321019158 246.22000371702927 246.22000390315833 246.22000371702927 246.22000321019158 246.22000251423148 246.22000178559387 246.2200011496968 246.22000067084846 246.2200003543743 246.22000016902007 246.22000007223664 246.22000002700227 246.22000000802578 246.2200000008656 246.21999999843203 246.21999999768613 246.21999999747976 246.2199999975152 246.21999999767377 246.2199999983082 246.2200000006013 246.22000000808262 246.22000003009444 246.22000008843213 246.2200002274919 246.22000052502415 246.22000109484136 246.22000206774837 246.2200035398271 246.22000549470604 246.2200077346887 246.2200098742139 246.22001143233774 246.2200120045369 246.22001143233774 246.2200098742139 246.2200077346887 246.22000549470604 246.2200035398271 246.22000206774837 246.22000109484136 246.22000052502415 246.2200002274919 246.22000008843213 246.22000003009444 246.22000000808262 246.2200000006013 246.2199999983082 246.21999999767377 246.21999999763787 246.21999999807994 246.21999999984885 246.22000000624243 246.22000002710175 246.22000008847476 246.22000025113098 246.22000063885528 246.22000146843004 246.2200030571855 246.22000576982958 246.22000987425653 246.2200153248195 246.2200215703041 246.2200275356949 246.22003188003146 246.22003347542818 246.22003188003146 246.2200275356949 246.2200215703041 246.2200153248195 246.22000987425653 246.22000576982958 246.2200030571855 246.22000146843004 246.22000063885528 246.22000025113098 246.22000008847476 246.22000002710175 246.22000000624243 246.21999999984885 246.21999999807994 246.21999999789963 246.21999999901755 246.22000000349072 246.22000001965864 246.22000007240717 246.2200002276056 246.22000063892634 246.2200016193932 246.2200037171998 246.22000773480238 246.22001459446471 246.22002497363053 246.22003875686937 246.22005455028489 246.2200696354066 246.22008062124945 246.22008465564633 246.22008062124945 246.2200696354066 246.22005455028489 246.22003875686937 246.22002497363053 246.22001459446471 246.22000773480238 246.2200037171998 246.2200016193932 246.22000063892634 246.2200002276056 246.22000007240717 246.22000001965864 246.22000000349072 246.21999999901755 246.2199999983788 246.2200000009427 246.22000001120188 246.220000048283 246.22000016926165 246.2200005252089 246.22000146857215 246.22000371727086 246.22000852858596 246.22001774294907 246.2200334755703 246.22005728016543 246.22008889199495 246.22012511416048 246.2201597118556 246.22018490786326 246.22019416074411 246.22018490786326 246.2201597118556 246.22012511416048 246.22008889199495 246.22005728016543 246.2200334755703 246.22001774294907 246.22000852858596 246.22000371727086 246.22000146857215 246.2200005252089 246.22000016926165 246.220000048283 246.22000001120188 246.2200000009427 246.2199999992314 246.2200000045646 246.22000002590488 246.22000010303776 246.22000035468693 246.22000109509716 246.22000305739866 246.2200077349445 246.22001774302012 246.22003690992997 246.2200696355487 246.22011915177944 246.2201849079343 246.22026025410582 246.22033222119643 246.2203846317215 246.22040387875262 246.2203846317215 246.22033222119643 246.22026025410582 246.2201849079343 246.22011915177944 246.2200696355487 246.22003690992997 246.22001774302012 246.2200077349445 246.22000305739866 246.22000109509716 246.22000035468693 246.22000010303776 246.22000002590488 246.2200000045646 246.22000000065105 246.22000001071262 246.22000005097271 246.22000019649008 246.22000067124637 246.22000206808943 246.220005770128 246.2200145946921 246.2200334757266 246.22006963563396 246.22013137512917 246.22022479145593 246.22034884569752 246.2204909922719 246.22062676394012 246.22072564058445 246.22076195164695 246.22072564058445 246.22062676394012 246.2204909922719 246.22034884569752 246.22022479145593 246.22013137512917 246.22006963563396 246.2200334757266 246.2200145946921 246.220005770128 246.22000206808943 246.22000067124637 246.22000019649008 246.22000005097271 246.22000001071262 246.2200000027554 246.22000001997128 246.22000008885846 246.22000033784644 246.22000115017997 246.22000354025343 246.22000987464023 246.22002497394317 246.22005728040702 246.22011915194997 246.2202247915412 246.22038463189202 246.2205968953601 246.22084011578104 246.22107242839525 246.2212416116426 246.22130374182012 246.2212416116426 246.22107242839525 246.22084011578104 246.2205968953601 246.22038463189202 246.2202247915412 246.22011915194997 246.22005728040702 246.22002497394317 246.22000987464023 246.22000354025343 246.22000115017997 246.22000033784644 246.22000008885846 246.22000001997128 246.22000000553612 246.22000003225276 246.22000013915587 246.22000052554995 246.2200017861765 246.22000549523185 246.22001532530268 246.2200387572815 246.220088892336 246.22018490820432 246.22034884588226 246.22059689545958 246.22092629828725 246.2213037419196 246.22166425818136 246.22192680661033 246.2220232238429 246.22192680661033 246.22166425818136 246.2213037419196 246.22092629828725 246.22059689545958 246.22034884588226 246.22018490820432 246.220088892336 246.2200387572815 246.22001532530268 246.22000549523185 246.2200017861765 246.22000052554995 246.22000013915587 246.22000003225276 246.2200000086937 246.22000004629663 246.22000019676008 246.22000074059983 246.2200025148994 246.22000773529976 246.22002157087255 246.22005455078227 246.2201251145868 246.2202602544611 246.2204909925419 246.22084011596579 246.22130374200486 246.22183498424553 246.22234240164582 246.2227119318318 246.222847636616 246.2227119318318 246.22234240164582 246.22183498424553 246.22130374200486 246.22084011596579 246.2204909925419 246.2202602544611 246.2201251145868 246.22005455078227 246.22002157087255 246.22000773529976 246.2200025148994 246.22000074059983 246.22000019676008 246.22000004629663 246.22000001172768 246.22000005972876 246.2200002517989 246.2200009460233 246.22000321095896 246.22000987492444 246.2200275363628 246.22006963600344 246.2201597123814 246.22033222165118 246.2206267643096 246.22107242867946 246.2216642583661 246.2223424017453 246.222990132148 246.223461846236 246.22363507662672 246.223461846236 246.222990132148 246.2223424017453 246.2216642583661 246.22107242867946 246.2206267643096 246.22033222165118 246.2201597123814 246.22006963600344 246.2200275363628 246.22000987492444 246.22000321095896 246.2200009460233 246.2200002517989 246.22000005972876 246.22000001396424 246.2200000695378 246.22000029190832 246.22000109565138 246.22000371789613 246.22001143314776 246.22003188079884 246.22008062194578 246.22018490848853 246.2203846322757 246.2207256410534 246.2212416120263 246.22192680689454 246.22271193203076 246.22346184633548 246.2240079765477 246.2242085352176 246.2240079765477 246.22346184633548 246.22271193203076 246.22192680689454 246.2212416120263 246.2207256410534 246.2203846322757 246.22018490848853 246.22008062194578 246.22003188079884 246.22001143314776 246.22000371789613 246.22000109565138 246.22000029190832 246.2200000695378 246.22000001484852 246.22000007320298 246.2200003067009 246.22000115066314 246.22000390412467 246.2200120054464 246.22003347629504 246.22008465644214 246.22019416146887 246.22040387940632 246.22076195221538 246.2213037423033 246.2220232242266 246.22284763691442 246.22363507682567 246.22420853531708 246.22441912991465 246.22420853531708 246.22363507682567 246.22284763691442 246.2220232242266 246.2213037423033 246.22076195221538 246.22040387940632 246.22019416146887 246.22008465644214 246.22003347629504 246.2200120054464 246.22000390412467 246.22000115066314 246.2200003067009 246.22000007320298 246.2200000141632 246.22000006973676 246.22000029210727 246.22000109585034 246.22000371809509 246.2200114333467 246.2200318809978 246.22008062214474 246.2201849086875 246.22038463247466 246.22072564125236 246.22124161222524 246.2219268070935 246.2227119322297 246.22346184653443 246.22400797674666 246.22420853541655 246.22400797674666 246.22346184653443 246.2227119322297 246.2219268070935 246.22124161222524 246.22072564125236 246.22038463247466 246.2201849086875 246.22008062214474 246.2200318809978 246.2200114333467 246.22000371809509 246.22000109585034 246.22000029210727 246.22000006973676 246.22000001212558 246.22000006012667 246.2200002521968 246.2200009464212 246.22000321135687 246.22000987532235 246.2200275367607 246.22006963640135 246.2201597127793 246.22033222204908 246.2206267647075 246.22107242907737 246.221664258764 246.2223424021432 246.2229901325459 246.2234618466339 246.22363507702462 246.2234618466339 246.2229901325459 246.2223424021432 246.221664258764 246.22107242907737 246.2206267647075 246.22033222204908 246.2201597127793 246.22006963640135 246.2200275367607 246.22000987532235 246.22000321135687 246.2200009464212 246.2200002521968 246.22000006012667 246.22000000929054 246.2200000468935 246.22000019735694 246.22000074119669 246.22000251549625 246.22000773589662 246.2200215714694 246.22005455137912 246.22012511518366 246.22026025505795 246.22049099313875 246.22084011656264 246.22130374260172 246.2218349848424 246.22234240224267 246.22271193242867 246.22284763721285 246.22271193242867 246.22234240224267 246.2218349848424 246.22130374260172 246.22084011656264 246.22049099313875 246.22026025505795 246.22012511518366 246.22005455137912 246.2200215714694 246.22000773589662 246.22000251549625 246.22000074119669 246.22000019735694 246.2200000468935 246.22000000631772 246.22000003303435 246.22000013993747 246.22000052633155 246.2200017869581 246.22000549601344 246.22001532608428 246.22003875806308 246.2200888931176 246.2201849089859 246.22034884666385 246.22059689624118 246.22092629906885 246.2213037427012 246.22166425896296 246.22192680739192 246.2220232246245 246.22192680739192 246.22166425896296 246.2213037427012 246.22092629906885 246.22059689624118 246.22034884666385 246.2201849089859 246.2200888931176 246.22003875806308 246.22001532608428 246.22000549601344 246.2200017869581 246.22000052633155 246.22000013993747 246.22000003303435 246.22000000373595 246.22000002095183 246.220000089839 246.220000338827 246.22000115116052 246.22000354123398 246.22000987562078 246.22002497492372 246.22005728138757 246.22011915293052 246.22022479252175 246.22038463287257 246.22059689634065 246.2208401167616 246.2210724293758 246.22124161262315 246.22130374280067 246.22124161262315 246.2210724293758 246.2208401167616 246.22059689634065 246.22038463287257 246.22022479252175 246.22011915293052 246.22005728138757 246.22002497492372 246.22000987562078 246.22000354123398 246.22000115116052 246.220000338827 246.220000089839 246.22000002095183 246.22000000180213 246.2200000118637 246.2200000521238 246.22000019764116 246.22000067239745 246.2200020692405 246.2200057712791 246.22001459584317 246.2200334768777 246.22006963678504 246.22013137628025 246.220224792607 246.2203488468486 246.22049099342297 246.2206267650912 246.22072564173553 246.22076195279803 246.22072564173553 246.2206267650912 246.22049099342297 246.2203488468486 246.220224792607 246.22013137628025 246.22006963678504 246.2200334768777 246.22001459584317 246.2200057712791 246.2200020692405 246.22000067239745 246.22000019764116 246.2200000521238 246.2200000118637 246.220000000553 246.22000000588622 246.2200000272265 246.22000010435937 246.22000035600854 246.22000109641877 246.22000305872027 246.2200077362661 246.22001774434173 246.22003691125158 246.2200696368703 246.22011915310105 246.22018490925592 246.22026025542743 246.22033222251804 246.2203846330431 246.22040388007423 246.2203846330431 246.22033222251804 246.22026025542743 246.22018490925592 246.22011915310105 246.2200696368703 246.22003691125158 246.22001774434173 246.2200077362661 246.22000305872027 246.22000109641877 246.22000035600854 246.22000010435937 246.2200000272265 246.22000000588622 246.21999999985673 246.22000000242062 246.2200000126798 246.22000004976093 246.22000017073958 246.22000052668682 246.22000147005008 246.22000371874879 246.2200085300639 246.220017744427 246.22003347704822 246.22005728164336 246.22008889347288 246.2201251156384 246.22015971333352 246.22018490934119 246.22019416222204 246.22018490934119 246.22015971333352 246.2201251156384 246.22008889347288 246.22005728164336 246.22003347704822 246.220017744427 246.2200085300639 246.22000371874879 246.22000147005008 246.22000052668682 246.22000017073958 246.22000004976093 246.2200000126798 246.22000000242062 246.21999999953388 246.2200000006518 246.22000000512497 246.2200000212929 246.22000007404142 246.22000022923984 246.22000064056058 246.22000162102745 246.22000371883405 246.22000773643663 246.22001459609896 246.22002497526478 246.22003875850362 246.22005455191913 246.22006963704084 246.2200806228837 246.22008465728058 246.2200806228837 246.22006963704084 246.22005455191913 246.22003875850362 246.22002497526478 246.22001459609896 246.22000773643663 246.22000371883405 246.22000162102745 246.22000064056058 246.22000022923984 246.22000007404142 246.2200000212929 246.22000000512497 246.2200000006518 246.21999999941423 246.2199999998563 246.2200000016252 246.2200000080188 246.2200000288781 246.22000009025112 246.22000025290734 246.22000064063164 246.2200014702064 246.22000305896185 246.22000577160594 246.2200098760329 246.22001532659587 246.22002157208047 246.22002753747125 246.2200318818078 246.22003347720454 246.2200318818078 246.22002753747125 246.22002157208047 246.22001532659587 246.2200098760329 246.22000577160594 246.22000305896185 246.2200014702064 246.22000064063164 246.22000025290734 246.22000009025112 246.2200000288781 246.2200000080188 246.2200000016252 246.2199999998563 246.21999999940525 246.2199999995638 246.22000000019824 246.22000000249133 246.22000000997267 246.22000003198448 246.22000009032217 246.22000022938195 246.2200005269142 246.2200010967314 246.2200020696384 246.22000354171715 246.2200054965961 246.22000773657874 246.22000987610394 246.22001143422779 246.22001200642694 246.22001143422779 246.22000987610394 246.22000773657874 246.2200054965961 246.22000354171715 246.2200020696384 246.2200010967314 246.2200005269142 246.22000022938195 246.22000009032217 246.22000003198448 246.22000000997267 246.22000000249133 246.22000000019824 246.2199999995638 246.2199999994319 246.2199999994835 246.21999999968986 246.22000000043576 246.22000000286934 246.2200000100295 246.220000029006 246.22000007424037 246.2200001710238 246.22000035637802 246.2200006728522 246.22000115170053 246.2200017875976 246.2200025162352 246.2200032121953 246.220003719033 246.22000390516206 246.220003719033 246.2200032121953 246.2200025162352 246.2200017875976 246.22000115170053 246.2200006728522 246.22000035637802 246.2200001710238 246.22000007424037 246.220000029006 246.2200000100295 246.22000000286934 246.22000000043576 246.21999999968986 246.2199999994835 246.2199999994927 246.2199999995079 246.2199999995688 246.21999999978885 246.22000000050681 246.22000000261923 246.22000000821774 246.2200000215629 246.2200000501162 246.2200001047999 246.22000019816696 246.22000033943806 246.2200005270421 246.2200007420067 246.2200009473307 246.2200010968593 246.22000115177158 246.2200010968593 246.2200009473307 246.2200007420067 246.2200005270421 246.22000033943806 246.22000019816696 246.2200001047999 246.2200000501162 246.2200000215629 246.22000000821774 246.22000000261923 246.22000000050681 246.21999999978885 246.2199999995688 246.2199999995079 246.2199999995464 246.21999999955048 246.21999999956677 246.21999999962566 246.21999999981776 246.22000000038298 246.220000001881 246.22000000545182 246.22000001309192 246.22000002772387 246.22000005270644 246.22000009050691 246.22000014070485 246.2200001982238 246.22000025316314 246.2200002931731 246.2200003078662 246.2200002931731 246.22000025316314 246.2200001982238 246.22000014070485 246.22000009050691 246.22000005270644 246.22000002772387 246.22000001309192 246.22000000545182 246.220000001881 246.22000000038298 246.21999999981776 246.21999999962566 246.21999999956677 246.21999999955048 246.21999999958817 246.21999999958916 246.2199999995931 246.21999999960738 246.21999999965402 246.21999999979118 246.22000000015473 246.22000000102128 246.22000000287537 246.22000000642623 246.22000001248898 246.22000002166237 246.22000003384437 246.22000004780298 246.22000006113564 246.2200000708452 246.2200000744109 246.2200000708452 246.22000006113564 246.22000004780298 246.22000003384437 246.22000002166237 246.22000001248898 246.22000000642623 246.22000000287537 246.22000000102128 246.22000000015473 246.21999999979118 246.21999999965402 246.21999999960738 246.2199999995931 246.21999999958916 246.2199999976126 246.21999999761266 246.21999999761292 246.21999999761385 246.21999999761687 246.21999999762576 246.21999999764938 246.21999999770566 246.21999999782605 246.2199999980566 246.2199999984503 246.21999999904597 246.219999999837 246.2200000007434 246.22000000160915 246.22000000223963 246.22000000247118 246.22000000223963 246.22000000160915 246.2200000007434 246.219999999837 246.21999999904597 246.2199999984503 246.2199999980566 246.21999999782605 246.21999999770566 246.21999999764938 246.21999999762576 246.21999999761687 246.21999999761385 246.21999999761292 246.21999999761266 246.21999999762687 246.21999999762716 246.21999999762832 246.21999999763256 246.21999999764628 246.21999999768676 246.21999999779402 246.21999999804967 246.21999999859668 246.21999999964424 246.2200000014329 246.22000000413925 246.22000000773323 246.22000001185134 246.22000001578476 246.2200000186493 246.22000001970127 246.2200000186493 246.22000001578476 246.22000001185134 246.22000000773323 246.22000000413925 246.2200000014329 246.21999999964424 246.21999999859668 246.21999999804967 246.21999999779402 246.21999999768676 246.21999999764628 246.21999999763256 246.21999999762832 246.21999999762716 246.21999999764134 246.21999999764253 246.21999999764734 246.21999999766473 246.2199999977214 246.21999999788815 246.21999999833008 246.21999999938356 246.22000000163757 246.22000000595432 246.22000001332475 246.22000002447675 246.22000003928628 246.22000005625566 246.22000007246402 246.22000008426787 246.22000008860266 246.22000008426787 246.22000007246402 246.22000005625566 246.22000003928628 246.22000002447675 246.22000001332475 246.22000000595432 246.22000000163757 246.21999999938356 246.21999999833008 246.21999999788815 246.2199999977214 246.21999999766473 246.21999999764734 246.21999999764253 246.2199999976565 246.21999999766098 246.21999999767894 246.21999999774386 246.21999999795565 246.21999999857888 246.22000000023056 246.22000000416767 246.22000001259156 246.22000002872448 246.22000005626987 246.22000009794806 246.2200001532955 246.22000021671494 246.22000027729015 246.22000032140448 246.22000033760486 246.22000032140448 246.22000027729015 246.22000021671494 246.2200001532955 246.22000009794806 246.22000005626987 246.22000002872448 246.22000001259156 246.22000000416767 246.22000000023056 246.21999999857888 246.21999999795565 246.21999999774386 246.21999999767894 246.21999999766098 246.21999999770213 246.21999999771734 246.21999999777825 246.2199999979983 246.21999999871625 246.22000000082866 246.22000000642717 246.22000001977233 246.22000004832563 246.22000010300934 246.2200001963764 246.2200003376475 246.22000052525152 246.22000074021614 246.22000094554014 246.22000109506874 246.22000114998102 246.22000109506874 246.22000094554014 246.22000074021614 246.22000052525152 246.2200003376475 246.2200001963764 246.22000010300934 246.22000004832563 246.22000001977233 246.22000000642717 246.22000000082866 246.21999999871625 246.2199999979983 246.21999999777825 246.21999999771734 246.21999999773945 246.21999999778623 246.21999999797342 246.21999999864994 246.22000000085708 246.22000000735108 246.220000024562 246.22000006558778 246.22000015336656 246.22000032147554 246.22000060850513 246.22000104280173 246.2200016195353 246.22000228038092 246.22000291158935 246.2200033712712 246.2200035400829 246.2200033712712 246.22000291158935 246.22000228038092 246.2200016195353 246.22000104280173 246.22000060850513 246.22000032147554 246.22000015336656 246.22000006558778 246.220000024562 246.22000000735108 246.22000000085708 246.21999999864994 246.21999999797342 246.21999999778623 246.2199999978199 246.21999999795034 246.2199999984722 246.22000000035845 246.22000000651244 246.22000002461886 246.22000007260613 246.2200001869936 246.22000043173693 246.22000090045577 246.22000170074725 246.2200029116462 246.22000451968574 246.22000636224521 246.22000812217064 246.22000940384837 246.22000987452654 246.22000940384837 246.22000812217064 246.22000636224521 246.22000451968574 246.2200029116462 246.22000170074725 246.22000090045577 246.22000043173693 246.2200001869936 246.22000007260613 246.22000002461886 246.22000000651244 246.22000000035845 246.2199999984722 246.21999999795034 246.21999999793303 246.21999999826284 246.2199999995825 246.2200000043524 246.22000001991444 246.22000006570147 246.22000018705043 246.22000047631036 246.22000109521085 246.2200022804946 246.2200043042504 246.2200073663395 246.22001143270722 246.22001609212262 246.2200205425753 246.22002378364783 246.22002497388632 246.22002378364783 246.2200205425753 246.22001609212262 246.22001143270722 246.2200073663395 246.2200043042504 246.2200022804946 246.22000109521085 246.22000047631036 246.22000018705043 246.22000006570147 246.22000001991444 246.2200000043524 246.2199999995825 246.21999999826284 246.21999999811027 246.21999999886668 246.22000000189337 246.22000001283314 246.22000004852458 246.2200001535371 246.22000043185062 246.2200010952677 246.22000251471465 246.22000523316052 246.22000987464023 246.22001689753512 246.22002622374103 246.2200369101005 246.22004711720442 246.22005455059752 246.22005728040702 246.22005455059752 246.22004711720442 246.2200369101005 246.22002622374103 246.22001689753512 246.22000987464023 246.22000523316052 246.22000251471465 246.2200010952677 246.22000043185062 246.2200001535371 246.22000004852458 246.22000001283314 246.22000000189337 246.21999999886668 246.21999999841188 246.2199999999853 246.22000000628117 246.22000002903712 246.22000010327935 246.22000032171712 246.2200009006405 246.2200022806225 246.22000523323157 246.22001088790424 246.2200205427032 246.2200351511131 246.22005455066858 246.22007677949622 246.22009801141846 246.22011347371077 246.22011915202103 246.22011347371077 246.22009801141846 246.22007677949622 246.22005455066858 246.2200351511131 246.2200205427032 246.22001088790424 246.22000523323157 246.2200022806225 246.2200009006405 246.22000032171712 246.22000010327935 246.22000002903712 246.22000000628117 246.2199999999853 246.21999999887663 246.22000000184502 246.22000001372265 246.22000005665356 246.22000019671745 246.22000060881777 246.22000170100304 246.22000430444936 246.22000987478233 246.22002054277425 246.22003875732412 246.22006631725696 246.2201029160688 246.22014485252876 246.22018490824695 246.2202140790972 246.2202247916833 246.2202140790972 246.22018490824695 246.22014485252876 246.2201029160688 246.22006631725696 246.22003875732412 246.22002054277425 246.22000987478233 246.22000430444936 246.22000170100304 246.22000060881777 246.22000019671745 246.22000005665356 246.22000001372265 246.22000000184502 246.21999999955756 246.22000000463663 246.22000002495992 246.22000009841702 246.22000033807382 246.22000104319963 246.22000291198725 246.22000736662372 246.2200168977625 246.22003515126943 246.22006631734223 246.2201134738671 246.22017609639926 246.2202478519339 246.22031638941837 246.2203663023094 246.2203846321194 246.2203663023094 246.22031638941837 246.2202478519339 246.22017609639926 246.2201134738671 246.22006631734223 246.22003515126943 246.2200168977625 246.22000736662372 246.22000291198725 246.22000104319963 246.22000033807382 246.22000009841702 246.22000002495992 246.22000000463663 246.22000000041965 246.22000000830167 246.2200000398405 246.2200001538355 246.2200005257489 246.22000162000427 246.22000452009786 246.2200114330625 246.22002622403946 246.22005455089595 246.22010291622513 246.2201760964703 246.2202732777675 246.22038463219045 246.22049099265558 246.2205684503905 246.22059689565853 246.2205684503905 246.22049099265558 246.22038463219045 246.2202732777675 246.2201760964703 246.22010291622513 246.22005455089595 246.22002622403946 246.2200114330625 246.22000452009786 246.22000162000427 246.2200005257489 246.2200001538355 246.2200000398405 246.22000000830167 246.22000000142552 246.22000001251925 246.22000005690936 246.22000021735442 246.220000740813 246.22000228094936 246.2200063627568 246.22001609257737 246.2200369104984 246.22007677982307 246.22014485278456 246.22024785210442 246.22038463228992 246.22054136078683 246.22069106041607 246.22080008019307 246.22084011617895 246.22080008019307 246.22069106041607 246.22054136078683 246.22038463228992 246.22024785210442 246.22014485278456 246.22007677982307 246.2200369104984 246.22001609257737 246.2200063627568 246.22000228094936 246.220000740813 246.22000021735442 246.22000005690936 246.22000001251925 246.22000000237654 246.22000001653794 246.22000007320298 246.2200002780149 246.22000094622226 246.22000291224305 246.2200081227675 246.2200205431153 246.22004711768759 246.22009801183057 246.220184908588 246.22031638967417 246.22049099284033 246.22069106050134 246.22088215564523 246.22102132198842 246.22107242887841 246.22102132198842 246.22088215564523 246.22069106050134 246.22049099284033 246.22031638967417 246.220184908588 246.22009801183057 246.22004711768759 246.2200205431153 246.2200081227675 246.22000291224305 246.22000094622226 246.2200002780149 246.22000007320298 246.22000001653794 246.22000000309228 246.22000001948774 246.2200000850921 246.2200003222145 246.22000109583612 246.22000337201015 246.2200094045305 246.2200237842731 246.22005455116596 246.22011347420815 246.22021407952352 246.22036630265046 246.2205684506605 246.2208000803636 246.22102132207368 246.22118244285952 246.22124161221103 246.22118244285952 246.22102132207368 246.2208000803636 246.2205684506605 246.22036630265046 246.22021407952352 246.22011347420815 246.22005455116596 246.2200237842731 246.2200094045305 246.22000337201015 246.22000109583612 246.2200003222145 246.2200000850921 246.22000001948774 246.2200000034091 246.22000002062498 246.22000008951215 246.22000033850014 246.22000115083367 246.22000354090713 246.22000987529393 246.22002497459687 246.22005728106072 246.22011915260367 246.2202247921949 246.22038463254572 246.2205968960138 246.22084011643474 246.22107242904895 246.2212416122963 246.22130374247382 246.2212416122963 246.22107242904895 246.22084011643474 246.2205968960138 246.22038463254572 246.2202247921949 246.22011915260367 246.22005728106072 246.22002497459687 246.22000987529393 246.22000354090713 246.22000115083367 246.22000033850014 246.22000008951215 246.22000002062498 246.22000000327702 246.22000001967248 246.22000008527684 246.22000032239924 246.22000109602087 246.2200033721949 246.22000940471523 246.22002378445785 246.2200545513507 246.2201134743929 246.22021407970826 246.2203663028352 246.22056845084524 246.22080008054834 246.22102132225842 246.22118244304426 246.22124161239577 246.22118244304426 246.22102132225842 246.22080008054834 246.22056845084524 246.2203663028352 246.22021407970826 246.2201134743929 246.2200545513507 246.22002378445785 246.22000940471523 246.2200033721949 246.22000109602087 246.22000032239924 246.22000008527684 246.22000001967248 246.2200000027318 246.2200000168932 246.22000007355825 246.22000027837018 246.22000094657753 246.22000291259832 246.22000812312277 246.22002054347058 246.22004711804286 246.22009801218584 246.22018490894328 246.22031639002944 246.2204909931956 246.2206910608566 246.2208821560005 246.2210213223437 246.2210724292337 246.2210213223437 246.2208821560005 246.2206910608566 246.2204909931956 246.22031639002944 246.22018490894328 246.22009801218584 246.22004711804286 246.22002054347058 246.22000812312277 246.22000291259832 246.22000094657753 246.22000027837018 246.22000007355825 246.2200000168932 246.22000000195132 246.22000001304505 246.22000005743516 246.22000021788023 246.2200007413388 246.22000228147516 246.2200063632826 246.22001609310317 246.2200369110242 246.22007678034888 246.22014485331036 246.22024785263022 246.22038463281572 246.22054136131263 246.22069106094187 246.22080008071887 246.22084011670475 246.22080008071887 246.22069106094187 246.22054136131263 246.22038463281572 246.22024785263022 246.22014485331036 246.22007678034888 246.2200369110242 246.22001609310317 246.2200063632826 246.22000228147516 246.2200007413388 246.22000021788023 246.22000005743516 246.22000001304505 246.2200000011302 246.2200000090122 246.22000004055104 246.22000015454606 246.22000052645944 246.2200016207148 246.2200045208084 246.22001143377304 246.22002622475 246.2200545516065 246.22010291693567 246.22017609718085 246.22027327847803 246.220384632901 246.22049099336613 246.22056845110103 246.22059689636907 246.22056845110103 246.22049099336613 246.220384632901 246.22027327847803 246.22017609718085 246.22010291693567 246.2200545516065 246.22002622475 246.22001143377304 246.2200045208084 246.2200016207148 246.22000052645944 246.22000015454606 246.22000004055104 246.2200000090122 246.22000000042442 246.2200000055035 246.22000002582678 246.22000009928388 246.22000033894068 246.2200010440665 246.2200029128541 246.22000736749058 246.22001689862935 246.2200351521363 246.2200663182091 246.22011347473395 246.22017609726612 246.22024785280075 246.22031639028523 246.22036630317626 246.22038463298625 246.22036630317626 246.22031639028523 246.22024785280075 246.22017609726612 246.22011347473395 246.2200663182091 246.2200351521363 246.22001689862935 246.22000736749058 246.2200029128541 246.2200010440665 246.22000033894068 246.22000009928388 246.22000002582678 246.2200000055035 246.21999999991402 246.22000000288241 246.22000001476005 246.22000005769095 246.22000019775484 246.22000060985516 246.22000170204043 246.22000430548675 246.22000987581973 246.22002054381164 246.2200387583615 246.22006631829436 246.2201029171062 246.22014485356615 246.22018490928434 246.22021408013458 246.2202247927207 246.22021408013458 246.22018490928434 246.22014485356615 246.2201029171062 246.22006631829436 246.2200387583615 246.22002054381164 246.22000987581973 246.22000430548675 246.22000170204043 246.22000060985516 246.22000019775484 246.22000005769095 246.22000001476005 246.22000000288241 246.21999999959138 246.2200000011648 246.22000000746067 246.22000003021662 246.22000010445885 246.22000032289662 246.22000090182001 246.220002281802 246.22000523441108 246.22001088908374 246.2200205438827 246.2200351522926 246.22005455184808 246.22007678067573 246.22009801259796 246.22011347489027 246.22011915320053 246.22011347489027 246.22009801259796 246.22007678067573 246.22005455184808 246.2200351522926 246.2200205438827 246.22001088908374 246.22000523441108 246.220002281802 246.22000090182001 246.22000032289662 246.22000010445885 246.22000003021662 246.22000000746067 246.2200000011648 246.2199999994461 246.2200000002025 246.2200000032292 246.22000001416896 246.2200000498604 246.2200001548729 246.22000043318644 246.2200010966035 246.22000251605047 246.22000523449634 246.22000987597605 246.22001689887094 246.22002622507685 246.22003691143632 246.22004711854024 246.22005455193334 246.22005728174284 246.22005455193334 246.22004711854024 246.22003691143632 246.22002622507685 246.22001689887094 246.22000987597605 246.22000523449634 246.22000251605047 246.2200010966035 246.22000043318644 246.2200001548729 246.2200000498604 246.22000001416896 246.2200000032292 246.2200000002025 246.21999999939675 246.21999999972655 246.22000000104623 246.22000000581613 246.22000002137815 246.2200000671652 246.22000018851415 246.22000047777408 246.22000109667457 246.22000228195833 246.22000430571413 246.22000736780322 246.22001143417094 246.22001609358634 246.22002054403902 246.22002378511155 246.22002497535004 246.22002378511155 246.22002054403902 246.22001609358634 246.22001143417094 246.22000736780322 246.22000430571413 246.22000228195833 246.22000109667457 246.22000047777408 246.22000018851415 246.2200000671652 246.22000002137815 246.22000000581613 246.22000000104623 246.21999999972655 246.21999999939732 246.21999999952774 246.2200000000496 246.22000000193586 246.22000000808984 246.22000002619626 246.22000007418353 246.220000188571 246.22000043331434 246.22000090203318 246.22000170232465 246.2200029132236 246.22000452126315 246.22000636382262 246.22000812374804 246.22000940542577 246.22000987610394 246.22000940542577 246.22000812374804 246.22000636382262 246.22000452126315 246.2200029132236 246.22000170232465 246.22000090203318 246.22000043331434 246.220000188571 246.22000007418353 246.22000002619626 246.22000000808984 246.22000000193586 246.2200000000496 246.21999999952774 246.21999999944475 246.21999999949153 246.21999999967872 246.22000000035524 246.2200000025624 246.22000000905638 246.22000002626731 246.22000006729309 246.22000015507186 246.22000032318084 246.22000061021043 246.22000104450703 246.2200016212406 246.22000228208623 246.22000291329465 246.2200033729765 246.2200035417882 246.2200033729765 246.22000291329465 246.22000228208623 246.2200016212406 246.22000104450703 246.22000061021043 246.22000032318084 246.22000015507186 246.22000006729309 246.22000002626731 246.22000000905638 246.2200000025624 246.22000000035524 246.21999999967872 246.21999999949153 246.2199999994927 246.2199999995079 246.2199999995688 246.21999999978885 246.22000000050681 246.22000000261923 246.22000000821774 246.2200000215629 246.2200000501162 246.2200001047999 246.22000019816696 246.22000033943806 246.2200005270421 246.2200007420067 246.2200009473307 246.2200010968593 246.22000115177158 246.2200010968593 246.2200009473307 246.2200007420067 246.2200005270421 246.22000033943806 246.22000019816696 246.2200001047999 246.2200000501162 246.2200000215629 246.22000000821774 246.22000000261923 246.22000000050681 246.21999999978885 246.2199999995688 246.2199999995079 246.21999999954653 246.21999999955102 246.21999999956898 246.2199999996339 246.2199999998457 246.22000000046893 246.2200000021206 246.22000000605772 246.2200000144816 246.22000003061453 246.2200000581599 246.2200000998381 246.22000015518555 246.22000021860498 246.2200002791802 246.22000032329453 246.2200003394949 246.22000032329453 246.2200002791802 246.22000021860498 246.22000015518555 246.2200000998381 246.2200000581599 246.22000003061453 246.2200000144816 246.22000000605772 246.2200000021206 246.22000000046893 246.2199999998457 246.2199999996339 246.21999999956898 246.21999999955102 246.21999999958823 246.21999999958942 246.21999999959422 246.21999999961162 246.2199999996683 246.21999999983504 246.22000000027697 246.22000000133045 246.22000000358446 246.2200000079012 246.22000001527164 246.22000002642363 246.22000004123316 246.22000005820254 246.2200000744109 246.22000008621475 246.22000009054955 246.22000008621475 246.2200000744109 246.22000005820254 246.22000004123316 246.22000002642363 246.22000001527164 246.2200000079012 246.22000000358446 246.22000000133045 246.22000000027697 246.21999999983504 246.2199999996683 246.21999999961162 246.21999999959422 246.21999999958942 246.2199999996306 246.2199999996309 246.21999999963205 246.2199999996363 246.21999999965 246.2199999996905 246.21999999979775 246.2200000000534 246.2200000006004 246.22000000164797 246.22000000343664 246.22000000614298 246.22000000973696 246.22000001385507 246.2200000177885 246.22000002065303 246.220000021705 246.22000002065303 246.2200000177885 246.22000001385507 246.22000000973696 246.22000000614298 246.22000000343664 246.22000000164797 246.2200000006004 246.2200000000534 246.21999999979775 246.2199999996905 246.21999999965 246.2199999996363 246.21999999963205 246.2199999996309 246.21999999788258 246.2199999978826 246.21999999788267 246.21999999788292 246.21999999788372 246.2199999978861 246.21999999789244 246.21999999790748 246.2199999979397 246.21999999800138 246.21999999810674 246.21999999826613 246.2199999984778 246.2199999987203 246.21999999895195 246.21999999912066 246.21999999918262 246.21999999912066 246.21999999895195 246.2199999987203 246.2199999984778 246.21999999826613 246.21999999810674 246.21999999800138 246.2199999979397 246.21999999790748 246.21999999789244 246.2199999978861 246.21999999788372 246.21999999788292 246.21999999788267 246.2199999978826 246.2199999978826 246.2199999978827 246.21999999788298 246.21999999788412 246.2199999978878 246.21999999789864 246.21999999792732 246.21999999799573 246.2199999981421 246.2199999984224 246.219999998901 246.21999999962514 246.2200000005868 246.2200000016887 246.2200000027412 246.22000000350766 246.22000000378915 246.22000000350766 246.2200000027412 246.2200000016887 246.2200000005868 246.21999999962514 246.219999998901 246.2199999984224 246.2199999981421 246.21999999799573 246.21999999792732 246.21999999789864 246.2199999978878 246.21999999788412 246.21999999788298 246.2199999978827 246.21999999789688 246.2199999978972 246.2199999978985 246.21999999790313 246.2199999979183 246.21999999796293 246.21999999808116 246.21999999836305 246.21999999896616 246.22000000012122 246.22000000209334 246.22000000507734 246.22000000903998 246.22000001358055 246.22000001791747 246.2200000210759 246.22000002223575 246.2200000210759 246.22000001791747 246.22000001358055 246.22000000903998 246.22000000507734 246.22000000209334 246.22000000012122 246.21999999896616 246.21999999836305 246.21999999808116 246.21999999796293 246.2199999979183 246.21999999790313 246.2199999978985 246.2199999978972 246.21999999791134 246.21999999791254 246.21999999791734 246.21999999793474 246.2199999979914 246.21999999815816 246.2199999986001 246.21999999965357 246.22000000190758 246.22000000622432 246.22000001359476 246.22000002474675 246.22000003955628 246.22000005652566 246.22000007273402 246.22000008453787 246.22000008887267 246.22000008453787 246.22000007273402 246.22000005652566 246.22000003955628 246.22000002474675 246.22000001359476 246.22000000622432 246.22000000190758 246.21999999965357 246.2199999986001 246.21999999815816 246.2199999979914 246.21999999793474 246.21999999791734 246.21999999791254 246.21999999794056 246.21999999794465 246.21999999796094 246.21999999801983 246.21999999821193 246.21999999877715 246.22000000027518 246.220000003846 246.2200000114861 246.22000002611804 246.2200000511006 246.2200000889011 246.22000013909903 246.22000019661797 246.2200002515573 246.22000029156726 246.22000030626037 246.22000029156726 246.2200002515573 246.22000019661797 246.22000013909903 246.2200000889011 246.2200000511006 246.22000002611804 246.2200000114861 246.220000003846 246.22000000027518 246.21999999877715 246.21999999821193 246.21999999801983 246.21999999796094 246.21999999794465 246.21999999798558 246.21999999799812 246.2199999980482 246.2199999982292 246.2199999988198 246.2200000005574 246.2200000051626 246.22000001614003 246.22000003962734 246.22000008460893 246.22000016141055 246.220000277617 246.2200004319359 246.22000060876093 246.22000077765586 246.22000090065472 246.22000094582435 246.22000090065472 246.22000077765586 246.22000060876093 246.2200004319359 246.220000277617 246.22000016141055 246.22000008460893 246.22000003962734 246.22000001614003 246.2200000051626 246.2200000005574 246.2199999988198 246.2199999982292 246.2199999980482 246.21999999799812 246.21999999803455 246.21999999806943 246.21999999820906 246.21999999871377 246.22000000036044 246.22000000520524 246.22000001804537 246.22000004865248 246.22000011413942 246.22000023955636 246.2200004536935 246.2200007776985 246.22000120796795 246.22000170098883 246.22000217189898 246.22000251484255 246.22000264078375 246.22000251484255 246.22000217189898 246.22000170098883 246.22000120796795 246.2200007776985 246.2200004536935 246.22000023955636 246.22000011413942 246.22000004865248 246.22000001804537 246.22000000520524 246.22000000036044 246.21999999871377 246.21999999820906 246.21999999806943 246.21999999809222 246.21999999818047 246.21999999853358 246.2199999998099 246.2200000039739 246.2200000162253 246.2200000486951 246.22000012609354 246.22000029169516 246.2200006088462 246.2200011503505 246.2200019696857 246.22000305773972 246.22000430447778 246.2200054953029 246.22000636252943 246.22000668100623 246.22000636252943 246.2200054953029 246.22000430447778 246.22000305773972 246.2200019696857 246.2200011503505 246.2200006088462 246.22000029169516 246.22000012609354 246.2200000486951 246.2200000162253 246.2200000039739 246.2199999998099 246.21999999853358 246.21999999818047 246.2199999981813 246.21999999838368 246.21999999919353 246.22000000212074 246.22000001167083 246.22000003976945 246.2200001142389 246.220000291752 246.220000671559 246.22000139894425 246.22000264088322 246.2200045200268 246.2200070154764 246.2200098748676 246.22001260602252 246.22001459500473 246.22001532543058 246.22001459500473 246.22001260602252 246.2200098748676 246.2200070154764 246.2200045200268 246.22000264088322 246.22000139894425 246.220000671559 246.220000291752 246.2200001142389 246.22000003976945 246.22000001167083 246.22000000212074 246.21999999919353 246.21999999838368 246.2199999982998 246.21999999872082 246.22000000040543 246.22000000649433 246.22000002635963 246.22000008480788 246.22000023971268 246.22000060895988 246.2200013990011 246.2200029120441 246.2200054954166 246.22000940424627 246.22001459506157 246.22002054291636 246.22002622402525 246.22003036133157 246.22003188069937 246.22003036133157 246.22002622402525 246.22002054291636 246.22001459506157 246.22000940424627 246.2200054954166 246.2200029120441 246.2200013990011 246.22000060895988 246.22000023971268 246.22000008480788 246.22000002635963 246.22000000649433 246.22000000040543 246.21999999872082 246.21999999847623 246.21999999927047 246.22000000244861 246.22000001393582 246.22000005141325 246.22000016168056 246.22000045392087 246.22000115053524 246.22000264101112 246.22000549548764 246.22001036922634 246.22001774354592 246.22002753643386 246.22003875753728 246.22004947540324 246.2200572807623 246.22006014717107 246.2200572807623 246.22004947540324 246.22003875753728 246.22002753643386 246.22001774354592 246.22001036922634 246.22000549548764 246.22000264101112 246.22000115053524 246.22000045392087 246.22000016168056 246.22000005141325 246.22000001393582 246.22000000244861 246.21999999927047 246.21999999870667 246.22000000006568 246.22000000550366 246.22000002515887 246.22000008928478 246.22000027795806 246.22000077799692 246.2200019699415 246.22000452022576 246.22000940438838 246.22001774361698 246.22003036147368 246.22004711763074 246.22006631754118 246.2200846563853 246.22009801177373 246.22010291635303 246.22009801177373 246.2200846563853 246.22006631754118 246.22004711763074 246.22003036147368 246.22001774361698 246.22000940438838 246.22000452022576 246.2200019699415 246.22000077799692 246.22000027795806 246.22000008928478 246.22000002515887 246.22000000550366 246.22000000006568 246.21999999898938 246.22000000109838 246.22000000953736 246.22000004003945 246.22000013955378 246.220000432348 246.22000120833744 246.22000305806657 246.2200070157464 246.22001459527473 246.22002753657597 246.2200471177018 246.22007312088346 246.22010291642408 246.22013137571182 246.22015210138238 246.22015971259455 246.22015210138238 246.22013137571182 246.22010291642408 246.22007312088346 246.2200471177018 246.22002753657597 246.22001459527473 246.2200070157464 246.22000305806657 246.22000120833744 246.220000432348 246.22000013955378 246.22000004003945 246.22000000953736 246.22000000109838 246.21999999931717 246.22000000228556 246.2200000141632 246.2200000570941 246.220000197158 246.2200006092583 246.22000170144358 246.2200043048899 246.22000987522287 246.2200205432148 246.22003875776466 246.2200663176975 246.22010291650935 246.2201448529693 246.2201849086875 246.22021407953773 246.22022479212384 246.22021407953773 246.2201849086875 246.2201448529693 246.22010291650935 246.2200663176975 246.22003875776466 246.2200205432148 246.22000987522287 246.2200043048899 246.22000170144358 246.2200006092583 246.220000197158 246.2200000570941 246.2200000141632 246.22000000228556 246.21999999961986 246.2200000034091 246.22000001857117 246.2200000733735 246.22000025216838 246.2200007782243 246.22000217242478 246.22000549578607 246.22001260644885 246.22002622439473 246.22004947570167 246.22008465661267 246.22013137586814 246.22018490875854 246.2202360408373 246.22027327812276 246.2202869529942 246.22027327812276 246.2202360408373 246.22018490875854 246.22013137586814 246.22008465661267 246.22004947570167 246.22002622439473 246.22001260644885 246.22000549578607 246.22000217242478 246.2200007782243 246.22000025216838 246.2200000733735 246.22000001857117 246.2200000034091 246.21999999987383 246.22000000426084 246.22000002181485 246.22000008526263 246.2200002922636 246.22000090130842 246.22000251545361 246.22000636309787 246.22001459551632 246.2200303617863 246.22005728114598 246.22009801208637 246.22015210162397 246.22021407969405 246.22027327820803 246.22031638992996 246.22033222210592 246.22031638992996 246.22027327820803 246.22021407969405 246.22015210162397 246.22009801208637 246.22005728114598 246.2200303617863 246.22001459551632 246.22000636309787 246.22000251545361 246.22000090130842 246.2200002922636 246.22000008526263 246.22000002181485 246.22000000426084 246.22000000000685 246.22000000461338 246.22000002304577 246.22000008966847 246.22000030702776 246.2200009465491 246.22000264146587 246.2200066816457 246.22001532601323 246.22003188122517 246.22006014762582 246.22010291673672 246.2201597129072 246.22022479235122 246.22028695315052 246.22033222217698 246.2203488465928 246.22033222217698 246.22028695315052 246.22022479235122 246.2201597129072 246.22010291673672 246.22006014762582 246.22003188122517 246.22001532601323 246.2200066816457 246.22000264146587 246.2200009465491 246.22000030702776 246.22000008966847 246.22000002304577 246.22000000461338 246.22000000003015 246.22000000441716 246.22000002197117 246.22000008541895 246.2200002924199 246.22000090146474 246.22000251560993 246.22000636325419 246.22001459567264 246.22003036194263 246.2200572813023 246.2200980122427 246.2201521017803 246.22021407985036 246.22027327836435 246.22031639008628 246.22033222226224 246.22031639008628 246.22027327836435 246.22021407985036 246.2201521017803 246.2200980122427 246.2200572813023 246.22003036194263 246.22001459567264 246.22000636325419 246.22000251560993 246.22000090146474 246.2200002924199 246.22000008541895 246.22000002197117 246.22000000441716 246.2199999999467 246.22000000373595 246.22000001889802 246.22000007370036 246.22000025249523 246.22000077855114 246.22000217275163 246.22000549611292 246.2200126067757 246.22002622472158 246.22004947602852 246.22008465693952 246.22013137619498 246.2201849090854 246.22023604116416 246.2202732784496 246.22028695332105 246.2202732784496 246.22023604116416 246.2201849090854 246.22013137619498 246.22008465693952 246.22004947602852 246.22002622472158 246.2200126067757 246.22000549611292 246.22000217275163 246.22000077855114 246.22000025249523 246.22000007370036 246.22000001889802 246.22000000373595 246.21999999978613 246.22000000275452 246.22000001463215 246.22000005756306 246.22000019762694 246.22000060972726 246.22000170191254 246.22000430535886 246.22000987569183 246.22002054368375 246.2200387582336 246.22006631816646 246.2201029169783 246.22014485343826 246.22018490915644 246.22021408000668 246.2202247925928 246.22021408000668 246.22018490915644 246.22014485343826 246.2201029169783 246.22006631816646 246.2200387582336 246.22002054368375 246.22000987569183 246.22000430535886 246.22000170191254 246.22000060972726 246.22000019762694 246.22000005756306 246.22000001463215 246.22000000275452 246.21999999962887 246.22000000173787 246.22000001017685 246.22000004067894 246.22000014019326 246.2200004329875 246.22000120897692 246.22000305870606 246.2200070163859 246.22001459591422 246.22002753721546 246.22004711834128 246.22007312152294 246.22010291706357 246.2201313763513 246.22015210202187 246.22015971323404 246.22015210202187 246.2201313763513 246.22010291706357 246.22007312152294 246.22004711834128 246.22002753721546 246.22001459591422 246.2200070163859 246.22000305870606 246.22000120897692 246.2200004329875 246.22000014019326 246.22000004067894 246.22000001017685 246.22000000173787 246.21999999948827 246.22000000084728 246.22000000628526 246.22000002594046 246.22000009006638 246.22000027873966 246.2200007787785 246.2200019707231 246.22000452100735 246.22000940516998 246.22001774439858 246.22003036225527 246.22004711841234 246.22006631832278 246.2200846571669 246.22009801255533 246.22010291713462 246.22009801255533 246.2200846571669 246.22006631832278 246.22004711841234 246.22003036225527 246.22001774439858 246.22000940516998 246.22000452100735 246.2200019707231 246.2200007787785 246.22000027873966 246.22000009006638 246.22000002594046 246.22000000628526 246.22000000084728 246.21999999939993 246.22000000019418 246.22000000337232 246.22000001485952 246.22000005233696 246.22000016260426 246.22000045484458 246.22000115145894 246.22000264193483 246.22000549641135 246.22001037015005 246.22001774446963 246.22002753735757 246.220038758461 246.22004947632695 246.220057281686 246.22006014809477 246.220057281686 246.22004947632695 246.220038758461 246.22002753735757 246.22001774446963 246.22001037015005 246.22000549641135 246.22000264193483 246.22000115145894 246.22000045484458 246.22000016260426 246.22000005233696 246.22000001485952 246.22000000337232 246.22000000019418 246.21999999936563 246.21999999978664 246.22000000147125 246.22000000756015 246.22000002742544 246.2200000858737 246.2200002407785 246.2200006100257 246.2200014000669 246.2200029131099 246.2200054964824 246.22000940531208 246.22001459612738 246.22002054398217 246.22002622509106 246.22003036239738 246.22003188176518 246.22003036239738 246.22002622509106 246.22002054398217 246.22001459612738 246.22000940531208 246.2200054964824 246.2200029131099 246.2200014000669 246.2200006100257 246.2200002407785 246.2200000858737 246.22000002742544 246.22000000756015 246.22000000147125 246.21999999978664 246.219999999375 246.2199999995774 246.22000000038724 246.22000000331445 246.22000001286455 246.22000004096316 246.2200001154326 246.2200002929457 246.22000067275272 246.22000140013796 246.22000264207693 246.22000452122052 246.2200070166701 246.2200098760613 246.22001260721623 246.22001459619844 246.2200153266243 246.22001459619844 246.22001260721623 246.2200098760613 246.2200070166701 246.22000452122052 246.22000264207693 246.22000140013796 246.22000067275272 246.2200002929457 246.2200001154326 246.22000004096316 246.22000001286455 246.22000000331445 246.22000000038724 246.2199999995774 246.21999999939962 246.21999999948787 246.21999999984098 246.22000000111728 246.2200000052813 246.2200000175327 246.2200000500025 246.22000012740094 246.22000029300256 246.2200006101536 246.2200011516579 246.2200019709931 246.22000305904712 246.22000430578518 246.2200054966103 246.22000636383683 246.22000668231362 246.22000636383683 246.2200054966103 246.22000430578518 246.22000305904712 246.2200019709931 246.2200011516579 246.2200006101536 246.22000029300256 246.22000012740094 246.2200000500025 246.2200000175327 246.2200000052813 246.22000000111728 246.21999999984098 246.21999999948787 246.21999999944143 246.2199999994763 246.21999999961594 246.22000000012065 246.22000000176732 246.2200000066121 246.22000001945224 246.22000005005935 246.2200001155463 246.22000024096323 246.22000045510038 246.22000077910536 246.22000120937483 246.2200017023957 246.22000217330586 246.22000251624942 246.22000264219062 246.22000251624942 246.22000217330586 246.2200017023957 246.22000120937483 246.22000077910536 246.22000045510038 246.22000024096323 246.2200001155463 246.22000005005935 246.22000001945224 246.2200000066121 246.22000000176732 246.22000000012065 246.21999999961594 246.2199999994763 246.21999999949193 246.21999999950447 246.21999999955455 246.21999999973556 246.22000000032614 246.22000000206376 246.22000000666895 246.22000001764638 246.2200000411337 246.22000008611528 246.2200001629169 246.22000027912335 246.22000043344224 246.22000061026728 246.2200007791622 246.22000090216108 246.2200009473307 246.22000090216108 246.2200007791622 246.22000061026728 246.22000043344224 246.22000027912335 246.2200001629169 246.22000008611528 246.2200000411337 246.22000001764638 246.22000000666895 246.22000000206376 246.22000000032614 246.21999999973556 246.21999999955455 246.21999999950447 246.2199999995464 246.21999999955048 246.21999999956677 246.21999999962566 246.21999999981776 246.22000000038298 246.220000001881 246.22000000545182 246.22000001309192 246.22000002772387 246.22000005270644 246.22000009050691 246.22000014070485 246.2200001982238 246.22000025316314 246.2200002931731 246.2200003078662 246.2200002931731 246.22000025316314 246.2200001982238 246.22000014070485 246.22000009050691 246.22000005270644 246.22000002772387 246.22000001309192 246.22000000545182 246.220000001881 246.22000000038298 246.21999999981776 246.21999999962566 246.21999999956677 246.21999999955048 246.21999999958823 246.21999999958942 246.21999999959422 246.21999999961162 246.2199999996683 246.21999999983504 246.22000000027697 246.22000000133045 246.22000000358446 246.2200000079012 246.22000001527164 246.22000002642363 246.22000004123316 246.22000005820254 246.2200000744109 246.22000008621475 246.22000009054955 246.22000008621475 246.2200000744109 246.22000005820254 246.22000004123316 246.22000002642363 246.22000001527164 246.2200000079012 246.22000000358446 246.22000000133045 246.22000000027697 246.21999999983504 246.2199999996683 246.21999999961162 246.21999999959422 246.21999999958942 246.2199999996306 246.21999999963091 246.21999999963222 246.21999999963685 246.21999999965203 246.21999999969665 246.2199999998149 246.22000000009677 246.22000000069988 246.22000000185494 246.22000000382707 246.22000000681106 246.2200000107737 246.22000001531427 246.2200000196512 246.22000002280961 246.22000002396948 246.22000002280961 246.2200000196512 246.22000001531427 246.2200000107737 246.22000000681106 246.22000000382707 246.22000000185494 246.22000000069988 246.22000000009677 246.2199999998149 246.21999999969665 246.21999999965203 246.21999999963685 246.21999999963222 246.21999999963091 246.21999999967318 246.21999999967326 246.21999999967355 246.21999999967468 246.21999999967838 246.2199999996892 246.21999999971788 246.2199999997863 246.21999999993267 246.22000000021296 246.22000000069156 246.2200000014157 246.22000000237736 246.22000000347927 246.22000000453176 246.22000000529823 246.22000000557972 246.22000000529823 246.22000000453176 246.22000000347927 246.22000000237736 246.2200000014157 246.22000000069156 246.22000000021296 246.21999999993267 246.2199999997863 246.21999999971788 246.2199999996892 246.21999999967838 246.21999999967468 246.21999999967355 246.21999999967326 246.21999999810996 246.21999999810996 246.21999999810998 246.21999999811004 246.21999999811024 246.2199999981108 246.21999999811234 246.219999998116 246.21999999812382 246.2199999981388 246.21999999816435 246.21999999820304 246.2199999982544 246.21999999831326 246.21999999836947 246.2199999984104 246.21999999842544 246.2199999984104 246.21999999836947 246.21999999831326 246.2199999982544 246.21999999820304 246.21999999816435 246.2199999981388 246.21999999812382 246.219999998116 246.21999999811234 246.2199999981108 246.21999999811024 246.21999999811004 246.21999999810998 246.21999999810996 246.21999999812417 246.2199999981242 246.21999999812428 246.21999999812454 246.21999999812545 246.21999999812806 246.21999999813502 246.21999999815162 246.21999999818715 246.21999999825516 246.21999999837132 246.21999999854705 246.21999999878042 246.21999999904784 246.21999999930324 246.21999999948926 246.21999999955756 246.21999999948926 246.21999999930324 246.21999999904784 246.21999999878042 246.21999999854705 246.21999999837132 246.21999999825516 246.21999999818715 246.21999999815162 246.21999999813502 246.21999999812806 246.21999999812545 246.21999999812454 246.21999999812428 246.2199999981242 246.2199999981242 246.21999999812428 246.21999999812456 246.2199999981257 246.2199999981294 246.21999999814022 246.2199999981689 246.2199999982373 246.21999999838368 246.21999999866398 246.21999999914257 246.21999999986673 246.22000000082838 246.2200000019303 246.22000000298277 246.22000000374925 246.22000000403074 246.22000000374925 246.22000000298277 246.2200000019303 246.22000000082838 246.21999999986673 246.21999999914257 246.21999999866398 246.21999999838368 246.2199999982373 246.2199999981689 246.21999999814022 246.2199999981294 246.2199999981257 246.21999999812456 246.21999999812428 246.21999999815267 246.21999999815296 246.21999999815412 246.21999999815836 246.21999999817209 246.21999999821256 246.21999999831982 246.21999999857547 246.21999999912248 246.22000000017005 246.2200000019587 246.22000000466505 246.22000000825903 246.22000001237714 246.22000001631056 246.2200000191751 246.22000002022708 246.2200000191751 246.22000001631056 246.22000001237714 246.22000000825903 246.22000000466505 246.2200000019587 246.22000000017005 246.21999999912248 246.21999999857547 246.21999999831982 246.21999999821256 246.21999999817209 246.21999999815836 246.21999999815412 246.21999999815296 246.21999999816708 246.21999999816808 246.21999999817203 246.2199999981863 246.21999999823294 246.2199999983701 246.21999999873364 246.2199999996002 246.22000000145428 246.22000000500515 246.2200000110679 246.2200000202413 246.2200000324233 246.2200000463819 246.22000005971455 246.22000006942412 246.22000007298982 246.22000006942412 246.22000005971455 246.2200000463819 246.2200000324233 246.2200000202413 246.2200000110679 246.22000000500515 246.22000000145428 246.2199999996002 246.21999999873364 246.2199999983701 246.21999999823294 246.2199999981863 246.21999999817203 246.21999999816808 246.21999999821028 246.21999999821332 246.2199999982255 246.2199999982694 246.21999999841273 246.21999999883442 246.219999999952 246.220000002616 246.22000000831588 246.22000001923195 246.2200000378701 246.22000006607095 246.22000010352093 246.22000014643265 246.2200001874199 246.22000021726916 246.22000022823087 246.22000021726916 246.2200001874199 246.22000014643265 246.22000010352093 246.22000006607095 246.2200000378701 246.22000001923195 246.22000000831588 246.220000002616 246.219999999952 246.21999999883442 246.21999999841273 246.2199999982694 246.2199999982255 246.21999999821332 246.21999999824024 246.2199999982487 246.2199999982826 246.2199999984051 246.2199999988047 246.21999999998042 246.22000000309646 246.22000001052416 246.22000002641647 246.2200000568525 246.2200001088191 246.22000018744833 246.2200002918657 246.2200004115115 246.22000052579153 246.22000060901672 246.22000063958004 246.22000060901672 246.22000052579153 246.2200004115115 246.2200002918657 246.22000018744833 246.2200001088191 246.2200000568525 246.22000002641647 246.22000001052416 246.22000000309646 246.21999999998042 246.2199999988047 246.2199999984051 246.2199999982826 246.2199999982487 246.21999999830075 246.21999999832215 246.21999999840784 246.21999999871758 246.2199999997281 246.22000000270125 246.220000010581 246.22000002936397 246.22000006955201 246.22000014651792 246.22000027792964 246.2200004767651 246.220000740813 246.22000104337016 246.22000133235844 246.2200015428161 246.22000162010374 246.2200015428161 246.22000133235844 246.22000104337016 246.220000740813 246.2200004767651 246.22000027792964 246.22000014651792 246.22000006955201 246.22000002936397 246.220000010581 246.22000000270125 246.2199999997281 246.21999999871758 246.21999999840784 246.21999999832215 246.2199999983512 246.2199999984003 246.21999999859685 246.21999999930722 246.2200000016248 246.22000000844378 246.22000002651595 246.22000006959465 246.22000016176582 246.22000033828698 246.2200006396795 246.22000109570823 246.22000170130147 246.22000239521572 246.22000305800972 246.22000354069397 246.22000371795298 246.22000354069397 246.22000305800972 246.22000239521572 246.22000170130147 246.22000109570823 246.2200006396795 246.22000033828698 246.22000016176582 246.22000006959465 246.22000002651595 246.22000000844378 246.2200000016248 246.21999999930722 246.21999999859685 246.2199999984003 246.21999999842302 246.21999999852517 246.219999998934 246.22000000041163 246.22000000523252 246.2200000194167 246.22000005700883 246.2200001466174 246.22000033834382 246.2200007055276 246.2200013324579 246.22000228104883 246.2200035407508 246.22000498417034 246.22000636285628 246.22000736689373 246.2200077356124 246.22000736689373 246.22000636285628 246.22000498417034 246.2200035407508 246.22000228104883 246.2200013324579 246.2200007055276 246.22000033834382 246.2200001466174 246.22000005700883 246.2200000194167 246.22000000523252 246.22000000041163 246.219999998934 246.21999999852517 246.21999999850541 246.21999999869817 246.21999999946942 246.22000000225714 246.2200000113521 246.2200000381117 246.22000010903227 246.22000027808596 246.2200006397932 246.22000133251476 246.22000251526887 246.22000430486148 246.22000668138992 246.22000940451628 246.22001200551745 246.2200138997143 246.22001459533158 246.2200138997143 246.22001200551745 246.22000940451628 246.22000668138992 246.22000430486148 246.22000251526887 246.22000133251476 246.2200006397932 246.22000027808596 246.22000010903227 246.2200000381117 246.2200000113521 246.22000000225714 246.21999999946942 246.21999999869817 246.21999999860094 246.21999999893075 246.22000000025042 246.22000000502032 246.22000002058235 246.22000006636938 246.22000018771834 246.22000047697827 246.22000109587876 246.22000228116252 246.22000430491832 246.2200073670074 246.22001143337513 246.22001609279053 246.2200205432432 246.22002378431574 246.22002497455424 246.22002378431574 246.2200205432432 246.22001609279053 246.22001143337513 246.2200073670074 246.22000430491832 246.22000228116252 246.22000109587876 246.22000047697827 246.22000018771834 246.22000006636938 246.22000002058235 246.22000000502032 246.22000000025042 246.21999999893075 246.21999999872335 246.21999999923517 246.22000000128313 246.22000000868536 246.2200000328354 246.2200001038904 246.22000029220675 246.2200007410972 246.22000170154305 246.22000354093555 246.22000668151782 246.2200114334462 246.22001774387277 246.2200249746253 246.22003188109727 246.22003691078262 246.22003875786413 246.22003691078262 246.22003188109727 246.2200249746253 246.22001774387277 246.2200114334462 246.22000668151782 246.22000354093555 246.22000170154305 246.2200007410972 246.22000029220675 246.2200001038904 246.2200000328354 246.22000000868536 246.22000000128313 246.21999999923517 246.21999999885327 246.21999999957364 246.2200000024561 246.22000001287452 246.22000004686507 246.2200001468732 246.22000041192362 246.22000104372543 246.22000239552835 246.22000498442614 246.22000940471523 246.22001609293264 246.22002497469634 246.22003515179523 246.22004487247756 246.22005195163084 246.2200545513507 246.22005195163084 246.22004487247756 246.22003515179523 246.22002497469634 246.22001609293264 246.22000940471523 246.22000498442614 246.22000239552835 246.22000104372543 246.22000041192362 246.2200001468732 246.22000004686507 246.22000001287452 246.2200000024561 246.21999999957364 246.21999999898054 246.2199999999001 246.22000000357963 246.220000016879 246.22000006026877 246.2200001879315 246.2200005262747 246.22000133278476 246.22000305839342 246.22000636318313 246.22001200578745 246.22002054345637 246.22003188123938 246.2200448725486 246.22005728123125 246.2200663179391 246.22006963654346 246.2200663179391 246.22005728123125 246.2200448725486 246.22003188123938 246.22002054345637 246.22001200578745 246.22000636318313 246.22000305839342 246.22000133278476 246.2200005262747 246.2200001879315 246.22000006026877 246.220000016879 246.22000000357963 246.2199999999001 246.21999999909252 246.22000000015717 246.22000000441716 246.2200000198146 246.2200000700494 246.2200002178518 246.22000060957095 246.2200015433135 246.2200035411487 246.22000736729163 246.22001390005536 246.22002378459996 246.2200369109958 246.22005195177294 246.22006631801014 246.22007678032045 246.22008062245737 246.22007678032045 246.22006631801014 246.22005195177294 246.2200369109958 246.22002378459996 246.22001390005536 246.22000736729163 246.2200035411487 246.2200015433135 246.22000060957095 246.2200002178518 246.2200000700494 246.2200000198146 246.22000000441716 246.22000000015717 246.2199999991786 246.22000000029652 246.2200000047697 246.22000002093762 246.22000007368615 246.22000022888457 246.2200006402053 246.22000162067218 246.22000371847878 246.22000773608136 246.2200145957437 246.2200249749095 246.22003875814835 246.22005455156386 246.22006963668557 246.22008062252843 246.2200846569253 246.22008062252843 246.22006963668557 246.22005455156386 246.22003875814835 246.2200249749095 246.2200145957437 246.22000773608136 246.22000371847878 246.22000162067218 246.2200006402053 246.22000022888457 246.22000007368615 246.22000002093762 246.2200000047697 246.22000000029652 246.21999999923463 246.22000000029928 246.22000000455927 246.2200000199567 246.2200000701915 246.2200002179939 246.22000060971305 246.2200015434556 246.22000354129082 246.22000736743374 246.22001390019747 246.22002378474207 246.2200369111379 246.22005195191505 246.22006631815225 246.22007678046256 246.22008062259948 246.22007678046256 246.22006631815225 246.22005195191505 246.2200369111379 246.22002378474207 246.22001390019747 246.22000736743374 246.22000354129082 246.2200015434556 246.22000060971305 246.2200002179939 246.2200000701915 246.2200000199567 246.22000000455927 246.22000000029928 246.21999999926476 246.2200000001843 246.22000000386384 246.22000001716322 246.220000060553 246.22000018821572 246.22000052655892 246.22000133306898 246.22000305867763 246.22000636346735 246.22001200607167 246.2200205437406 246.2200318815236 246.22004487283283 246.22005728151547 246.2200663182233 246.22006963682767 246.2200663182233 246.22005728151547 246.22004487283283 246.2200318815236 246.2200205437406 246.22001200607167 246.22000636346735 246.22000305867763 246.22000133306898 246.22000052655892 246.22000018821572 246.220000060553 246.22000001716322 246.22000000386384 246.2200000001843 246.21999999926538 246.21999999998576 246.2200000028682 246.22000001328664 246.22000004727718 246.2200001472853 246.22000041233574 246.22000104413755 246.22000239594047 246.22000498483825 246.22000940512734 246.22001609334475 246.22002497510846 246.22003515220734 246.22004487288967 246.22005195204295 246.22005455176281 246.22005195204295 246.22004487288967 246.22003515220734 246.22002497510846 246.22001609334475 246.22000940512734 246.22000498483825 246.22000239594047 246.22000104413755 246.22000041233574 246.2200001472853 246.22000004727718 246.22000001328664 246.2200000028682 246.21999999998576 246.21999999927758 246.2199999997894 246.22000000183735 246.22000000923958 246.22000003338962 246.22000010444464 246.22000029276097 246.22000074165143 246.22000170209728 246.22000354148977 246.22000668207204 246.2200114340004 246.220017744427 246.2200249751795 246.2200318816515 246.22003691133685 246.22003875841835 246.22003691133685 246.2200318816515 246.2200249751795 246.220017744427 246.2200114340004 246.22000668207204 246.22000354148977 246.22000170209728 246.22000074165143 246.22000029276097 246.22000010444464 246.22000003338962 246.22000000923958 246.22000000183735 246.2199999997894 246.21999999929727 246.21999999962708 246.22000000094675 246.22000000571666 246.22000002127868 246.2200000670657 246.22000018841467 246.2200004776746 246.2200010965751 246.22000228185885 246.22000430561465 246.22000736770374 246.22001143407147 246.22001609348686 246.22002054393954 246.22002378501207 246.22002497525057 246.22002378501207 246.22002054393954 246.22001609348686 246.22001143407147 246.22000736770374 246.22000430561465 246.22000228185885 246.2200010965751 246.2200004776746 246.22000018841467 246.2200000670657 246.22000002127868 246.22000000571666 246.22000000094675 246.21999999962708 246.21999999931543 246.2199999995082 246.22000000027944 246.22000000306716 246.22000001216213 246.2200000389217 246.2200001098423 246.22000027889598 246.22000064060322 246.22000133332477 246.2200025160789 246.2200043056715 246.22000668219994 246.2200094053263 246.22001200632747 246.22001390052432 246.2200145961416 246.22001390052432 246.22001200632747 246.2200094053263 246.22000668219994 246.2200043056715 246.2200025160789 246.22000133332477 246.22000064060322 246.22000027889598 246.2200001098423 246.2200000389217 246.22000001216213 246.22000000306716 246.22000000027944 246.2199999995082 246.21999999936094 246.21999999946308 246.2199999998719 246.22000000134955 246.22000000617044 246.2200000203546 246.22000005794675 246.2200001475553 246.22000033928174 246.22000070646553 246.22000133339583 246.22000228198675 246.22000354168873 246.22000498510826 246.2200063637942 246.22000736783164 246.22000773655031 246.22000736783164 246.2200063637942 246.22000498510826 246.22000354168873 246.22000228198675 246.22000133339583 246.22000070646553 246.22000033928174 246.2200001475553 246.22000005794675 246.2200000203546 246.22000000617044 246.22000000134955 246.2199999998719 246.21999999946308 246.2199999994028 246.21999999945191 246.21999999964845 246.22000000035882 246.22000000267641 246.22000000949538 246.22000002756755 246.22000007064625 246.22000016281743 246.22000033933858 246.22000064073112 246.22000109675983 246.22000170235307 246.22000239626732 246.22000305906133 246.22000354174557 246.22000371900458 246.22000354174557 246.22000305906133 246.22000239626732 246.22000170235307 246.22000109675983 246.22000064073112 246.22000033933858 246.22000016281743 246.22000007064625 246.22000002756755 246.22000000949538 246.22000000267641 246.22000000035882 246.21999999964845 246.21999999945191 246.21999999945183 246.21999999947323 246.21999999955892 246.21999999986866 246.22000000087917 246.22000000385233 246.22000001173208 246.22000003051505 246.2200000707031 246.220000147669 246.22000027908072 246.2200004779162 246.22000074196407 246.22000104452124 246.22000133350952 246.2200015439672 246.22000162125482 246.2200015439672 246.22000133350952 246.22000104452124 246.22000074196407 246.2200004779162 246.22000027908072 246.220000147669 246.2200000707031 246.22000003051505 246.22000001173208 246.22000000385233 246.22000000087917 246.21999999986866 246.21999999955892 246.21999999947323 246.219999999505 246.21999999951348 246.21999999954735 246.21999999966985 246.22000000006946 246.22000000124518 246.22000000436122 246.22000001178893 246.22000002768124 246.22000005811728 246.22000011008387 246.2200001887131 246.22000029313045 246.22000041277627 246.2200005270563 246.2200006102815 246.2200006408448 246.2200006102815 246.2200005270563 246.22000041277627 246.22000029313045 246.2200001887131 246.22000011008387 246.22000005811728 246.22000002768124 246.22000001178893 246.22000000436122 246.22000000124518 246.22000000006946 246.21999999966985 246.21999999954735 246.21999999951348 246.2199999995461 246.21999999954915 246.2199999995613 246.21999999960522 246.21999999974855 246.22000000017024 246.22000000128781 246.2200000039518 246.2200000096517 246.22000002056777 246.22000003920593 246.22000006740677 246.22000010485675 246.22000014776847 246.22000018875573 246.22000021860498 246.2200002295667 246.22000021860498 246.22000018875573 246.22000014776847 246.22000010485675 246.22000006740677 246.22000003920593 246.22000002056777 246.2200000096517 246.2200000039518 246.22000000128781 246.22000000017024 246.21999999974855 246.21999999960522 246.2199999995613 246.21999999954915 246.21999999958817 246.21999999958916 246.2199999995931 246.21999999960738 246.21999999965402 246.21999999979118 246.22000000015473 246.22000000102128 246.22000000287537 246.22000000642623 246.22000001248898 246.22000002166237 246.22000003384437 246.22000004780298 246.22000006113564 246.2200000708452 246.2200000744109 246.2200000708452 246.22000006113564 246.22000004780298 246.22000003384437 246.22000002166237 246.22000001248898 246.22000000642623 246.22000000287537 246.22000000102128 246.22000000015473 246.21999999979118 246.21999999965402 246.21999999960738 246.2199999995931 246.21999999958916 246.2199999996306 246.2199999996309 246.21999999963205 246.2199999996363 246.21999999965 246.2199999996905 246.21999999979775 246.2200000000534 246.2200000006004 246.22000000164797 246.22000000343664 246.22000000614298 246.22000000973696 246.22000001385507 246.2200000177885 246.22000002065303 246.220000021705 246.22000002065303 246.2200000177885 246.22000001385507 246.22000000973696 246.22000000614298 246.22000000343664 246.22000000164797 246.2200000006004 246.2200000000534 246.21999999979775 246.2199999996905 246.21999999965 246.2199999996363 246.21999999963205 246.2199999996309 246.21999999967318 246.21999999967326 246.21999999967355 246.21999999967468 246.21999999967838 246.2199999996892 246.21999999971788 246.2199999997863 246.21999999993267 246.22000000021296 246.22000000069156 246.2200000014157 246.22000000237736 246.22000000347927 246.22000000453176 246.22000000529823 246.22000000557972 246.22000000529823 246.22000000453176 246.22000000347927 246.22000000237736 246.2200000014157 246.22000000069156 246.22000000021296 246.21999999993267 246.2199999997863 246.21999999971788 246.2199999996892 246.21999999967838 246.21999999967468 246.21999999967355 246.21999999967326 246.21999999971578 246.2199999997158 246.2199999997159 246.21999999971615 246.21999999971706 246.21999999971968 246.21999999972664 246.21999999974324 246.21999999977876 246.21999999984678 246.21999999996294 246.22000000013867 246.22000000037204 246.22000000063946 246.22000000089486 246.22000000108088 246.22000000114917 246.22000000108088 246.22000000089486 246.22000000063946 246.22000000037204 246.22000000013867 246.21999999996294 246.21999999984678 246.21999999977876 246.21999999974324 246.21999999972664 246.21999999971968 246.21999999971706 246.21999999971615 246.2199999997159 246.2199999997158

CELL_DATA 0

